ISO-10303-21;
HEADER;
/* Generated by software containing ST-Developer
 * from STEP Tools, Inc. (www.steptools.com) 
 */

FILE_DESCRIPTION(
/* description */ (''),
/* implementation_level */ '2;1');

FILE_NAME(
/* name */ 'Body 2 of macropad v2.step',
/* time_stamp */ '2026-04-26T17:04:18+10:00',
/* author */ (''),
/* organization */ (''),
/* preprocessor_version */ 'ST-DEVELOPER v20.1',
/* originating_system */ 'Autodesk Translation Framework v15.8.0.0',
/* authorisation */ '');

FILE_SCHEMA (('AUTOMOTIVE_DESIGN { 1 0 10303 214 3 1 1 }'));
ENDSEC;

DATA;
#10=MECHANICAL_DESIGN_GEOMETRIC_PRESENTATION_REPRESENTATION('',(#13),#3323);
#11=SHAPE_REPRESENTATION_RELATIONSHIP('SRR','None',#3329,#12);
#12=ADVANCED_BREP_SHAPE_REPRESENTATION('',(#14),#3322);
#13=STYLED_ITEM('',(#3338),#14);
#14=MANIFOLD_SOLID_BREP('Body7',#1947);
#15=ELLIPSE('',#2078,28.2842712474619,20.);
#16=ELLIPSE('',#2105,5.65685424949236,4.);
#17=ELLIPSE('',#2113,5.65685424949238,4.);
#18=FACE_BOUND('',#180,.T.);
#19=FACE_BOUND('',#181,.T.);
#20=FACE_BOUND('',#182,.T.);
#21=FACE_BOUND('',#188,.T.);
#22=FACE_BOUND('',#189,.T.);
#23=FACE_BOUND('',#190,.T.);
#24=FACE_BOUND('',#191,.T.);
#25=FACE_BOUND('',#192,.T.);
#26=FACE_BOUND('',#193,.T.);
#27=FACE_BOUND('',#200,.T.);
#28=FACE_BOUND('',#201,.T.);
#29=FACE_BOUND('',#202,.T.);
#30=FACE_BOUND('',#203,.T.);
#31=FACE_BOUND('',#204,.T.);
#32=FACE_BOUND('',#205,.T.);
#33=FACE_BOUND('',#222,.T.);
#34=FACE_BOUND('',#223,.T.);
#35=FACE_BOUND('',#224,.T.);
#36=PLANE('',#1951);
#37=PLANE('',#1966);
#38=PLANE('',#1972);
#39=PLANE('',#1973);
#40=PLANE('',#2018);
#41=PLANE('',#2049);
#42=PLANE('',#2052);
#43=PLANE('',#2054);
#44=PLANE('',#2056);
#45=PLANE('',#2057);
#46=PLANE('',#2058);
#47=PLANE('',#2060);
#48=PLANE('',#2063);
#49=PLANE('',#2066);
#50=PLANE('',#2080);
#51=PLANE('',#2081);
#52=PLANE('',#2084);
#53=PLANE('',#2087);
#54=PLANE('',#2089);
#55=PLANE('',#2092);
#56=PLANE('',#2095);
#57=PLANE('',#2097);
#58=PLANE('',#2099);
#59=PLANE('',#2100);
#60=PLANE('',#2101);
#61=PLANE('',#2102);
#62=PLANE('',#2103);
#63=PLANE('',#2108);
#64=PLANE('',#2111);
#65=PLANE('',#2114);
#66=PLANE('',#2117);
#67=PLANE('',#2119);
#68=PLANE('',#2122);
#69=PLANE('',#2124);
#70=PLANE('',#2126);
#71=PLANE('',#2128);
#72=PLANE('',#2130);
#73=PLANE('',#2132);
#74=PLANE('',#2134);
#75=PLANE('',#2136);
#76=PLANE('',#2138);
#77=PLANE('',#2140);
#78=PLANE('',#2142);
#79=PLANE('',#2144);
#80=PLANE('',#2146);
#81=FACE_OUTER_BOUND('',#178,.T.);
#82=FACE_OUTER_BOUND('',#179,.T.);
#83=FACE_OUTER_BOUND('',#183,.T.);
#84=FACE_OUTER_BOUND('',#184,.T.);
#85=FACE_OUTER_BOUND('',#185,.T.);
#86=FACE_OUTER_BOUND('',#186,.T.);
#87=FACE_OUTER_BOUND('',#187,.T.);
#88=FACE_OUTER_BOUND('',#194,.T.);
#89=FACE_OUTER_BOUND('',#195,.T.);
#90=FACE_OUTER_BOUND('',#196,.T.);
#91=FACE_OUTER_BOUND('',#197,.T.);
#92=FACE_OUTER_BOUND('',#198,.T.);
#93=FACE_OUTER_BOUND('',#199,.T.);
#94=FACE_OUTER_BOUND('',#206,.T.);
#95=FACE_OUTER_BOUND('',#207,.T.);
#96=FACE_OUTER_BOUND('',#208,.T.);
#97=FACE_OUTER_BOUND('',#209,.T.);
#98=FACE_OUTER_BOUND('',#210,.T.);
#99=FACE_OUTER_BOUND('',#211,.T.);
#100=FACE_OUTER_BOUND('',#212,.T.);
#101=FACE_OUTER_BOUND('',#213,.T.);
#102=FACE_OUTER_BOUND('',#214,.T.);
#103=FACE_OUTER_BOUND('',#215,.T.);
#104=FACE_OUTER_BOUND('',#216,.T.);
#105=FACE_OUTER_BOUND('',#217,.T.);
#106=FACE_OUTER_BOUND('',#218,.T.);
#107=FACE_OUTER_BOUND('',#219,.T.);
#108=FACE_OUTER_BOUND('',#220,.T.);
#109=FACE_OUTER_BOUND('',#221,.T.);
#110=FACE_OUTER_BOUND('',#225,.T.);
#111=FACE_OUTER_BOUND('',#226,.T.);
#112=FACE_OUTER_BOUND('',#227,.T.);
#113=FACE_OUTER_BOUND('',#228,.T.);
#114=FACE_OUTER_BOUND('',#229,.T.);
#115=FACE_OUTER_BOUND('',#230,.T.);
#116=FACE_OUTER_BOUND('',#231,.T.);
#117=FACE_OUTER_BOUND('',#232,.T.);
#118=FACE_OUTER_BOUND('',#233,.T.);
#119=FACE_OUTER_BOUND('',#234,.T.);
#120=FACE_OUTER_BOUND('',#235,.T.);
#121=FACE_OUTER_BOUND('',#236,.T.);
#122=FACE_OUTER_BOUND('',#237,.T.);
#123=FACE_OUTER_BOUND('',#238,.T.);
#124=FACE_OUTER_BOUND('',#239,.T.);
#125=FACE_OUTER_BOUND('',#240,.T.);
#126=FACE_OUTER_BOUND('',#241,.T.);
#127=FACE_OUTER_BOUND('',#242,.T.);
#128=FACE_OUTER_BOUND('',#243,.T.);
#129=FACE_OUTER_BOUND('',#244,.T.);
#130=FACE_OUTER_BOUND('',#245,.T.);
#131=FACE_OUTER_BOUND('',#246,.T.);
#132=FACE_OUTER_BOUND('',#247,.T.);
#133=FACE_OUTER_BOUND('',#248,.T.);
#134=FACE_OUTER_BOUND('',#249,.T.);
#135=FACE_OUTER_BOUND('',#250,.T.);
#136=FACE_OUTER_BOUND('',#251,.T.);
#137=FACE_OUTER_BOUND('',#252,.T.);
#138=FACE_OUTER_BOUND('',#253,.T.);
#139=FACE_OUTER_BOUND('',#254,.T.);
#140=FACE_OUTER_BOUND('',#255,.T.);
#141=FACE_OUTER_BOUND('',#256,.T.);
#142=FACE_OUTER_BOUND('',#257,.T.);
#143=FACE_OUTER_BOUND('',#258,.T.);
#144=FACE_OUTER_BOUND('',#259,.T.);
#145=FACE_OUTER_BOUND('',#260,.T.);
#146=FACE_OUTER_BOUND('',#261,.T.);
#147=FACE_OUTER_BOUND('',#262,.T.);
#148=FACE_OUTER_BOUND('',#263,.T.);
#149=FACE_OUTER_BOUND('',#264,.T.);
#150=FACE_OUTER_BOUND('',#265,.T.);
#151=FACE_OUTER_BOUND('',#266,.T.);
#152=FACE_OUTER_BOUND('',#267,.T.);
#153=FACE_OUTER_BOUND('',#268,.T.);
#154=FACE_OUTER_BOUND('',#269,.T.);
#155=FACE_OUTER_BOUND('',#270,.T.);
#156=FACE_OUTER_BOUND('',#271,.T.);
#157=FACE_OUTER_BOUND('',#272,.T.);
#158=FACE_OUTER_BOUND('',#273,.T.);
#159=FACE_OUTER_BOUND('',#274,.T.);
#160=FACE_OUTER_BOUND('',#275,.T.);
#161=FACE_OUTER_BOUND('',#276,.T.);
#162=FACE_OUTER_BOUND('',#277,.T.);
#163=FACE_OUTER_BOUND('',#278,.T.);
#164=FACE_OUTER_BOUND('',#279,.T.);
#165=FACE_OUTER_BOUND('',#280,.T.);
#166=FACE_OUTER_BOUND('',#281,.T.);
#167=FACE_OUTER_BOUND('',#282,.T.);
#168=FACE_OUTER_BOUND('',#283,.T.);
#169=FACE_OUTER_BOUND('',#284,.T.);
#170=FACE_OUTER_BOUND('',#285,.T.);
#171=FACE_OUTER_BOUND('',#286,.T.);
#172=FACE_OUTER_BOUND('',#287,.T.);
#173=FACE_OUTER_BOUND('',#288,.T.);
#174=FACE_OUTER_BOUND('',#289,.T.);
#175=FACE_OUTER_BOUND('',#290,.T.);
#176=FACE_OUTER_BOUND('',#291,.T.);
#177=FACE_OUTER_BOUND('',#292,.T.);
#178=EDGE_LOOP('',(#1228,#1229,#1230,#1231,#1232,#1233));
#179=EDGE_LOOP('',(#1234,#1235,#1236,#1237,#1238,#1239,#1240,#1241,#1242,
#1243,#1244,#1245,#1246,#1247,#1248,#1249,#1250,#1251));
#180=EDGE_LOOP('',(#1252));
#181=EDGE_LOOP('',(#1253));
#182=EDGE_LOOP('',(#1254));
#183=EDGE_LOOP('',(#1255,#1256,#1257,#1258,#1259));
#184=EDGE_LOOP('',(#1260,#1261,#1262,#1263,#1264,#1265,#1266,#1267));
#185=EDGE_LOOP('',(#1268,#1269,#1270,#1271));
#186=EDGE_LOOP('',(#1272,#1273,#1274,#1275));
#187=EDGE_LOOP('',(#1276,#1277,#1278,#1279,#1280,#1281,#1282,#1283,#1284,
#1285,#1286,#1287,#1288,#1289,#1290,#1291,#1292,#1293,#1294,#1295,#1296,
#1297,#1298,#1299,#1300,#1301,#1302,#1303,#1304,#1305,#1306,#1307,#1308,
#1309,#1310,#1311,#1312,#1313,#1314,#1315,#1316,#1317,#1318,#1319,#1320,
#1321,#1322));
#188=EDGE_LOOP('',(#1323));
#189=EDGE_LOOP('',(#1324));
#190=EDGE_LOOP('',(#1325));
#191=EDGE_LOOP('',(#1326));
#192=EDGE_LOOP('',(#1327,#1328,#1329,#1330,#1331,#1332,#1333,#1334));
#193=EDGE_LOOP('',(#1335,#1336,#1337,#1338,#1339,#1340,#1341,#1342));
#194=EDGE_LOOP('',(#1343,#1344,#1345,#1346));
#195=EDGE_LOOP('',(#1347,#1348,#1349,#1350));
#196=EDGE_LOOP('',(#1351,#1352,#1353,#1354));
#197=EDGE_LOOP('',(#1355,#1356,#1357,#1358));
#198=EDGE_LOOP('',(#1359,#1360,#1361,#1362));
#199=EDGE_LOOP('',(#1363,#1364,#1365,#1366,#1367,#1368,#1369,#1370,#1371,
#1372,#1373,#1374,#1375,#1376,#1377,#1378,#1379,#1380,#1381,#1382,#1383,
#1384,#1385,#1386,#1387,#1388,#1389,#1390,#1391,#1392,#1393,#1394,#1395,
#1396,#1397,#1398,#1399,#1400,#1401,#1402,#1403,#1404,#1405,#1406,#1407,
#1408,#1409,#1410,#1411));
#200=EDGE_LOOP('',(#1412));
#201=EDGE_LOOP('',(#1413,#1414,#1415,#1416,#1417,#1418,#1419,#1420));
#202=EDGE_LOOP('',(#1421,#1422,#1423,#1424,#1425,#1426,#1427,#1428));
#203=EDGE_LOOP('',(#1429));
#204=EDGE_LOOP('',(#1430));
#205=EDGE_LOOP('',(#1431));
#206=EDGE_LOOP('',(#1432,#1433,#1434,#1435));
#207=EDGE_LOOP('',(#1436,#1437,#1438,#1439));
#208=EDGE_LOOP('',(#1440,#1441,#1442,#1443));
#209=EDGE_LOOP('',(#1444,#1445,#1446,#1447));
#210=EDGE_LOOP('',(#1448,#1449,#1450,#1451));
#211=EDGE_LOOP('',(#1452,#1453,#1454,#1455));
#212=EDGE_LOOP('',(#1456,#1457,#1458,#1459));
#213=EDGE_LOOP('',(#1460,#1461,#1462,#1463));
#214=EDGE_LOOP('',(#1464,#1465,#1466,#1467));
#215=EDGE_LOOP('',(#1468,#1469,#1470,#1471));
#216=EDGE_LOOP('',(#1472,#1473,#1474,#1475));
#217=EDGE_LOOP('',(#1476,#1477,#1478,#1479));
#218=EDGE_LOOP('',(#1480,#1481,#1482,#1483));
#219=EDGE_LOOP('',(#1484,#1485,#1486,#1487));
#220=EDGE_LOOP('',(#1488,#1489,#1490,#1491));
#221=EDGE_LOOP('',(#1492,#1493,#1494,#1495,#1496,#1497,#1498,#1499,#1500,
#1501,#1502,#1503,#1504,#1505,#1506,#1507,#1508,#1509,#1510,#1511,#1512));
#222=EDGE_LOOP('',(#1513));
#223=EDGE_LOOP('',(#1514));
#224=EDGE_LOOP('',(#1515));
#225=EDGE_LOOP('',(#1516,#1517,#1518,#1519));
#226=EDGE_LOOP('',(#1520,#1521,#1522,#1523));
#227=EDGE_LOOP('',(#1524,#1525,#1526,#1527,#1528));
#228=EDGE_LOOP('',(#1529,#1530,#1531,#1532));
#229=EDGE_LOOP('',(#1533,#1534,#1535,#1536,#1537));
#230=EDGE_LOOP('',(#1538,#1539,#1540));
#231=EDGE_LOOP('',(#1541,#1542,#1543,#1544));
#232=EDGE_LOOP('',(#1545,#1546,#1547,#1548));
#233=EDGE_LOOP('',(#1549,#1550,#1551,#1552));
#234=EDGE_LOOP('',(#1553,#1554,#1555,#1556));
#235=EDGE_LOOP('',(#1557,#1558,#1559,#1560));
#236=EDGE_LOOP('',(#1561,#1562,#1563,#1564));
#237=EDGE_LOOP('',(#1565,#1566,#1567,#1568));
#238=EDGE_LOOP('',(#1569,#1570,#1571,#1572));
#239=EDGE_LOOP('',(#1573,#1574,#1575,#1576));
#240=EDGE_LOOP('',(#1577,#1578,#1579,#1580));
#241=EDGE_LOOP('',(#1581,#1582,#1583,#1584));
#242=EDGE_LOOP('',(#1585,#1586,#1587,#1588));
#243=EDGE_LOOP('',(#1589,#1590,#1591,#1592));
#244=EDGE_LOOP('',(#1593,#1594,#1595,#1596));
#245=EDGE_LOOP('',(#1597,#1598,#1599,#1600));
#246=EDGE_LOOP('',(#1601,#1602,#1603));
#247=EDGE_LOOP('',(#1604,#1605,#1606,#1607));
#248=EDGE_LOOP('',(#1608,#1609,#1610,#1611));
#249=EDGE_LOOP('',(#1612,#1613,#1614,#1615));
#250=EDGE_LOOP('',(#1616,#1617,#1618,#1619));
#251=EDGE_LOOP('',(#1620,#1621,#1622,#1623));
#252=EDGE_LOOP('',(#1624,#1625,#1626,#1627));
#253=EDGE_LOOP('',(#1628,#1629,#1630,#1631,#1632));
#254=EDGE_LOOP('',(#1633,#1634,#1635,#1636,#1637,#1638,#1639,#1640));
#255=EDGE_LOOP('',(#1641,#1642,#1643,#1644,#1645,#1646,#1647,#1648));
#256=EDGE_LOOP('',(#1649,#1650,#1651,#1652));
#257=EDGE_LOOP('',(#1653,#1654,#1655,#1656));
#258=EDGE_LOOP('',(#1657,#1658,#1659,#1660));
#259=EDGE_LOOP('',(#1661,#1662,#1663,#1664));
#260=EDGE_LOOP('',(#1665,#1666,#1667,#1668));
#261=EDGE_LOOP('',(#1669,#1670,#1671,#1672));
#262=EDGE_LOOP('',(#1673,#1674,#1675,#1676));
#263=EDGE_LOOP('',(#1677,#1678,#1679,#1680));
#264=EDGE_LOOP('',(#1681,#1682,#1683,#1684));
#265=EDGE_LOOP('',(#1685,#1686,#1687,#1688));
#266=EDGE_LOOP('',(#1689,#1690,#1691,#1692));
#267=EDGE_LOOP('',(#1693,#1694,#1695,#1696));
#268=EDGE_LOOP('',(#1697,#1698,#1699,#1700));
#269=EDGE_LOOP('',(#1701,#1702,#1703,#1704));
#270=EDGE_LOOP('',(#1705,#1706,#1707,#1708));
#271=EDGE_LOOP('',(#1709,#1710,#1711,#1712));
#272=EDGE_LOOP('',(#1713,#1714,#1715,#1716));
#273=EDGE_LOOP('',(#1717,#1718,#1719,#1720));
#274=EDGE_LOOP('',(#1721,#1722,#1723,#1724));
#275=EDGE_LOOP('',(#1725,#1726,#1727,#1728));
#276=EDGE_LOOP('',(#1729,#1730,#1731,#1732));
#277=EDGE_LOOP('',(#1733,#1734,#1735,#1736));
#278=EDGE_LOOP('',(#1737,#1738,#1739,#1740));
#279=EDGE_LOOP('',(#1741,#1742,#1743,#1744));
#280=EDGE_LOOP('',(#1745,#1746,#1747,#1748));
#281=EDGE_LOOP('',(#1749,#1750,#1751,#1752));
#282=EDGE_LOOP('',(#1753,#1754,#1755,#1756));
#283=EDGE_LOOP('',(#1757,#1758,#1759,#1760));
#284=EDGE_LOOP('',(#1761,#1762,#1763,#1764));
#285=EDGE_LOOP('',(#1765,#1766,#1767,#1768));
#286=EDGE_LOOP('',(#1769,#1770,#1771,#1772));
#287=EDGE_LOOP('',(#1773,#1774,#1775,#1776));
#288=EDGE_LOOP('',(#1777,#1778,#1779,#1780));
#289=EDGE_LOOP('',(#1781,#1782,#1783,#1784,#1785));
#290=EDGE_LOOP('',(#1786,#1787,#1788,#1789));
#291=EDGE_LOOP('',(#1790,#1791,#1792,#1793));
#292=EDGE_LOOP('',(#1794,#1795,#1796,#1797));
#293=CIRCLE('',#1950,1.);
#294=CIRCLE('',#1952,21.);
#295=CIRCLE('',#1953,1.5);
#296=CIRCLE('',#1954,1.5);
#297=CIRCLE('',#1955,1.5);
#298=CIRCLE('',#1956,1.5);
#299=CIRCLE('',#1957,1.5);
#300=CIRCLE('',#1958,8.49999999999998);
#301=CIRCLE('',#1959,20.);
#302=CIRCLE('',#1960,25.);
#303=CIRCLE('',#1961,1.25);
#304=CIRCLE('',#1962,1.25);
#305=CIRCLE('',#1963,1.25);
#306=CIRCLE('',#1965,21.);
#307=CIRCLE('',#1967,13.5);
#308=CIRCLE('',#1968,4.);
#309=CIRCLE('',#1970,19.5);
#310=CIRCLE('',#1971,19.5);
#311=CIRCLE('',#1974,1.5);
#312=CIRCLE('',#1975,1.5);
#313=CIRCLE('',#1976,12.5);
#314=CIRCLE('',#1977,3.);
#315=CIRCLE('',#1978,5.);
#316=CIRCLE('',#1979,3.);
#317=CIRCLE('',#1980,3.);
#318=CIRCLE('',#1981,5.);
#319=CIRCLE('',#1982,4.99999999999999);
#320=CIRCLE('',#1983,5.);
#321=CIRCLE('',#1984,28.5);
#322=CIRCLE('',#1985,2.);
#323=CIRCLE('',#1986,2.);
#324=CIRCLE('',#1987,2.);
#325=CIRCLE('',#1988,2.);
#326=CIRCLE('',#1989,1.5);
#327=CIRCLE('',#1990,1.49999999999998);
#328=CIRCLE('',#1991,1.5);
#329=CIRCLE('',#1992,1.5);
#330=CIRCLE('',#1993,1.5);
#331=CIRCLE('',#1994,1.5);
#332=CIRCLE('',#1995,1.5);
#333=CIRCLE('',#1996,1.25);
#334=CIRCLE('',#1997,1.25);
#335=CIRCLE('',#1998,1.25);
#336=CIRCLE('',#1999,1.25);
#337=CIRCLE('',#2000,2.);
#338=CIRCLE('',#2001,2.);
#339=CIRCLE('',#2002,2.);
#340=CIRCLE('',#2003,2.);
#341=CIRCLE('',#2004,2.);
#342=CIRCLE('',#2005,2.);
#343=CIRCLE('',#2006,2.);
#344=CIRCLE('',#2007,2.);
#345=CIRCLE('',#2009,1.25);
#346=CIRCLE('',#2011,1.25);
#347=CIRCLE('',#2013,1.25);
#348=CIRCLE('',#2015,1.25);
#349=CIRCLE('',#2017,5.);
#350=CIRCLE('',#2019,1.5);
#351=CIRCLE('',#2020,1.5);
#352=CIRCLE('',#2021,1.5);
#353=CIRCLE('',#2022,1.5);
#354=CIRCLE('',#2023,1.5);
#355=CIRCLE('',#2024,1.49999999999998);
#356=CIRCLE('',#2025,1.5);
#357=CIRCLE('',#2026,2.);
#358=CIRCLE('',#2027,2.);
#359=CIRCLE('',#2028,2.);
#360=CIRCLE('',#2029,2.);
#361=CIRCLE('',#2030,28.5);
#362=CIRCLE('',#2031,4.99999999999999);
#363=CIRCLE('',#2032,5.);
#364=CIRCLE('',#2033,3.);
#365=CIRCLE('',#2034,3.);
#366=CIRCLE('',#2035,5.);
#367=CIRCLE('',#2036,3.);
#368=CIRCLE('',#2037,12.5);
#369=CIRCLE('',#2038,1.5);
#370=CIRCLE('',#2039,1.5);
#371=CIRCLE('',#2040,1.25);
#372=CIRCLE('',#2041,2.);
#373=CIRCLE('',#2042,2.);
#374=CIRCLE('',#2043,2.);
#375=CIRCLE('',#2044,2.);
#376=CIRCLE('',#2045,2.);
#377=CIRCLE('',#2046,2.);
#378=CIRCLE('',#2047,2.);
#379=CIRCLE('',#2048,2.);
#380=CIRCLE('',#2062,1.5);
#381=CIRCLE('',#2065,1.5);
#382=CIRCLE('',#2067,1.5);
#383=CIRCLE('',#2068,1.5);
#384=CIRCLE('',#2069,25.);
#385=CIRCLE('',#2070,20.);
#386=CIRCLE('',#2071,8.49999999999998);
#387=CIRCLE('',#2072,1.5);
#388=CIRCLE('',#2073,1.25);
#389=CIRCLE('',#2074,1.25);
#390=CIRCLE('',#2098,8.99999999999999);
#391=CIRCLE('',#2107,13.5);
#392=CIRCLE('',#2109,8.99999999999999);
#393=LINE('',#2738,#571);
#394=LINE('',#2747,#572);
#395=LINE('',#2758,#573);
#396=LINE('',#2762,#574);
#397=LINE('',#2766,#575);
#398=LINE('',#2774,#576);
#399=LINE('',#2782,#577);
#400=LINE('',#2784,#578);
#401=LINE('',#2788,#579);
#402=LINE('',#2789,#580);
#403=LINE('',#2798,#581);
#404=LINE('',#2801,#582);
#405=LINE('',#2806,#583);
#406=LINE('',#2808,#584);
#407=LINE('',#2810,#585);
#408=LINE('',#2813,#586);
#409=LINE('',#2819,#587);
#410=LINE('',#2822,#588);
#411=LINE('',#2825,#589);
#412=LINE('',#2827,#590);
#413=LINE('',#2828,#591);
#414=LINE('',#2833,#592);
#415=LINE('',#2836,#593);
#416=LINE('',#2838,#594);
#417=LINE('',#2842,#595);
#418=LINE('',#2846,#596);
#419=LINE('',#2850,#597);
#420=LINE('',#2852,#598);
#421=LINE('',#2856,#599);
#422=LINE('',#2860,#600);
#423=LINE('',#2864,#601);
#424=LINE('',#2868,#602);
#425=LINE('',#2874,#603);
#426=LINE('',#2878,#604);
#427=LINE('',#2882,#605);
#428=LINE('',#2886,#606);
#429=LINE('',#2890,#607);
#430=LINE('',#2896,#608);
#431=LINE('',#2898,#609);
#432=LINE('',#2902,#610);
#433=LINE('',#2906,#611);
#434=LINE('',#2910,#612);
#435=LINE('',#2914,#613);
#436=LINE('',#2926,#614);
#437=LINE('',#2930,#615);
#438=LINE('',#2934,#616);
#439=LINE('',#2938,#617);
#440=LINE('',#2942,#618);
#441=LINE('',#2946,#619);
#442=LINE('',#2950,#620);
#443=LINE('',#2954,#621);
#444=LINE('',#2958,#622);
#445=LINE('',#2962,#623);
#446=LINE('',#2966,#624);
#447=LINE('',#2970,#625);
#448=LINE('',#2976,#626);
#449=LINE('',#2977,#627);
#450=LINE('',#2982,#628);
#451=LINE('',#2986,#629);
#452=LINE('',#2990,#630);
#453=LINE('',#2994,#631);
#454=LINE('',#2998,#632);
#455=LINE('',#3000,#633);
#456=LINE('',#3006,#634);
#457=LINE('',#3010,#635);
#458=LINE('',#3014,#636);
#459=LINE('',#3018,#637);
#460=LINE('',#3022,#638);
#461=LINE('',#3025,#639);
#462=LINE('',#3029,#640);
#463=LINE('',#3033,#641);
#464=LINE('',#3037,#642);
#465=LINE('',#3041,#643);
#466=LINE('',#3043,#644);
#467=LINE('',#3047,#645);
#468=LINE('',#3051,#646);
#469=LINE('',#3055,#647);
#470=LINE('',#3057,#648);
#471=LINE('',#3059,#649);
#472=LINE('',#3060,#650);
#473=LINE('',#3064,#651);
#474=LINE('',#3072,#652);
#475=LINE('',#3076,#653);
#476=LINE('',#3080,#654);
#477=LINE('',#3083,#655);
#478=LINE('',#3088,#656);
#479=LINE('',#3092,#657);
#480=LINE('',#3096,#658);
#481=LINE('',#3099,#659);
#482=LINE('',#3101,#660);
#483=LINE('',#3103,#661);
#484=LINE('',#3105,#662);
#485=LINE('',#3106,#663);
#486=LINE('',#3108,#664);
#487=LINE('',#3110,#665);
#488=LINE('',#3111,#666);
#489=LINE('',#3114,#667);
#490=LINE('',#3115,#668);
#491=LINE('',#3117,#669);
#492=LINE('',#3119,#670);
#493=LINE('',#3121,#671);
#494=LINE('',#3123,#672);
#495=LINE('',#3125,#673);
#496=LINE('',#3128,#674);
#497=LINE('',#3131,#675);
#498=LINE('',#3134,#676);
#499=LINE('',#3135,#677);
#500=LINE('',#3138,#678);
#501=LINE('',#3144,#679);
#502=LINE('',#3147,#680);
#503=LINE('',#3149,#681);
#504=LINE('',#3151,#682);
#505=LINE('',#3153,#683);
#506=LINE('',#3155,#684);
#507=LINE('',#3157,#685);
#508=LINE('',#3161,#686);
#509=LINE('',#3163,#687);
#510=LINE('',#3165,#688);
#511=LINE('',#3176,#689);
#512=LINE('',#3178,#690);
#513=LINE('',#3181,#691);
#514=LINE('',#3184,#692);
#515=LINE('',#3186,#693);
#516=LINE('',#3187,#694);
#517=LINE('',#3190,#695);
#518=LINE('',#3191,#696);
#519=LINE('',#3193,#697);
#520=LINE('',#3195,#698);
#521=LINE('',#3197,#699);
#522=LINE('',#3199,#700);
#523=LINE('',#3200,#701);
#524=LINE('',#3202,#702);
#525=LINE('',#3204,#703);
#526=LINE('',#3205,#704);
#527=LINE('',#3207,#705);
#528=LINE('',#3209,#706);
#529=LINE('',#3211,#707);
#530=LINE('',#3212,#708);
#531=LINE('',#3215,#709);
#532=LINE('',#3217,#710);
#533=LINE('',#3219,#711);
#534=LINE('',#3224,#712);
#535=LINE('',#3226,#713);
#536=LINE('',#3235,#714);
#537=LINE('',#3240,#715);
#538=LINE('',#3241,#716);
#539=LINE('',#3242,#717);
#540=LINE('',#3251,#718);
#541=LINE('',#3253,#719);
#542=LINE('',#3259,#720);
#543=LINE('',#3262,#721);
#544=LINE('',#3265,#722);
#545=LINE('',#3267,#723);
#546=LINE('',#3268,#724);
#547=LINE('',#3270,#725);
#548=LINE('',#3272,#726);
#549=LINE('',#3273,#727);
#550=LINE('',#3276,#728);
#551=LINE('',#3277,#729);
#552=LINE('',#3280,#730);
#553=LINE('',#3283,#731);
#554=LINE('',#3284,#732);
#555=LINE('',#3286,#733);
#556=LINE('',#3288,#734);
#557=LINE('',#3290,#735);
#558=LINE('',#3292,#736);
#559=LINE('',#3294,#737);
#560=LINE('',#3296,#738);
#561=LINE('',#3299,#739);
#562=LINE('',#3300,#740);
#563=LINE('',#3303,#741);
#564=LINE('',#3304,#742);
#565=LINE('',#3307,#743);
#566=LINE('',#3309,#744);
#567=LINE('',#3311,#745);
#568=LINE('',#3314,#746);
#569=LINE('',#3317,#747);
#570=LINE('',#3319,#748);
#571=VECTOR('',#2153,10.);
#572=VECTOR('',#2154,10.);
#573=VECTOR('',#2159,10.);
#574=VECTOR('',#2162,10.);
#575=VECTOR('',#2165,10.);
#576=VECTOR('',#2172,10.);
#577=VECTOR('',#2179,10.);
#578=VECTOR('',#2180,10.);
#579=VECTOR('',#2183,9.);
#580=VECTOR('',#2184,10.);
#581=VECTOR('',#2193,10.);
#582=VECTOR('',#2196,10.);
#583=VECTOR('',#2201,10.);
#584=VECTOR('',#2202,10.);
#585=VECTOR('',#2203,10.);
#586=VECTOR('',#2206,10.);
#587=VECTOR('',#2211,19.5);
#588=VECTOR('',#2214,19.5);
#589=VECTOR('',#2217,10.);
#590=VECTOR('',#2218,10.);
#591=VECTOR('',#2219,10.);
#592=VECTOR('',#2224,10.);
#593=VECTOR('',#2227,10.);
#594=VECTOR('',#2228,10.);
#595=VECTOR('',#2231,10.);
#596=VECTOR('',#2234,10.);
#597=VECTOR('',#2237,10.);
#598=VECTOR('',#2238,10.);
#599=VECTOR('',#2241,10.);
#600=VECTOR('',#2244,10.);
#601=VECTOR('',#2247,10.);
#602=VECTOR('',#2250,10.);
#603=VECTOR('',#2255,10.);
#604=VECTOR('',#2258,10.);
#605=VECTOR('',#2261,10.);
#606=VECTOR('',#2264,10.);
#607=VECTOR('',#2267,10.);
#608=VECTOR('',#2272,10.);
#609=VECTOR('',#2273,10.);
#610=VECTOR('',#2276,10.);
#611=VECTOR('',#2279,10.);
#612=VECTOR('',#2282,10.);
#613=VECTOR('',#2285,10.);
#614=VECTOR('',#2296,10.);
#615=VECTOR('',#2299,10.);
#616=VECTOR('',#2302,10.);
#617=VECTOR('',#2305,10.);
#618=VECTOR('',#2308,10.);
#619=VECTOR('',#2311,10.);
#620=VECTOR('',#2314,10.);
#621=VECTOR('',#2317,10.);
#622=VECTOR('',#2322,1.25);
#623=VECTOR('',#2327,1.25);
#624=VECTOR('',#2332,1.25);
#625=VECTOR('',#2337,1.25);
#626=VECTOR('',#2344,10.);
#627=VECTOR('',#2345,10.);
#628=VECTOR('',#2350,10.);
#629=VECTOR('',#2353,10.);
#630=VECTOR('',#2356,10.);
#631=VECTOR('',#2359,10.);
#632=VECTOR('',#2362,10.);
#633=VECTOR('',#2363,10.);
#634=VECTOR('',#2368,10.);
#635=VECTOR('',#2371,10.);
#636=VECTOR('',#2374,10.);
#637=VECTOR('',#2377,10.);
#638=VECTOR('',#2380,10.);
#639=VECTOR('',#2383,10.);
#640=VECTOR('',#2386,10.);
#641=VECTOR('',#2389,10.);
#642=VECTOR('',#2392,10.);
#643=VECTOR('',#2395,10.);
#644=VECTOR('',#2396,10.);
#645=VECTOR('',#2399,10.);
#646=VECTOR('',#2402,10.);
#647=VECTOR('',#2405,10.);
#648=VECTOR('',#2406,10.);
#649=VECTOR('',#2407,4.);
#650=VECTOR('',#2408,4.);
#651=VECTOR('',#2411,10.);
#652=VECTOR('',#2418,10.);
#653=VECTOR('',#2421,10.);
#654=VECTOR('',#2424,10.);
#655=VECTOR('',#2427,10.);
#656=VECTOR('',#2430,10.);
#657=VECTOR('',#2433,10.);
#658=VECTOR('',#2436,10.);
#659=VECTOR('',#2439,10.);
#660=VECTOR('',#2442,5.);
#661=VECTOR('',#2445,10.);
#662=VECTOR('',#2448,10.);
#663=VECTOR('',#2449,10.);
#664=VECTOR('',#2452,10.);
#665=VECTOR('',#2455,10.);
#666=VECTOR('',#2456,10.);
#667=VECTOR('',#2461,10.);
#668=VECTOR('',#2462,10.);
#669=VECTOR('',#2465,10.);
#670=VECTOR('',#2468,10.);
#671=VECTOR('',#2471,10.);
#672=VECTOR('',#2474,28.5);
#673=VECTOR('',#2477,10.);
#674=VECTOR('',#2480,1.5);
#675=VECTOR('',#2483,1.5);
#676=VECTOR('',#2486,10.);
#677=VECTOR('',#2487,10.);
#678=VECTOR('',#2490,10.);
#679=VECTOR('',#2497,10.);
#680=VECTOR('',#2500,10.);
#681=VECTOR('',#2501,10.);
#682=VECTOR('',#2502,10.);
#683=VECTOR('',#2503,10.);
#684=VECTOR('',#2504,10.);
#685=VECTOR('',#2505,10.);
#686=VECTOR('',#2508,10.);
#687=VECTOR('',#2509,10.);
#688=VECTOR('',#2510,10.);
#689=VECTOR('',#2523,10.);
#690=VECTOR('',#2526,8.5);
#691=VECTOR('',#2529,20.);
#692=VECTOR('',#2534,10.);
#693=VECTOR('',#2537,10.);
#694=VECTOR('',#2538,10.);
#695=VECTOR('',#2543,10.);
#696=VECTOR('',#2544,10.);
#697=VECTOR('',#2547,1.5);
#698=VECTOR('',#2550,10.);
#699=VECTOR('',#2553,10.);
#700=VECTOR('',#2556,10.);
#701=VECTOR('',#2557,10.);
#702=VECTOR('',#2560,10.);
#703=VECTOR('',#2563,10.);
#704=VECTOR('',#2564,10.);
#705=VECTOR('',#2567,10.);
#706=VECTOR('',#2570,10.);
#707=VECTOR('',#2573,10.);
#708=VECTOR('',#2574,10.);
#709=VECTOR('',#2579,10.);
#710=VECTOR('',#2582,10.);
#711=VECTOR('',#2585,10.);
#712=VECTOR('',#2592,10.);
#713=VECTOR('',#2595,10.);
#714=VECTOR('',#2610,10.);
#715=VECTOR('',#2617,10.);
#716=VECTOR('',#2618,10.);
#717=VECTOR('',#2619,10.);
#718=VECTOR('',#2622,10.);
#719=VECTOR('',#2625,10.);
#720=VECTOR('',#2636,10.);
#721=VECTOR('',#2641,10.);
#722=VECTOR('',#2646,1.25);
#723=VECTOR('',#2649,10.);
#724=VECTOR('',#2650,10.);
#725=VECTOR('',#2653,10.);
#726=VECTOR('',#2656,10.);
#727=VECTOR('',#2657,10.);
#728=VECTOR('',#2662,10.);
#729=VECTOR('',#2663,10.);
#730=VECTOR('',#2668,10.);
#731=VECTOR('',#2673,10.);
#732=VECTOR('',#2674,10.);
#733=VECTOR('',#2677,10.);
#734=VECTOR('',#2680,10.);
#735=VECTOR('',#2683,10.);
#736=VECTOR('',#2686,10.);
#737=VECTOR('',#2689,10.);
#738=VECTOR('',#2692,10.);
#739=VECTOR('',#2697,10.);
#740=VECTOR('',#2698,10.);
#741=VECTOR('',#2703,10.);
#742=VECTOR('',#2704,10.);
#743=VECTOR('',#2709,10.);
#744=VECTOR('',#2712,10.);
#745=VECTOR('',#2715,10.);
#746=VECTOR('',#2720,10.);
#747=VECTOR('',#2725,1.25);
#748=VECTOR('',#2728,1.25);
#749=B_SPLINE_CURVE_WITH_KNOTS('',3,(#2733,#2734,#2735,#2736),
 .UNSPECIFIED.,.F.,.F.,(4,4),(0.964314656036542,1.01310929793846),
 .UNSPECIFIED.);
#750=B_SPLINE_CURVE_WITH_KNOTS('',3,(#2740,#2741,#2742,#2743,#2744,#2745),
 .UNSPECIFIED.,.F.,.F.,(4,2,4),(0.,0.311288438856745,0.622576877713491),
 .UNSPECIFIED.);
#751=B_SPLINE_CURVE_WITH_KNOTS('',3,(#2750,#2751,#2752,#2753,#2754,#2755),
 .UNSPECIFIED.,.F.,.F.,(4,2,4),(0.0267873558803264,0.210300388558717,0.375094057937021),
 .UNSPECIFIED.);
#752=B_SPLINE_CURVE_WITH_KNOTS('',3,(#3245,#3246,#3247,#3248,#3249,#3250),
 .UNSPECIFIED.,.F.,.F.,(4,2,4),(-1.36070228767623,-1.02162574935655,-0.997732818959929),
 .UNSPECIFIED.);
#753=VERTEX_POINT('',#2731);
#754=VERTEX_POINT('',#2732);
#755=VERTEX_POINT('',#2737);
#756=VERTEX_POINT('',#2739);
#757=VERTEX_POINT('',#2746);
#758=VERTEX_POINT('',#2748);
#759=VERTEX_POINT('',#2757);
#760=VERTEX_POINT('',#2759);
#761=VERTEX_POINT('',#2761);
#762=VERTEX_POINT('',#2763);
#763=VERTEX_POINT('',#2765);
#764=VERTEX_POINT('',#2767);
#765=VERTEX_POINT('',#2769);
#766=VERTEX_POINT('',#2771);
#767=VERTEX_POINT('',#2773);
#768=VERTEX_POINT('',#2775);
#769=VERTEX_POINT('',#2777);
#770=VERTEX_POINT('',#2779);
#771=VERTEX_POINT('',#2781);
#772=VERTEX_POINT('',#2783);
#773=VERTEX_POINT('',#2785);
#774=VERTEX_POINT('',#2787);
#775=VERTEX_POINT('',#2790);
#776=VERTEX_POINT('',#2792);
#777=VERTEX_POINT('',#2794);
#778=VERTEX_POINT('',#2797);
#779=VERTEX_POINT('',#2799);
#780=VERTEX_POINT('',#2803);
#781=VERTEX_POINT('',#2805);
#782=VERTEX_POINT('',#2807);
#783=VERTEX_POINT('',#2809);
#784=VERTEX_POINT('',#2811);
#785=VERTEX_POINT('',#2815);
#786=VERTEX_POINT('',#2816);
#787=VERTEX_POINT('',#2818);
#788=VERTEX_POINT('',#2820);
#789=VERTEX_POINT('',#2824);
#790=VERTEX_POINT('',#2826);
#791=VERTEX_POINT('',#2830);
#792=VERTEX_POINT('',#2832);
#793=VERTEX_POINT('',#2835);
#794=VERTEX_POINT('',#2837);
#795=VERTEX_POINT('',#2839);
#796=VERTEX_POINT('',#2841);
#797=VERTEX_POINT('',#2843);
#798=VERTEX_POINT('',#2845);
#799=VERTEX_POINT('',#2847);
#800=VERTEX_POINT('',#2849);
#801=VERTEX_POINT('',#2851);
#802=VERTEX_POINT('',#2853);
#803=VERTEX_POINT('',#2855);
#804=VERTEX_POINT('',#2857);
#805=VERTEX_POINT('',#2859);
#806=VERTEX_POINT('',#2861);
#807=VERTEX_POINT('',#2863);
#808=VERTEX_POINT('',#2865);
#809=VERTEX_POINT('',#2867);
#810=VERTEX_POINT('',#2869);
#811=VERTEX_POINT('',#2871);
#812=VERTEX_POINT('',#2873);
#813=VERTEX_POINT('',#2875);
#814=VERTEX_POINT('',#2877);
#815=VERTEX_POINT('',#2879);
#816=VERTEX_POINT('',#2881);
#817=VERTEX_POINT('',#2883);
#818=VERTEX_POINT('',#2885);
#819=VERTEX_POINT('',#2887);
#820=VERTEX_POINT('',#2889);
#821=VERTEX_POINT('',#2891);
#822=VERTEX_POINT('',#2893);
#823=VERTEX_POINT('',#2895);
#824=VERTEX_POINT('',#2897);
#825=VERTEX_POINT('',#2899);
#826=VERTEX_POINT('',#2901);
#827=VERTEX_POINT('',#2903);
#828=VERTEX_POINT('',#2905);
#829=VERTEX_POINT('',#2907);
#830=VERTEX_POINT('',#2909);
#831=VERTEX_POINT('',#2911);
#832=VERTEX_POINT('',#2913);
#833=VERTEX_POINT('',#2916);
#834=VERTEX_POINT('',#2918);
#835=VERTEX_POINT('',#2920);
#836=VERTEX_POINT('',#2922);
#837=VERTEX_POINT('',#2924);
#838=VERTEX_POINT('',#2925);
#839=VERTEX_POINT('',#2927);
#840=VERTEX_POINT('',#2929);
#841=VERTEX_POINT('',#2931);
#842=VERTEX_POINT('',#2933);
#843=VERTEX_POINT('',#2935);
#844=VERTEX_POINT('',#2937);
#845=VERTEX_POINT('',#2940);
#846=VERTEX_POINT('',#2941);
#847=VERTEX_POINT('',#2943);
#848=VERTEX_POINT('',#2945);
#849=VERTEX_POINT('',#2947);
#850=VERTEX_POINT('',#2949);
#851=VERTEX_POINT('',#2951);
#852=VERTEX_POINT('',#2953);
#853=VERTEX_POINT('',#2957);
#854=VERTEX_POINT('',#2961);
#855=VERTEX_POINT('',#2965);
#856=VERTEX_POINT('',#2969);
#857=VERTEX_POINT('',#2973);
#858=VERTEX_POINT('',#2974);
#859=VERTEX_POINT('',#2979);
#860=VERTEX_POINT('',#2981);
#861=VERTEX_POINT('',#2983);
#862=VERTEX_POINT('',#2985);
#863=VERTEX_POINT('',#2987);
#864=VERTEX_POINT('',#2989);
#865=VERTEX_POINT('',#2991);
#866=VERTEX_POINT('',#2993);
#867=VERTEX_POINT('',#2995);
#868=VERTEX_POINT('',#2997);
#869=VERTEX_POINT('',#2999);
#870=VERTEX_POINT('',#3001);
#871=VERTEX_POINT('',#3003);
#872=VERTEX_POINT('',#3005);
#873=VERTEX_POINT('',#3007);
#874=VERTEX_POINT('',#3009);
#875=VERTEX_POINT('',#3011);
#876=VERTEX_POINT('',#3013);
#877=VERTEX_POINT('',#3015);
#878=VERTEX_POINT('',#3017);
#879=VERTEX_POINT('',#3019);
#880=VERTEX_POINT('',#3021);
#881=VERTEX_POINT('',#3024);
#882=VERTEX_POINT('',#3026);
#883=VERTEX_POINT('',#3028);
#884=VERTEX_POINT('',#3030);
#885=VERTEX_POINT('',#3032);
#886=VERTEX_POINT('',#3034);
#887=VERTEX_POINT('',#3036);
#888=VERTEX_POINT('',#3038);
#889=VERTEX_POINT('',#3040);
#890=VERTEX_POINT('',#3042);
#891=VERTEX_POINT('',#3044);
#892=VERTEX_POINT('',#3046);
#893=VERTEX_POINT('',#3048);
#894=VERTEX_POINT('',#3050);
#895=VERTEX_POINT('',#3052);
#896=VERTEX_POINT('',#3054);
#897=VERTEX_POINT('',#3056);
#898=VERTEX_POINT('',#3058);
#899=VERTEX_POINT('',#3061);
#900=VERTEX_POINT('',#3063);
#901=VERTEX_POINT('',#3066);
#902=VERTEX_POINT('',#3068);
#903=VERTEX_POINT('',#3069);
#904=VERTEX_POINT('',#3071);
#905=VERTEX_POINT('',#3073);
#906=VERTEX_POINT('',#3075);
#907=VERTEX_POINT('',#3077);
#908=VERTEX_POINT('',#3079);
#909=VERTEX_POINT('',#3081);
#910=VERTEX_POINT('',#3084);
#911=VERTEX_POINT('',#3085);
#912=VERTEX_POINT('',#3087);
#913=VERTEX_POINT('',#3089);
#914=VERTEX_POINT('',#3091);
#915=VERTEX_POINT('',#3093);
#916=VERTEX_POINT('',#3095);
#917=VERTEX_POINT('',#3097);
#918=VERTEX_POINT('',#3127);
#919=VERTEX_POINT('',#3129);
#920=VERTEX_POINT('',#3133);
#921=VERTEX_POINT('',#3137);
#922=VERTEX_POINT('',#3141);
#923=VERTEX_POINT('',#3143);
#924=VERTEX_POINT('',#3145);
#925=VERTEX_POINT('',#3148);
#926=VERTEX_POINT('',#3150);
#927=VERTEX_POINT('',#3152);
#928=VERTEX_POINT('',#3154);
#929=VERTEX_POINT('',#3156);
#930=VERTEX_POINT('',#3158);
#931=VERTEX_POINT('',#3160);
#932=VERTEX_POINT('',#3162);
#933=VERTEX_POINT('',#3164);
#934=VERTEX_POINT('',#3166);
#935=VERTEX_POINT('',#3168);
#936=VERTEX_POINT('',#3171);
#937=VERTEX_POINT('',#3173);
#938=VERTEX_POINT('',#3180);
#939=VERTEX_POINT('',#3222);
#940=VERTEX_POINT('',#3234);
#941=VERTEX_POINT('',#3238);
#942=VERTEX_POINT('',#3244);
#943=EDGE_CURVE('',#753,#754,#749,.T.);
#944=EDGE_CURVE('',#754,#755,#393,.T.);
#945=EDGE_CURVE('',#755,#756,#750,.T.);
#946=EDGE_CURVE('',#756,#757,#394,.T.);
#947=EDGE_CURVE('',#757,#758,#293,.T.);
#948=EDGE_CURVE('',#753,#758,#751,.F.);
#949=EDGE_CURVE('',#757,#759,#395,.T.);
#950=EDGE_CURVE('',#756,#760,#294,.F.);
#951=EDGE_CURVE('',#761,#760,#396,.T.);
#952=EDGE_CURVE('',#762,#761,#295,.T.);
#953=EDGE_CURVE('',#763,#762,#397,.T.);
#954=EDGE_CURVE('',#764,#763,#296,.T.);
#955=EDGE_CURVE('',#765,#764,#297,.T.);
#956=EDGE_CURVE('',#765,#766,#298,.F.);
#957=EDGE_CURVE('',#766,#767,#398,.T.);
#958=EDGE_CURVE('',#768,#767,#299,.T.);
#959=EDGE_CURVE('',#769,#768,#300,.T.);
#960=EDGE_CURVE('',#770,#769,#301,.T.);
#961=EDGE_CURVE('',#771,#770,#399,.T.);
#962=EDGE_CURVE('',#771,#772,#400,.T.);
#963=EDGE_CURVE('',#773,#772,#302,.T.);
#964=EDGE_CURVE('',#774,#773,#401,.T.);
#965=EDGE_CURVE('',#759,#774,#402,.T.);
#966=EDGE_CURVE('',#775,#775,#303,.T.);
#967=EDGE_CURVE('',#776,#776,#304,.T.);
#968=EDGE_CURVE('',#777,#777,#305,.T.);
#969=EDGE_CURVE('',#755,#778,#403,.T.);
#970=EDGE_CURVE('',#778,#779,#306,.T.);
#971=EDGE_CURVE('',#779,#760,#404,.T.);
#972=EDGE_CURVE('',#780,#754,#307,.T.);
#973=EDGE_CURVE('',#781,#780,#405,.T.);
#974=EDGE_CURVE('',#782,#781,#406,.T.);
#975=EDGE_CURVE('',#783,#782,#407,.T.);
#976=EDGE_CURVE('',#784,#783,#308,.T.);
#977=EDGE_CURVE('',#778,#784,#408,.T.);
#978=EDGE_CURVE('',#785,#786,#309,.T.);
#979=EDGE_CURVE('',#786,#787,#409,.T.);
#980=EDGE_CURVE('',#787,#788,#310,.T.);
#981=EDGE_CURVE('',#788,#785,#410,.T.);
#982=EDGE_CURVE('',#789,#788,#411,.T.);
#983=EDGE_CURVE('',#790,#789,#412,.T.);
#984=EDGE_CURVE('',#785,#790,#413,.T.);
#985=EDGE_CURVE('',#791,#787,#311,.T.);
#986=EDGE_CURVE('',#792,#791,#414,.T.);
#987=EDGE_CURVE('',#781,#792,#312,.T.);
#988=EDGE_CURVE('',#793,#780,#415,.T.);
#989=EDGE_CURVE('',#793,#794,#416,.T.);
#990=EDGE_CURVE('',#795,#794,#313,.T.);
#991=EDGE_CURVE('',#795,#796,#417,.T.);
#992=EDGE_CURVE('',#797,#796,#314,.T.);
#993=EDGE_CURVE('',#797,#798,#418,.T.);
#994=EDGE_CURVE('',#799,#798,#315,.T.);
#995=EDGE_CURVE('',#799,#800,#419,.T.);
#996=EDGE_CURVE('',#800,#801,#420,.T.);
#997=EDGE_CURVE('',#802,#801,#316,.T.);
#998=EDGE_CURVE('',#802,#803,#421,.T.);
#999=EDGE_CURVE('',#804,#803,#317,.T.);
#1000=EDGE_CURVE('',#804,#805,#422,.T.);
#1001=EDGE_CURVE('',#806,#805,#318,.T.);
#1002=EDGE_CURVE('',#806,#807,#423,.T.);
#1003=EDGE_CURVE('',#808,#807,#319,.T.);
#1004=EDGE_CURVE('',#808,#809,#424,.T.);
#1005=EDGE_CURVE('',#810,#809,#320,.T.);
#1006=EDGE_CURVE('',#811,#810,#321,.T.);
#1007=EDGE_CURVE('',#811,#812,#425,.T.);
#1008=EDGE_CURVE('',#813,#812,#322,.T.);
#1009=EDGE_CURVE('',#813,#814,#426,.T.);
#1010=EDGE_CURVE('',#815,#814,#323,.T.);
#1011=EDGE_CURVE('',#815,#816,#427,.T.);
#1012=EDGE_CURVE('',#817,#816,#324,.T.);
#1013=EDGE_CURVE('',#817,#818,#428,.T.);
#1014=EDGE_CURVE('',#819,#818,#325,.T.);
#1015=EDGE_CURVE('',#819,#820,#429,.T.);
#1016=EDGE_CURVE('',#821,#820,#326,.T.);
#1017=EDGE_CURVE('',#821,#822,#327,.F.);
#1018=EDGE_CURVE('',#822,#823,#430,.T.);
#1019=EDGE_CURVE('',#823,#824,#431,.T.);
#1020=EDGE_CURVE('',#825,#824,#328,.T.);
#1021=EDGE_CURVE('',#825,#826,#432,.T.);
#1022=EDGE_CURVE('',#827,#826,#329,.T.);
#1023=EDGE_CURVE('',#828,#827,#433,.T.);
#1024=EDGE_CURVE('',#829,#828,#330,.T.);
#1025=EDGE_CURVE('',#830,#829,#434,.T.);
#1026=EDGE_CURVE('',#831,#830,#331,.T.);
#1027=EDGE_CURVE('',#832,#831,#435,.T.);
#1028=EDGE_CURVE('',#789,#832,#332,.T.);
#1029=EDGE_CURVE('',#833,#833,#333,.T.);
#1030=EDGE_CURVE('',#834,#834,#334,.T.);
#1031=EDGE_CURVE('',#835,#835,#335,.T.);
#1032=EDGE_CURVE('',#836,#836,#336,.T.);
#1033=EDGE_CURVE('',#837,#838,#436,.T.);
#1034=EDGE_CURVE('',#839,#838,#337,.T.);
#1035=EDGE_CURVE('',#839,#840,#437,.T.);
#1036=EDGE_CURVE('',#841,#840,#338,.T.);
#1037=EDGE_CURVE('',#841,#842,#438,.T.);
#1038=EDGE_CURVE('',#843,#842,#339,.T.);
#1039=EDGE_CURVE('',#843,#844,#439,.T.);
#1040=EDGE_CURVE('',#837,#844,#340,.T.);
#1041=EDGE_CURVE('',#845,#846,#440,.T.);
#1042=EDGE_CURVE('',#847,#846,#341,.T.);
#1043=EDGE_CURVE('',#847,#848,#441,.T.);
#1044=EDGE_CURVE('',#849,#848,#342,.T.);
#1045=EDGE_CURVE('',#849,#850,#442,.T.);
#1046=EDGE_CURVE('',#851,#850,#343,.T.);
#1047=EDGE_CURVE('',#851,#852,#443,.T.);
#1048=EDGE_CURVE('',#845,#852,#344,.T.);
#1049=EDGE_CURVE('',#833,#853,#444,.T.);
#1050=EDGE_CURVE('',#853,#853,#345,.T.);
#1051=EDGE_CURVE('',#834,#854,#445,.T.);
#1052=EDGE_CURVE('',#854,#854,#346,.T.);
#1053=EDGE_CURVE('',#835,#855,#446,.T.);
#1054=EDGE_CURVE('',#855,#855,#347,.T.);
#1055=EDGE_CURVE('',#777,#856,#447,.T.);
#1056=EDGE_CURVE('',#856,#856,#348,.T.);
#1057=EDGE_CURVE('',#857,#858,#349,.T.);
#1058=EDGE_CURVE('',#858,#810,#448,.T.);
#1059=EDGE_CURVE('',#809,#857,#449,.T.);
#1060=EDGE_CURVE('',#859,#790,#350,.T.);
#1061=EDGE_CURVE('',#859,#860,#450,.T.);
#1062=EDGE_CURVE('',#861,#860,#351,.T.);
#1063=EDGE_CURVE('',#861,#862,#451,.T.);
#1064=EDGE_CURVE('',#863,#862,#352,.T.);
#1065=EDGE_CURVE('',#863,#864,#452,.T.);
#1066=EDGE_CURVE('',#865,#864,#353,.T.);
#1067=EDGE_CURVE('',#865,#866,#453,.T.);
#1068=EDGE_CURVE('',#867,#866,#354,.T.);
#1069=EDGE_CURVE('',#867,#868,#454,.T.);
#1070=EDGE_CURVE('',#868,#869,#455,.T.);
#1071=EDGE_CURVE('',#870,#869,#355,.T.);
#1072=EDGE_CURVE('',#871,#870,#356,.T.);
#1073=EDGE_CURVE('',#872,#871,#456,.T.);
#1074=EDGE_CURVE('',#873,#872,#357,.T.);
#1075=EDGE_CURVE('',#874,#873,#457,.T.);
#1076=EDGE_CURVE('',#875,#874,#358,.T.);
#1077=EDGE_CURVE('',#876,#875,#458,.T.);
#1078=EDGE_CURVE('',#877,#876,#359,.T.);
#1079=EDGE_CURVE('',#878,#877,#459,.T.);
#1080=EDGE_CURVE('',#879,#878,#360,.T.);
#1081=EDGE_CURVE('',#879,#880,#460,.T.);
#1082=EDGE_CURVE('',#858,#880,#361,.T.);
#1083=EDGE_CURVE('',#857,#881,#461,.T.);
#1084=EDGE_CURVE('',#882,#881,#362,.T.);
#1085=EDGE_CURVE('',#882,#883,#462,.T.);
#1086=EDGE_CURVE('',#884,#883,#363,.T.);
#1087=EDGE_CURVE('',#884,#885,#463,.T.);
#1088=EDGE_CURVE('',#886,#885,#364,.T.);
#1089=EDGE_CURVE('',#886,#887,#464,.T.);
#1090=EDGE_CURVE('',#888,#887,#365,.T.);
#1091=EDGE_CURVE('',#888,#889,#465,.T.);
#1092=EDGE_CURVE('',#889,#890,#466,.T.);
#1093=EDGE_CURVE('',#891,#890,#366,.T.);
#1094=EDGE_CURVE('',#891,#892,#467,.T.);
#1095=EDGE_CURVE('',#893,#892,#367,.T.);
#1096=EDGE_CURVE('',#893,#894,#468,.T.);
#1097=EDGE_CURVE('',#895,#894,#368,.T.);
#1098=EDGE_CURVE('',#895,#896,#469,.T.);
#1099=EDGE_CURVE('',#896,#897,#470,.T.);
#1100=EDGE_CURVE('',#898,#897,#471,.T.);
#1101=EDGE_CURVE('',#783,#898,#472,.T.);
#1102=EDGE_CURVE('',#899,#782,#369,.T.);
#1103=EDGE_CURVE('',#899,#900,#473,.T.);
#1104=EDGE_CURVE('',#786,#900,#370,.T.);
#1105=EDGE_CURVE('',#901,#901,#371,.T.);
#1106=EDGE_CURVE('',#902,#903,#372,.T.);
#1107=EDGE_CURVE('',#904,#902,#474,.T.);
#1108=EDGE_CURVE('',#905,#904,#373,.T.);
#1109=EDGE_CURVE('',#906,#905,#475,.T.);
#1110=EDGE_CURVE('',#907,#906,#374,.T.);
#1111=EDGE_CURVE('',#908,#907,#476,.T.);
#1112=EDGE_CURVE('',#909,#908,#375,.T.);
#1113=EDGE_CURVE('',#903,#909,#477,.T.);
#1114=EDGE_CURVE('',#910,#911,#376,.T.);
#1115=EDGE_CURVE('',#912,#910,#478,.T.);
#1116=EDGE_CURVE('',#913,#912,#377,.T.);
#1117=EDGE_CURVE('',#914,#913,#479,.T.);
#1118=EDGE_CURVE('',#915,#914,#378,.T.);
#1119=EDGE_CURVE('',#916,#915,#480,.T.);
#1120=EDGE_CURVE('',#917,#916,#379,.T.);
#1121=EDGE_CURVE('',#911,#917,#481,.T.);
#1122=EDGE_CURVE('',#881,#808,#482,.T.);
#1123=EDGE_CURVE('',#807,#882,#483,.T.);
#1124=EDGE_CURVE('',#801,#888,#484,.T.);
#1125=EDGE_CURVE('',#887,#802,#485,.T.);
#1126=EDGE_CURVE('',#800,#889,#486,.T.);
#1127=EDGE_CURVE('',#803,#886,#487,.T.);
#1128=EDGE_CURVE('',#885,#804,#488,.T.);
#1129=EDGE_CURVE('',#796,#893,#489,.T.);
#1130=EDGE_CURVE('',#892,#797,#490,.T.);
#1131=EDGE_CURVE('',#894,#795,#491,.T.);
#1132=EDGE_CURVE('',#890,#799,#492,.T.);
#1133=EDGE_CURVE('',#883,#806,#493,.T.);
#1134=EDGE_CURVE('',#880,#811,#494,.T.);
#1135=EDGE_CURVE('',#812,#879,#495,.T.);
#1136=EDGE_CURVE('',#765,#918,#496,.T.);
#1137=EDGE_CURVE('',#918,#919,#380,.T.);
#1138=EDGE_CURVE('',#919,#766,#497,.T.);
#1139=EDGE_CURVE('',#920,#919,#498,.T.);
#1140=EDGE_CURVE('',#767,#920,#499,.T.);
#1141=EDGE_CURVE('',#764,#921,#500,.T.);
#1142=EDGE_CURVE('',#921,#918,#381,.T.);
#1143=EDGE_CURVE('',#922,#921,#382,.T.);
#1144=EDGE_CURVE('',#922,#923,#501,.T.);
#1145=EDGE_CURVE('',#924,#923,#383,.T.);
#1146=EDGE_CURVE('',#924,#779,#502,.T.);
#1147=EDGE_CURVE('',#784,#925,#503,.T.);
#1148=EDGE_CURVE('',#925,#926,#504,.T.);
#1149=EDGE_CURVE('',#927,#926,#505,.T.);
#1150=EDGE_CURVE('',#928,#927,#506,.T.);
#1151=EDGE_CURVE('',#928,#929,#507,.T.);
#1152=EDGE_CURVE('',#930,#929,#384,.T.);
#1153=EDGE_CURVE('',#930,#931,#508,.T.);
#1154=EDGE_CURVE('',#931,#932,#509,.T.);
#1155=EDGE_CURVE('',#932,#933,#510,.T.);
#1156=EDGE_CURVE('',#934,#933,#385,.T.);
#1157=EDGE_CURVE('',#935,#934,#386,.T.);
#1158=EDGE_CURVE('',#920,#935,#387,.T.);
#1159=EDGE_CURVE('',#936,#936,#388,.T.);
#1160=EDGE_CURVE('',#937,#937,#389,.T.);
#1161=EDGE_CURVE('',#935,#768,#511,.T.);
#1162=EDGE_CURVE('',#934,#769,#512,.T.);
#1163=EDGE_CURVE('',#933,#938,#513,.T.);
#1164=EDGE_CURVE('',#938,#770,#15,.T.);
#1165=EDGE_CURVE('',#763,#922,#514,.T.);
#1166=EDGE_CURVE('',#938,#932,#515,.T.);
#1167=EDGE_CURVE('',#931,#771,#516,.T.);
#1168=EDGE_CURVE('',#820,#871,#517,.T.);
#1169=EDGE_CURVE('',#870,#821,#518,.T.);
#1170=EDGE_CURVE('',#869,#822,#519,.T.);
#1171=EDGE_CURVE('',#923,#762,#520,.T.);
#1172=EDGE_CURVE('',#761,#924,#521,.T.);
#1173=EDGE_CURVE('',#824,#867,#522,.T.);
#1174=EDGE_CURVE('',#866,#825,#523,.T.);
#1175=EDGE_CURVE('',#823,#868,#524,.T.);
#1176=EDGE_CURVE('',#830,#861,#525,.T.);
#1177=EDGE_CURVE('',#860,#831,#526,.T.);
#1178=EDGE_CURVE('',#862,#829,#527,.T.);
#1179=EDGE_CURVE('',#828,#863,#528,.T.);
#1180=EDGE_CURVE('',#826,#865,#529,.T.);
#1181=EDGE_CURVE('',#864,#827,#530,.T.);
#1182=EDGE_CURVE('',#832,#859,#531,.T.);
#1183=EDGE_CURVE('',#792,#899,#532,.T.);
#1184=EDGE_CURVE('',#900,#791,#533,.T.);
#1185=EDGE_CURVE('',#939,#774,#390,.T.);
#1186=EDGE_CURVE('',#939,#759,#534,.T.);
#1187=EDGE_CURVE('',#758,#939,#535,.F.);
#1188=EDGE_CURVE('',#925,#898,#16,.T.);
#1189=EDGE_CURVE('',#753,#940,#536,.T.);
#1190=EDGE_CURVE('',#940,#793,#391,.T.);
#1191=EDGE_CURVE('',#940,#941,#392,.F.);
#1192=EDGE_CURVE('',#941,#928,#537,.T.);
#1193=EDGE_CURVE('',#896,#927,#538,.T.);
#1194=EDGE_CURVE('',#794,#895,#539,.T.);
#1195=EDGE_CURVE('',#773,#942,#752,.T.);
#1196=EDGE_CURVE('',#942,#941,#540,.T.);
#1197=EDGE_CURVE('',#929,#942,#541,.F.);
#1198=EDGE_CURVE('',#897,#926,#17,.T.);
#1199=EDGE_CURVE('',#805,#884,#542,.T.);
#1200=EDGE_CURVE('',#798,#891,#543,.T.);
#1201=EDGE_CURVE('',#901,#836,#544,.T.);
#1202=EDGE_CURVE('',#903,#845,#545,.T.);
#1203=EDGE_CURVE('',#852,#902,#546,.T.);
#1204=EDGE_CURVE('',#846,#909,#547,.T.);
#1205=EDGE_CURVE('',#904,#851,#548,.T.);
#1206=EDGE_CURVE('',#850,#905,#549,.T.);
#1207=EDGE_CURVE('',#906,#849,#550,.T.);
#1208=EDGE_CURVE('',#848,#907,#551,.T.);
#1209=EDGE_CURVE('',#908,#847,#552,.T.);
#1210=EDGE_CURVE('',#916,#839,#553,.T.);
#1211=EDGE_CURVE('',#838,#917,#554,.T.);
#1212=EDGE_CURVE('',#840,#915,#555,.T.);
#1213=EDGE_CURVE('',#914,#841,#556,.T.);
#1214=EDGE_CURVE('',#842,#913,#557,.T.);
#1215=EDGE_CURVE('',#912,#843,#558,.T.);
#1216=EDGE_CURVE('',#844,#910,#559,.T.);
#1217=EDGE_CURVE('',#911,#837,#560,.T.);
#1218=EDGE_CURVE('',#872,#819,#561,.T.);
#1219=EDGE_CURVE('',#818,#873,#562,.T.);
#1220=EDGE_CURVE('',#816,#875,#563,.T.);
#1221=EDGE_CURVE('',#874,#817,#564,.T.);
#1222=EDGE_CURVE('',#878,#813,#565,.T.);
#1223=EDGE_CURVE('',#814,#877,#566,.T.);
#1224=EDGE_CURVE('',#876,#815,#567,.T.);
#1225=EDGE_CURVE('',#772,#930,#568,.T.);
#1226=EDGE_CURVE('',#937,#776,#569,.T.);
#1227=EDGE_CURVE('',#936,#775,#570,.T.);
#1228=ORIENTED_EDGE('',*,*,#943,.T.);
#1229=ORIENTED_EDGE('',*,*,#944,.T.);
#1230=ORIENTED_EDGE('',*,*,#945,.T.);
#1231=ORIENTED_EDGE('',*,*,#946,.T.);
#1232=ORIENTED_EDGE('',*,*,#947,.T.);
#1233=ORIENTED_EDGE('',*,*,#948,.F.);
#1234=ORIENTED_EDGE('',*,*,#949,.F.);
#1235=ORIENTED_EDGE('',*,*,#946,.F.);
#1236=ORIENTED_EDGE('',*,*,#950,.T.);
#1237=ORIENTED_EDGE('',*,*,#951,.F.);
#1238=ORIENTED_EDGE('',*,*,#952,.F.);
#1239=ORIENTED_EDGE('',*,*,#953,.F.);
#1240=ORIENTED_EDGE('',*,*,#954,.F.);
#1241=ORIENTED_EDGE('',*,*,#955,.F.);
#1242=ORIENTED_EDGE('',*,*,#956,.T.);
#1243=ORIENTED_EDGE('',*,*,#957,.T.);
#1244=ORIENTED_EDGE('',*,*,#958,.F.);
#1245=ORIENTED_EDGE('',*,*,#959,.F.);
#1246=ORIENTED_EDGE('',*,*,#960,.F.);
#1247=ORIENTED_EDGE('',*,*,#961,.F.);
#1248=ORIENTED_EDGE('',*,*,#962,.T.);
#1249=ORIENTED_EDGE('',*,*,#963,.F.);
#1250=ORIENTED_EDGE('',*,*,#964,.F.);
#1251=ORIENTED_EDGE('',*,*,#965,.F.);
#1252=ORIENTED_EDGE('',*,*,#966,.T.);
#1253=ORIENTED_EDGE('',*,*,#967,.T.);
#1254=ORIENTED_EDGE('',*,*,#968,.T.);
#1255=ORIENTED_EDGE('',*,*,#969,.T.);
#1256=ORIENTED_EDGE('',*,*,#970,.T.);
#1257=ORIENTED_EDGE('',*,*,#971,.T.);
#1258=ORIENTED_EDGE('',*,*,#950,.F.);
#1259=ORIENTED_EDGE('',*,*,#945,.F.);
#1260=ORIENTED_EDGE('',*,*,#944,.F.);
#1261=ORIENTED_EDGE('',*,*,#972,.F.);
#1262=ORIENTED_EDGE('',*,*,#973,.F.);
#1263=ORIENTED_EDGE('',*,*,#974,.F.);
#1264=ORIENTED_EDGE('',*,*,#975,.F.);
#1265=ORIENTED_EDGE('',*,*,#976,.F.);
#1266=ORIENTED_EDGE('',*,*,#977,.F.);
#1267=ORIENTED_EDGE('',*,*,#969,.F.);
#1268=ORIENTED_EDGE('',*,*,#978,.T.);
#1269=ORIENTED_EDGE('',*,*,#979,.T.);
#1270=ORIENTED_EDGE('',*,*,#980,.T.);
#1271=ORIENTED_EDGE('',*,*,#981,.T.);
#1272=ORIENTED_EDGE('',*,*,#981,.F.);
#1273=ORIENTED_EDGE('',*,*,#982,.F.);
#1274=ORIENTED_EDGE('',*,*,#983,.F.);
#1275=ORIENTED_EDGE('',*,*,#984,.F.);
#1276=ORIENTED_EDGE('',*,*,#980,.F.);
#1277=ORIENTED_EDGE('',*,*,#985,.F.);
#1278=ORIENTED_EDGE('',*,*,#986,.F.);
#1279=ORIENTED_EDGE('',*,*,#987,.F.);
#1280=ORIENTED_EDGE('',*,*,#973,.T.);
#1281=ORIENTED_EDGE('',*,*,#988,.F.);
#1282=ORIENTED_EDGE('',*,*,#989,.T.);
#1283=ORIENTED_EDGE('',*,*,#990,.F.);
#1284=ORIENTED_EDGE('',*,*,#991,.T.);
#1285=ORIENTED_EDGE('',*,*,#992,.F.);
#1286=ORIENTED_EDGE('',*,*,#993,.T.);
#1287=ORIENTED_EDGE('',*,*,#994,.F.);
#1288=ORIENTED_EDGE('',*,*,#995,.T.);
#1289=ORIENTED_EDGE('',*,*,#996,.T.);
#1290=ORIENTED_EDGE('',*,*,#997,.F.);
#1291=ORIENTED_EDGE('',*,*,#998,.T.);
#1292=ORIENTED_EDGE('',*,*,#999,.F.);
#1293=ORIENTED_EDGE('',*,*,#1000,.T.);
#1294=ORIENTED_EDGE('',*,*,#1001,.F.);
#1295=ORIENTED_EDGE('',*,*,#1002,.T.);
#1296=ORIENTED_EDGE('',*,*,#1003,.F.);
#1297=ORIENTED_EDGE('',*,*,#1004,.T.);
#1298=ORIENTED_EDGE('',*,*,#1005,.F.);
#1299=ORIENTED_EDGE('',*,*,#1006,.F.);
#1300=ORIENTED_EDGE('',*,*,#1007,.T.);
#1301=ORIENTED_EDGE('',*,*,#1008,.F.);
#1302=ORIENTED_EDGE('',*,*,#1009,.T.);
#1303=ORIENTED_EDGE('',*,*,#1010,.F.);
#1304=ORIENTED_EDGE('',*,*,#1011,.T.);
#1305=ORIENTED_EDGE('',*,*,#1012,.F.);
#1306=ORIENTED_EDGE('',*,*,#1013,.T.);
#1307=ORIENTED_EDGE('',*,*,#1014,.F.);
#1308=ORIENTED_EDGE('',*,*,#1015,.T.);
#1309=ORIENTED_EDGE('',*,*,#1016,.F.);
#1310=ORIENTED_EDGE('',*,*,#1017,.T.);
#1311=ORIENTED_EDGE('',*,*,#1018,.T.);
#1312=ORIENTED_EDGE('',*,*,#1019,.T.);
#1313=ORIENTED_EDGE('',*,*,#1020,.F.);
#1314=ORIENTED_EDGE('',*,*,#1021,.T.);
#1315=ORIENTED_EDGE('',*,*,#1022,.F.);
#1316=ORIENTED_EDGE('',*,*,#1023,.F.);
#1317=ORIENTED_EDGE('',*,*,#1024,.F.);
#1318=ORIENTED_EDGE('',*,*,#1025,.F.);
#1319=ORIENTED_EDGE('',*,*,#1026,.F.);
#1320=ORIENTED_EDGE('',*,*,#1027,.F.);
#1321=ORIENTED_EDGE('',*,*,#1028,.F.);
#1322=ORIENTED_EDGE('',*,*,#982,.T.);
#1323=ORIENTED_EDGE('',*,*,#1029,.T.);
#1324=ORIENTED_EDGE('',*,*,#1030,.T.);
#1325=ORIENTED_EDGE('',*,*,#1031,.T.);
#1326=ORIENTED_EDGE('',*,*,#1032,.T.);
#1327=ORIENTED_EDGE('',*,*,#1033,.T.);
#1328=ORIENTED_EDGE('',*,*,#1034,.F.);
#1329=ORIENTED_EDGE('',*,*,#1035,.T.);
#1330=ORIENTED_EDGE('',*,*,#1036,.F.);
#1331=ORIENTED_EDGE('',*,*,#1037,.T.);
#1332=ORIENTED_EDGE('',*,*,#1038,.F.);
#1333=ORIENTED_EDGE('',*,*,#1039,.T.);
#1334=ORIENTED_EDGE('',*,*,#1040,.F.);
#1335=ORIENTED_EDGE('',*,*,#1041,.T.);
#1336=ORIENTED_EDGE('',*,*,#1042,.F.);
#1337=ORIENTED_EDGE('',*,*,#1043,.T.);
#1338=ORIENTED_EDGE('',*,*,#1044,.F.);
#1339=ORIENTED_EDGE('',*,*,#1045,.T.);
#1340=ORIENTED_EDGE('',*,*,#1046,.F.);
#1341=ORIENTED_EDGE('',*,*,#1047,.T.);
#1342=ORIENTED_EDGE('',*,*,#1048,.F.);
#1343=ORIENTED_EDGE('',*,*,#1029,.F.);
#1344=ORIENTED_EDGE('',*,*,#1049,.T.);
#1345=ORIENTED_EDGE('',*,*,#1050,.F.);
#1346=ORIENTED_EDGE('',*,*,#1049,.F.);
#1347=ORIENTED_EDGE('',*,*,#1030,.F.);
#1348=ORIENTED_EDGE('',*,*,#1051,.T.);
#1349=ORIENTED_EDGE('',*,*,#1052,.F.);
#1350=ORIENTED_EDGE('',*,*,#1051,.F.);
#1351=ORIENTED_EDGE('',*,*,#1031,.F.);
#1352=ORIENTED_EDGE('',*,*,#1053,.T.);
#1353=ORIENTED_EDGE('',*,*,#1054,.F.);
#1354=ORIENTED_EDGE('',*,*,#1053,.F.);
#1355=ORIENTED_EDGE('',*,*,#968,.F.);
#1356=ORIENTED_EDGE('',*,*,#1055,.T.);
#1357=ORIENTED_EDGE('',*,*,#1056,.F.);
#1358=ORIENTED_EDGE('',*,*,#1055,.F.);
#1359=ORIENTED_EDGE('',*,*,#1057,.T.);
#1360=ORIENTED_EDGE('',*,*,#1058,.T.);
#1361=ORIENTED_EDGE('',*,*,#1005,.T.);
#1362=ORIENTED_EDGE('',*,*,#1059,.T.);
#1363=ORIENTED_EDGE('',*,*,#978,.F.);
#1364=ORIENTED_EDGE('',*,*,#984,.T.);
#1365=ORIENTED_EDGE('',*,*,#1060,.F.);
#1366=ORIENTED_EDGE('',*,*,#1061,.T.);
#1367=ORIENTED_EDGE('',*,*,#1062,.F.);
#1368=ORIENTED_EDGE('',*,*,#1063,.T.);
#1369=ORIENTED_EDGE('',*,*,#1064,.F.);
#1370=ORIENTED_EDGE('',*,*,#1065,.T.);
#1371=ORIENTED_EDGE('',*,*,#1066,.F.);
#1372=ORIENTED_EDGE('',*,*,#1067,.T.);
#1373=ORIENTED_EDGE('',*,*,#1068,.F.);
#1374=ORIENTED_EDGE('',*,*,#1069,.T.);
#1375=ORIENTED_EDGE('',*,*,#1070,.T.);
#1376=ORIENTED_EDGE('',*,*,#1071,.F.);
#1377=ORIENTED_EDGE('',*,*,#1072,.F.);
#1378=ORIENTED_EDGE('',*,*,#1073,.F.);
#1379=ORIENTED_EDGE('',*,*,#1074,.F.);
#1380=ORIENTED_EDGE('',*,*,#1075,.F.);
#1381=ORIENTED_EDGE('',*,*,#1076,.F.);
#1382=ORIENTED_EDGE('',*,*,#1077,.F.);
#1383=ORIENTED_EDGE('',*,*,#1078,.F.);
#1384=ORIENTED_EDGE('',*,*,#1079,.F.);
#1385=ORIENTED_EDGE('',*,*,#1080,.F.);
#1386=ORIENTED_EDGE('',*,*,#1081,.T.);
#1387=ORIENTED_EDGE('',*,*,#1082,.F.);
#1388=ORIENTED_EDGE('',*,*,#1057,.F.);
#1389=ORIENTED_EDGE('',*,*,#1083,.T.);
#1390=ORIENTED_EDGE('',*,*,#1084,.F.);
#1391=ORIENTED_EDGE('',*,*,#1085,.T.);
#1392=ORIENTED_EDGE('',*,*,#1086,.F.);
#1393=ORIENTED_EDGE('',*,*,#1087,.T.);
#1394=ORIENTED_EDGE('',*,*,#1088,.F.);
#1395=ORIENTED_EDGE('',*,*,#1089,.T.);
#1396=ORIENTED_EDGE('',*,*,#1090,.F.);
#1397=ORIENTED_EDGE('',*,*,#1091,.T.);
#1398=ORIENTED_EDGE('',*,*,#1092,.T.);
#1399=ORIENTED_EDGE('',*,*,#1093,.F.);
#1400=ORIENTED_EDGE('',*,*,#1094,.T.);
#1401=ORIENTED_EDGE('',*,*,#1095,.F.);
#1402=ORIENTED_EDGE('',*,*,#1096,.T.);
#1403=ORIENTED_EDGE('',*,*,#1097,.F.);
#1404=ORIENTED_EDGE('',*,*,#1098,.T.);
#1405=ORIENTED_EDGE('',*,*,#1099,.T.);
#1406=ORIENTED_EDGE('',*,*,#1100,.F.);
#1407=ORIENTED_EDGE('',*,*,#1101,.F.);
#1408=ORIENTED_EDGE('',*,*,#975,.T.);
#1409=ORIENTED_EDGE('',*,*,#1102,.F.);
#1410=ORIENTED_EDGE('',*,*,#1103,.T.);
#1411=ORIENTED_EDGE('',*,*,#1104,.F.);
#1412=ORIENTED_EDGE('',*,*,#1105,.T.);
#1413=ORIENTED_EDGE('',*,*,#1106,.F.);
#1414=ORIENTED_EDGE('',*,*,#1107,.F.);
#1415=ORIENTED_EDGE('',*,*,#1108,.F.);
#1416=ORIENTED_EDGE('',*,*,#1109,.F.);
#1417=ORIENTED_EDGE('',*,*,#1110,.F.);
#1418=ORIENTED_EDGE('',*,*,#1111,.F.);
#1419=ORIENTED_EDGE('',*,*,#1112,.F.);
#1420=ORIENTED_EDGE('',*,*,#1113,.F.);
#1421=ORIENTED_EDGE('',*,*,#1114,.F.);
#1422=ORIENTED_EDGE('',*,*,#1115,.F.);
#1423=ORIENTED_EDGE('',*,*,#1116,.F.);
#1424=ORIENTED_EDGE('',*,*,#1117,.F.);
#1425=ORIENTED_EDGE('',*,*,#1118,.F.);
#1426=ORIENTED_EDGE('',*,*,#1119,.F.);
#1427=ORIENTED_EDGE('',*,*,#1120,.F.);
#1428=ORIENTED_EDGE('',*,*,#1121,.F.);
#1429=ORIENTED_EDGE('',*,*,#1054,.T.);
#1430=ORIENTED_EDGE('',*,*,#1052,.T.);
#1431=ORIENTED_EDGE('',*,*,#1050,.T.);
#1432=ORIENTED_EDGE('',*,*,#1059,.F.);
#1433=ORIENTED_EDGE('',*,*,#1004,.F.);
#1434=ORIENTED_EDGE('',*,*,#1122,.F.);
#1435=ORIENTED_EDGE('',*,*,#1083,.F.);
#1436=ORIENTED_EDGE('',*,*,#1084,.T.);
#1437=ORIENTED_EDGE('',*,*,#1122,.T.);
#1438=ORIENTED_EDGE('',*,*,#1003,.T.);
#1439=ORIENTED_EDGE('',*,*,#1123,.T.);
#1440=ORIENTED_EDGE('',*,*,#997,.T.);
#1441=ORIENTED_EDGE('',*,*,#1124,.T.);
#1442=ORIENTED_EDGE('',*,*,#1090,.T.);
#1443=ORIENTED_EDGE('',*,*,#1125,.T.);
#1444=ORIENTED_EDGE('',*,*,#1124,.F.);
#1445=ORIENTED_EDGE('',*,*,#996,.F.);
#1446=ORIENTED_EDGE('',*,*,#1126,.T.);
#1447=ORIENTED_EDGE('',*,*,#1091,.F.);
#1448=ORIENTED_EDGE('',*,*,#999,.T.);
#1449=ORIENTED_EDGE('',*,*,#1127,.T.);
#1450=ORIENTED_EDGE('',*,*,#1088,.T.);
#1451=ORIENTED_EDGE('',*,*,#1128,.T.);
#1452=ORIENTED_EDGE('',*,*,#1125,.F.);
#1453=ORIENTED_EDGE('',*,*,#1089,.F.);
#1454=ORIENTED_EDGE('',*,*,#1127,.F.);
#1455=ORIENTED_EDGE('',*,*,#998,.F.);
#1456=ORIENTED_EDGE('',*,*,#992,.T.);
#1457=ORIENTED_EDGE('',*,*,#1129,.T.);
#1458=ORIENTED_EDGE('',*,*,#1095,.T.);
#1459=ORIENTED_EDGE('',*,*,#1130,.T.);
#1460=ORIENTED_EDGE('',*,*,#1129,.F.);
#1461=ORIENTED_EDGE('',*,*,#991,.F.);
#1462=ORIENTED_EDGE('',*,*,#1131,.F.);
#1463=ORIENTED_EDGE('',*,*,#1096,.F.);
#1464=ORIENTED_EDGE('',*,*,#995,.F.);
#1465=ORIENTED_EDGE('',*,*,#1132,.F.);
#1466=ORIENTED_EDGE('',*,*,#1092,.F.);
#1467=ORIENTED_EDGE('',*,*,#1126,.F.);
#1468=ORIENTED_EDGE('',*,*,#1002,.F.);
#1469=ORIENTED_EDGE('',*,*,#1133,.F.);
#1470=ORIENTED_EDGE('',*,*,#1085,.F.);
#1471=ORIENTED_EDGE('',*,*,#1123,.F.);
#1472=ORIENTED_EDGE('',*,*,#1058,.F.);
#1473=ORIENTED_EDGE('',*,*,#1082,.T.);
#1474=ORIENTED_EDGE('',*,*,#1134,.T.);
#1475=ORIENTED_EDGE('',*,*,#1006,.T.);
#1476=ORIENTED_EDGE('',*,*,#1134,.F.);
#1477=ORIENTED_EDGE('',*,*,#1081,.F.);
#1478=ORIENTED_EDGE('',*,*,#1135,.F.);
#1479=ORIENTED_EDGE('',*,*,#1007,.F.);
#1480=ORIENTED_EDGE('',*,*,#956,.F.);
#1481=ORIENTED_EDGE('',*,*,#1136,.T.);
#1482=ORIENTED_EDGE('',*,*,#1137,.T.);
#1483=ORIENTED_EDGE('',*,*,#1138,.T.);
#1484=ORIENTED_EDGE('',*,*,#1138,.F.);
#1485=ORIENTED_EDGE('',*,*,#1139,.F.);
#1486=ORIENTED_EDGE('',*,*,#1140,.F.);
#1487=ORIENTED_EDGE('',*,*,#957,.F.);
#1488=ORIENTED_EDGE('',*,*,#1136,.F.);
#1489=ORIENTED_EDGE('',*,*,#955,.T.);
#1490=ORIENTED_EDGE('',*,*,#1141,.T.);
#1491=ORIENTED_EDGE('',*,*,#1142,.T.);
#1492=ORIENTED_EDGE('',*,*,#1142,.F.);
#1493=ORIENTED_EDGE('',*,*,#1143,.F.);
#1494=ORIENTED_EDGE('',*,*,#1144,.T.);
#1495=ORIENTED_EDGE('',*,*,#1145,.F.);
#1496=ORIENTED_EDGE('',*,*,#1146,.T.);
#1497=ORIENTED_EDGE('',*,*,#970,.F.);
#1498=ORIENTED_EDGE('',*,*,#977,.T.);
#1499=ORIENTED_EDGE('',*,*,#1147,.T.);
#1500=ORIENTED_EDGE('',*,*,#1148,.T.);
#1501=ORIENTED_EDGE('',*,*,#1149,.F.);
#1502=ORIENTED_EDGE('',*,*,#1150,.F.);
#1503=ORIENTED_EDGE('',*,*,#1151,.T.);
#1504=ORIENTED_EDGE('',*,*,#1152,.F.);
#1505=ORIENTED_EDGE('',*,*,#1153,.T.);
#1506=ORIENTED_EDGE('',*,*,#1154,.T.);
#1507=ORIENTED_EDGE('',*,*,#1155,.T.);
#1508=ORIENTED_EDGE('',*,*,#1156,.F.);
#1509=ORIENTED_EDGE('',*,*,#1157,.F.);
#1510=ORIENTED_EDGE('',*,*,#1158,.F.);
#1511=ORIENTED_EDGE('',*,*,#1139,.T.);
#1512=ORIENTED_EDGE('',*,*,#1137,.F.);
#1513=ORIENTED_EDGE('',*,*,#1056,.T.);
#1514=ORIENTED_EDGE('',*,*,#1159,.T.);
#1515=ORIENTED_EDGE('',*,*,#1160,.T.);
#1516=ORIENTED_EDGE('',*,*,#958,.T.);
#1517=ORIENTED_EDGE('',*,*,#1140,.T.);
#1518=ORIENTED_EDGE('',*,*,#1158,.T.);
#1519=ORIENTED_EDGE('',*,*,#1161,.T.);
#1520=ORIENTED_EDGE('',*,*,#1161,.F.);
#1521=ORIENTED_EDGE('',*,*,#1157,.T.);
#1522=ORIENTED_EDGE('',*,*,#1162,.T.);
#1523=ORIENTED_EDGE('',*,*,#959,.T.);
#1524=ORIENTED_EDGE('',*,*,#1162,.F.);
#1525=ORIENTED_EDGE('',*,*,#1156,.T.);
#1526=ORIENTED_EDGE('',*,*,#1163,.T.);
#1527=ORIENTED_EDGE('',*,*,#1164,.T.);
#1528=ORIENTED_EDGE('',*,*,#960,.T.);
#1529=ORIENTED_EDGE('',*,*,#1141,.F.);
#1530=ORIENTED_EDGE('',*,*,#954,.T.);
#1531=ORIENTED_EDGE('',*,*,#1165,.T.);
#1532=ORIENTED_EDGE('',*,*,#1143,.T.);
#1533=ORIENTED_EDGE('',*,*,#1164,.F.);
#1534=ORIENTED_EDGE('',*,*,#1166,.T.);
#1535=ORIENTED_EDGE('',*,*,#1154,.F.);
#1536=ORIENTED_EDGE('',*,*,#1167,.T.);
#1537=ORIENTED_EDGE('',*,*,#961,.T.);
#1538=ORIENTED_EDGE('',*,*,#1163,.F.);
#1539=ORIENTED_EDGE('',*,*,#1155,.F.);
#1540=ORIENTED_EDGE('',*,*,#1166,.F.);
#1541=ORIENTED_EDGE('',*,*,#1016,.T.);
#1542=ORIENTED_EDGE('',*,*,#1168,.T.);
#1543=ORIENTED_EDGE('',*,*,#1072,.T.);
#1544=ORIENTED_EDGE('',*,*,#1169,.T.);
#1545=ORIENTED_EDGE('',*,*,#1169,.F.);
#1546=ORIENTED_EDGE('',*,*,#1071,.T.);
#1547=ORIENTED_EDGE('',*,*,#1170,.T.);
#1548=ORIENTED_EDGE('',*,*,#1017,.F.);
#1549=ORIENTED_EDGE('',*,*,#1165,.F.);
#1550=ORIENTED_EDGE('',*,*,#953,.T.);
#1551=ORIENTED_EDGE('',*,*,#1171,.F.);
#1552=ORIENTED_EDGE('',*,*,#1144,.F.);
#1553=ORIENTED_EDGE('',*,*,#1145,.T.);
#1554=ORIENTED_EDGE('',*,*,#1171,.T.);
#1555=ORIENTED_EDGE('',*,*,#952,.T.);
#1556=ORIENTED_EDGE('',*,*,#1172,.T.);
#1557=ORIENTED_EDGE('',*,*,#1020,.T.);
#1558=ORIENTED_EDGE('',*,*,#1173,.T.);
#1559=ORIENTED_EDGE('',*,*,#1068,.T.);
#1560=ORIENTED_EDGE('',*,*,#1174,.T.);
#1561=ORIENTED_EDGE('',*,*,#1173,.F.);
#1562=ORIENTED_EDGE('',*,*,#1019,.F.);
#1563=ORIENTED_EDGE('',*,*,#1175,.T.);
#1564=ORIENTED_EDGE('',*,*,#1069,.F.);
#1565=ORIENTED_EDGE('',*,*,#1026,.T.);
#1566=ORIENTED_EDGE('',*,*,#1176,.T.);
#1567=ORIENTED_EDGE('',*,*,#1062,.T.);
#1568=ORIENTED_EDGE('',*,*,#1177,.T.);
#1569=ORIENTED_EDGE('',*,*,#1176,.F.);
#1570=ORIENTED_EDGE('',*,*,#1025,.T.);
#1571=ORIENTED_EDGE('',*,*,#1178,.F.);
#1572=ORIENTED_EDGE('',*,*,#1063,.F.);
#1573=ORIENTED_EDGE('',*,*,#1064,.T.);
#1574=ORIENTED_EDGE('',*,*,#1178,.T.);
#1575=ORIENTED_EDGE('',*,*,#1024,.T.);
#1576=ORIENTED_EDGE('',*,*,#1179,.T.);
#1577=ORIENTED_EDGE('',*,*,#1022,.T.);
#1578=ORIENTED_EDGE('',*,*,#1180,.T.);
#1579=ORIENTED_EDGE('',*,*,#1066,.T.);
#1580=ORIENTED_EDGE('',*,*,#1181,.T.);
#1581=ORIENTED_EDGE('',*,*,#1174,.F.);
#1582=ORIENTED_EDGE('',*,*,#1067,.F.);
#1583=ORIENTED_EDGE('',*,*,#1180,.F.);
#1584=ORIENTED_EDGE('',*,*,#1021,.F.);
#1585=ORIENTED_EDGE('',*,*,#1028,.T.);
#1586=ORIENTED_EDGE('',*,*,#1182,.T.);
#1587=ORIENTED_EDGE('',*,*,#1060,.T.);
#1588=ORIENTED_EDGE('',*,*,#983,.T.);
#1589=ORIENTED_EDGE('',*,*,#987,.T.);
#1590=ORIENTED_EDGE('',*,*,#1183,.T.);
#1591=ORIENTED_EDGE('',*,*,#1102,.T.);
#1592=ORIENTED_EDGE('',*,*,#974,.T.);
#1593=ORIENTED_EDGE('',*,*,#1183,.F.);
#1594=ORIENTED_EDGE('',*,*,#986,.T.);
#1595=ORIENTED_EDGE('',*,*,#1184,.F.);
#1596=ORIENTED_EDGE('',*,*,#1103,.F.);
#1597=ORIENTED_EDGE('',*,*,#979,.F.);
#1598=ORIENTED_EDGE('',*,*,#1104,.T.);
#1599=ORIENTED_EDGE('',*,*,#1184,.T.);
#1600=ORIENTED_EDGE('',*,*,#985,.T.);
#1601=ORIENTED_EDGE('',*,*,#1185,.F.);
#1602=ORIENTED_EDGE('',*,*,#1186,.T.);
#1603=ORIENTED_EDGE('',*,*,#965,.T.);
#1604=ORIENTED_EDGE('',*,*,#1187,.F.);
#1605=ORIENTED_EDGE('',*,*,#947,.F.);
#1606=ORIENTED_EDGE('',*,*,#949,.T.);
#1607=ORIENTED_EDGE('',*,*,#1186,.F.);
#1608=ORIENTED_EDGE('',*,*,#971,.F.);
#1609=ORIENTED_EDGE('',*,*,#1146,.F.);
#1610=ORIENTED_EDGE('',*,*,#1172,.F.);
#1611=ORIENTED_EDGE('',*,*,#951,.T.);
#1612=ORIENTED_EDGE('',*,*,#1179,.F.);
#1613=ORIENTED_EDGE('',*,*,#1023,.T.);
#1614=ORIENTED_EDGE('',*,*,#1181,.F.);
#1615=ORIENTED_EDGE('',*,*,#1065,.F.);
#1616=ORIENTED_EDGE('',*,*,#1177,.F.);
#1617=ORIENTED_EDGE('',*,*,#1061,.F.);
#1618=ORIENTED_EDGE('',*,*,#1182,.F.);
#1619=ORIENTED_EDGE('',*,*,#1027,.T.);
#1620=ORIENTED_EDGE('',*,*,#1170,.F.);
#1621=ORIENTED_EDGE('',*,*,#1070,.F.);
#1622=ORIENTED_EDGE('',*,*,#1175,.F.);
#1623=ORIENTED_EDGE('',*,*,#1018,.F.);
#1624=ORIENTED_EDGE('',*,*,#976,.T.);
#1625=ORIENTED_EDGE('',*,*,#1101,.T.);
#1626=ORIENTED_EDGE('',*,*,#1188,.F.);
#1627=ORIENTED_EDGE('',*,*,#1147,.F.);
#1628=ORIENTED_EDGE('',*,*,#972,.T.);
#1629=ORIENTED_EDGE('',*,*,#943,.F.);
#1630=ORIENTED_EDGE('',*,*,#1189,.T.);
#1631=ORIENTED_EDGE('',*,*,#1190,.T.);
#1632=ORIENTED_EDGE('',*,*,#988,.T.);
#1633=ORIENTED_EDGE('',*,*,#1190,.F.);
#1634=ORIENTED_EDGE('',*,*,#1191,.T.);
#1635=ORIENTED_EDGE('',*,*,#1192,.T.);
#1636=ORIENTED_EDGE('',*,*,#1150,.T.);
#1637=ORIENTED_EDGE('',*,*,#1193,.F.);
#1638=ORIENTED_EDGE('',*,*,#1098,.F.);
#1639=ORIENTED_EDGE('',*,*,#1194,.F.);
#1640=ORIENTED_EDGE('',*,*,#989,.F.);
#1641=ORIENTED_EDGE('',*,*,#1185,.T.);
#1642=ORIENTED_EDGE('',*,*,#964,.T.);
#1643=ORIENTED_EDGE('',*,*,#1195,.T.);
#1644=ORIENTED_EDGE('',*,*,#1196,.T.);
#1645=ORIENTED_EDGE('',*,*,#1191,.F.);
#1646=ORIENTED_EDGE('',*,*,#1189,.F.);
#1647=ORIENTED_EDGE('',*,*,#948,.T.);
#1648=ORIENTED_EDGE('',*,*,#1187,.T.);
#1649=ORIENTED_EDGE('',*,*,#1197,.F.);
#1650=ORIENTED_EDGE('',*,*,#1151,.F.);
#1651=ORIENTED_EDGE('',*,*,#1192,.F.);
#1652=ORIENTED_EDGE('',*,*,#1196,.F.);
#1653=ORIENTED_EDGE('',*,*,#1188,.T.);
#1654=ORIENTED_EDGE('',*,*,#1100,.T.);
#1655=ORIENTED_EDGE('',*,*,#1198,.T.);
#1656=ORIENTED_EDGE('',*,*,#1148,.F.);
#1657=ORIENTED_EDGE('',*,*,#1193,.T.);
#1658=ORIENTED_EDGE('',*,*,#1149,.T.);
#1659=ORIENTED_EDGE('',*,*,#1198,.F.);
#1660=ORIENTED_EDGE('',*,*,#1099,.F.);
#1661=ORIENTED_EDGE('',*,*,#990,.T.);
#1662=ORIENTED_EDGE('',*,*,#1194,.T.);
#1663=ORIENTED_EDGE('',*,*,#1097,.T.);
#1664=ORIENTED_EDGE('',*,*,#1131,.T.);
#1665=ORIENTED_EDGE('',*,*,#1133,.T.);
#1666=ORIENTED_EDGE('',*,*,#1001,.T.);
#1667=ORIENTED_EDGE('',*,*,#1199,.T.);
#1668=ORIENTED_EDGE('',*,*,#1086,.T.);
#1669=ORIENTED_EDGE('',*,*,#1128,.F.);
#1670=ORIENTED_EDGE('',*,*,#1087,.F.);
#1671=ORIENTED_EDGE('',*,*,#1199,.F.);
#1672=ORIENTED_EDGE('',*,*,#1000,.F.);
#1673=ORIENTED_EDGE('',*,*,#1132,.T.);
#1674=ORIENTED_EDGE('',*,*,#994,.T.);
#1675=ORIENTED_EDGE('',*,*,#1200,.T.);
#1676=ORIENTED_EDGE('',*,*,#1093,.T.);
#1677=ORIENTED_EDGE('',*,*,#1130,.F.);
#1678=ORIENTED_EDGE('',*,*,#1094,.F.);
#1679=ORIENTED_EDGE('',*,*,#1200,.F.);
#1680=ORIENTED_EDGE('',*,*,#993,.F.);
#1681=ORIENTED_EDGE('',*,*,#1105,.F.);
#1682=ORIENTED_EDGE('',*,*,#1201,.T.);
#1683=ORIENTED_EDGE('',*,*,#1032,.F.);
#1684=ORIENTED_EDGE('',*,*,#1201,.F.);
#1685=ORIENTED_EDGE('',*,*,#1106,.T.);
#1686=ORIENTED_EDGE('',*,*,#1202,.T.);
#1687=ORIENTED_EDGE('',*,*,#1048,.T.);
#1688=ORIENTED_EDGE('',*,*,#1203,.T.);
#1689=ORIENTED_EDGE('',*,*,#1202,.F.);
#1690=ORIENTED_EDGE('',*,*,#1113,.T.);
#1691=ORIENTED_EDGE('',*,*,#1204,.F.);
#1692=ORIENTED_EDGE('',*,*,#1041,.F.);
#1693=ORIENTED_EDGE('',*,*,#1108,.T.);
#1694=ORIENTED_EDGE('',*,*,#1205,.T.);
#1695=ORIENTED_EDGE('',*,*,#1046,.T.);
#1696=ORIENTED_EDGE('',*,*,#1206,.T.);
#1697=ORIENTED_EDGE('',*,*,#1203,.F.);
#1698=ORIENTED_EDGE('',*,*,#1047,.F.);
#1699=ORIENTED_EDGE('',*,*,#1205,.F.);
#1700=ORIENTED_EDGE('',*,*,#1107,.T.);
#1701=ORIENTED_EDGE('',*,*,#1110,.T.);
#1702=ORIENTED_EDGE('',*,*,#1207,.T.);
#1703=ORIENTED_EDGE('',*,*,#1044,.T.);
#1704=ORIENTED_EDGE('',*,*,#1208,.T.);
#1705=ORIENTED_EDGE('',*,*,#1206,.F.);
#1706=ORIENTED_EDGE('',*,*,#1045,.F.);
#1707=ORIENTED_EDGE('',*,*,#1207,.F.);
#1708=ORIENTED_EDGE('',*,*,#1109,.T.);
#1709=ORIENTED_EDGE('',*,*,#1112,.T.);
#1710=ORIENTED_EDGE('',*,*,#1209,.T.);
#1711=ORIENTED_EDGE('',*,*,#1042,.T.);
#1712=ORIENTED_EDGE('',*,*,#1204,.T.);
#1713=ORIENTED_EDGE('',*,*,#1208,.F.);
#1714=ORIENTED_EDGE('',*,*,#1043,.F.);
#1715=ORIENTED_EDGE('',*,*,#1209,.F.);
#1716=ORIENTED_EDGE('',*,*,#1111,.T.);
#1717=ORIENTED_EDGE('',*,*,#1120,.T.);
#1718=ORIENTED_EDGE('',*,*,#1210,.T.);
#1719=ORIENTED_EDGE('',*,*,#1034,.T.);
#1720=ORIENTED_EDGE('',*,*,#1211,.T.);
#1721=ORIENTED_EDGE('',*,*,#1210,.F.);
#1722=ORIENTED_EDGE('',*,*,#1119,.T.);
#1723=ORIENTED_EDGE('',*,*,#1212,.F.);
#1724=ORIENTED_EDGE('',*,*,#1035,.F.);
#1725=ORIENTED_EDGE('',*,*,#1118,.T.);
#1726=ORIENTED_EDGE('',*,*,#1213,.T.);
#1727=ORIENTED_EDGE('',*,*,#1036,.T.);
#1728=ORIENTED_EDGE('',*,*,#1212,.T.);
#1729=ORIENTED_EDGE('',*,*,#1213,.F.);
#1730=ORIENTED_EDGE('',*,*,#1117,.T.);
#1731=ORIENTED_EDGE('',*,*,#1214,.F.);
#1732=ORIENTED_EDGE('',*,*,#1037,.F.);
#1733=ORIENTED_EDGE('',*,*,#1116,.T.);
#1734=ORIENTED_EDGE('',*,*,#1215,.T.);
#1735=ORIENTED_EDGE('',*,*,#1038,.T.);
#1736=ORIENTED_EDGE('',*,*,#1214,.T.);
#1737=ORIENTED_EDGE('',*,*,#1215,.F.);
#1738=ORIENTED_EDGE('',*,*,#1115,.T.);
#1739=ORIENTED_EDGE('',*,*,#1216,.F.);
#1740=ORIENTED_EDGE('',*,*,#1039,.F.);
#1741=ORIENTED_EDGE('',*,*,#1114,.T.);
#1742=ORIENTED_EDGE('',*,*,#1217,.T.);
#1743=ORIENTED_EDGE('',*,*,#1040,.T.);
#1744=ORIENTED_EDGE('',*,*,#1216,.T.);
#1745=ORIENTED_EDGE('',*,*,#1211,.F.);
#1746=ORIENTED_EDGE('',*,*,#1033,.F.);
#1747=ORIENTED_EDGE('',*,*,#1217,.F.);
#1748=ORIENTED_EDGE('',*,*,#1121,.T.);
#1749=ORIENTED_EDGE('',*,*,#1074,.T.);
#1750=ORIENTED_EDGE('',*,*,#1218,.T.);
#1751=ORIENTED_EDGE('',*,*,#1014,.T.);
#1752=ORIENTED_EDGE('',*,*,#1219,.T.);
#1753=ORIENTED_EDGE('',*,*,#1168,.F.);
#1754=ORIENTED_EDGE('',*,*,#1015,.F.);
#1755=ORIENTED_EDGE('',*,*,#1218,.F.);
#1756=ORIENTED_EDGE('',*,*,#1073,.T.);
#1757=ORIENTED_EDGE('',*,*,#1012,.T.);
#1758=ORIENTED_EDGE('',*,*,#1220,.T.);
#1759=ORIENTED_EDGE('',*,*,#1076,.T.);
#1760=ORIENTED_EDGE('',*,*,#1221,.T.);
#1761=ORIENTED_EDGE('',*,*,#1219,.F.);
#1762=ORIENTED_EDGE('',*,*,#1013,.F.);
#1763=ORIENTED_EDGE('',*,*,#1221,.F.);
#1764=ORIENTED_EDGE('',*,*,#1075,.T.);
#1765=ORIENTED_EDGE('',*,*,#1080,.T.);
#1766=ORIENTED_EDGE('',*,*,#1222,.T.);
#1767=ORIENTED_EDGE('',*,*,#1008,.T.);
#1768=ORIENTED_EDGE('',*,*,#1135,.T.);
#1769=ORIENTED_EDGE('',*,*,#1222,.F.);
#1770=ORIENTED_EDGE('',*,*,#1079,.T.);
#1771=ORIENTED_EDGE('',*,*,#1223,.F.);
#1772=ORIENTED_EDGE('',*,*,#1009,.F.);
#1773=ORIENTED_EDGE('',*,*,#1010,.T.);
#1774=ORIENTED_EDGE('',*,*,#1223,.T.);
#1775=ORIENTED_EDGE('',*,*,#1078,.T.);
#1776=ORIENTED_EDGE('',*,*,#1224,.T.);
#1777=ORIENTED_EDGE('',*,*,#1220,.F.);
#1778=ORIENTED_EDGE('',*,*,#1011,.F.);
#1779=ORIENTED_EDGE('',*,*,#1224,.F.);
#1780=ORIENTED_EDGE('',*,*,#1077,.T.);
#1781=ORIENTED_EDGE('',*,*,#1197,.T.);
#1782=ORIENTED_EDGE('',*,*,#1195,.F.);
#1783=ORIENTED_EDGE('',*,*,#963,.T.);
#1784=ORIENTED_EDGE('',*,*,#1225,.T.);
#1785=ORIENTED_EDGE('',*,*,#1152,.T.);
#1786=ORIENTED_EDGE('',*,*,#1225,.F.);
#1787=ORIENTED_EDGE('',*,*,#962,.F.);
#1788=ORIENTED_EDGE('',*,*,#1167,.F.);
#1789=ORIENTED_EDGE('',*,*,#1153,.F.);
#1790=ORIENTED_EDGE('',*,*,#1160,.F.);
#1791=ORIENTED_EDGE('',*,*,#1226,.T.);
#1792=ORIENTED_EDGE('',*,*,#967,.F.);
#1793=ORIENTED_EDGE('',*,*,#1226,.F.);
#1794=ORIENTED_EDGE('',*,*,#1159,.F.);
#1795=ORIENTED_EDGE('',*,*,#1227,.T.);
#1796=ORIENTED_EDGE('',*,*,#966,.F.);
#1797=ORIENTED_EDGE('',*,*,#1227,.F.);
#1798=CYLINDRICAL_SURFACE('',#1949,1.);
#1799=CYLINDRICAL_SURFACE('',#1964,21.);
#1800=CYLINDRICAL_SURFACE('',#1969,19.5);
#1801=CYLINDRICAL_SURFACE('',#2008,1.25);
#1802=CYLINDRICAL_SURFACE('',#2010,1.25);
#1803=CYLINDRICAL_SURFACE('',#2012,1.25);
#1804=CYLINDRICAL_SURFACE('',#2014,1.25);
#1805=CYLINDRICAL_SURFACE('',#2016,5.);
#1806=CYLINDRICAL_SURFACE('',#2050,4.99999999999999);
#1807=CYLINDRICAL_SURFACE('',#2051,3.);
#1808=CYLINDRICAL_SURFACE('',#2053,3.);
#1809=CYLINDRICAL_SURFACE('',#2055,3.);
#1810=CYLINDRICAL_SURFACE('',#2059,28.5);
#1811=CYLINDRICAL_SURFACE('',#2061,1.5);
#1812=CYLINDRICAL_SURFACE('',#2064,1.5);
#1813=CYLINDRICAL_SURFACE('',#2075,1.5);
#1814=CYLINDRICAL_SURFACE('',#2076,8.49999999999998);
#1815=CYLINDRICAL_SURFACE('',#2077,20.);
#1816=CYLINDRICAL_SURFACE('',#2079,1.5);
#1817=CYLINDRICAL_SURFACE('',#2082,1.5);
#1818=CYLINDRICAL_SURFACE('',#2083,1.49999999999998);
#1819=CYLINDRICAL_SURFACE('',#2085,1.5);
#1820=CYLINDRICAL_SURFACE('',#2086,1.5);
#1821=CYLINDRICAL_SURFACE('',#2088,1.5);
#1822=CYLINDRICAL_SURFACE('',#2090,1.5);
#1823=CYLINDRICAL_SURFACE('',#2091,1.5);
#1824=CYLINDRICAL_SURFACE('',#2093,1.5);
#1825=CYLINDRICAL_SURFACE('',#2094,1.5);
#1826=CYLINDRICAL_SURFACE('',#2096,1.5);
#1827=CYLINDRICAL_SURFACE('',#2104,4.);
#1828=CYLINDRICAL_SURFACE('',#2106,13.5);
#1829=CYLINDRICAL_SURFACE('',#2110,8.99999999999999);
#1830=CYLINDRICAL_SURFACE('',#2112,4.);
#1831=CYLINDRICAL_SURFACE('',#2115,12.5);
#1832=CYLINDRICAL_SURFACE('',#2116,5.);
#1833=CYLINDRICAL_SURFACE('',#2118,5.);
#1834=CYLINDRICAL_SURFACE('',#2120,1.25);
#1835=CYLINDRICAL_SURFACE('',#2121,2.);
#1836=CYLINDRICAL_SURFACE('',#2123,2.);
#1837=CYLINDRICAL_SURFACE('',#2125,2.);
#1838=CYLINDRICAL_SURFACE('',#2127,2.);
#1839=CYLINDRICAL_SURFACE('',#2129,2.);
#1840=CYLINDRICAL_SURFACE('',#2131,2.);
#1841=CYLINDRICAL_SURFACE('',#2133,2.);
#1842=CYLINDRICAL_SURFACE('',#2135,2.);
#1843=CYLINDRICAL_SURFACE('',#2137,2.);
#1844=CYLINDRICAL_SURFACE('',#2139,2.);
#1845=CYLINDRICAL_SURFACE('',#2141,2.);
#1846=CYLINDRICAL_SURFACE('',#2143,2.);
#1847=CYLINDRICAL_SURFACE('',#2145,25.);
#1848=CYLINDRICAL_SURFACE('',#2147,1.25);
#1849=CYLINDRICAL_SURFACE('',#2148,1.25);
#1850=ADVANCED_FACE('',(#81),#1798,.F.);
#1851=ADVANCED_FACE('',(#82,#18,#19,#20),#36,.T.);
#1852=ADVANCED_FACE('',(#83),#1799,.F.);
#1853=ADVANCED_FACE('',(#84),#37,.F.);
#1854=ADVANCED_FACE('',(#85),#1800,.T.);
#1855=ADVANCED_FACE('',(#86),#38,.F.);
#1856=ADVANCED_FACE('',(#87,#21,#22,#23,#24,#25,#26),#39,.T.);
#1857=ADVANCED_FACE('',(#88),#1801,.F.);
#1858=ADVANCED_FACE('',(#89),#1802,.F.);
#1859=ADVANCED_FACE('',(#90),#1803,.F.);
#1860=ADVANCED_FACE('',(#91),#1804,.F.);
#1861=ADVANCED_FACE('',(#92),#1805,.T.);
#1862=ADVANCED_FACE('',(#93,#27,#28,#29,#30,#31,#32),#40,.F.);
#1863=ADVANCED_FACE('',(#94),#41,.F.);
#1864=ADVANCED_FACE('',(#95),#1806,.T.);
#1865=ADVANCED_FACE('',(#96),#1807,.F.);
#1866=ADVANCED_FACE('',(#97),#42,.F.);
#1867=ADVANCED_FACE('',(#98),#1808,.F.);
#1868=ADVANCED_FACE('',(#99),#43,.F.);
#1869=ADVANCED_FACE('',(#100),#1809,.T.);
#1870=ADVANCED_FACE('',(#101),#44,.T.);
#1871=ADVANCED_FACE('',(#102),#45,.F.);
#1872=ADVANCED_FACE('',(#103),#46,.F.);
#1873=ADVANCED_FACE('',(#104),#1810,.T.);
#1874=ADVANCED_FACE('',(#105),#47,.T.);
#1875=ADVANCED_FACE('',(#106),#1811,.F.);
#1876=ADVANCED_FACE('',(#107),#48,.F.);
#1877=ADVANCED_FACE('',(#108),#1812,.T.);
#1878=ADVANCED_FACE('',(#109,#33,#34,#35),#49,.F.);
#1879=ADVANCED_FACE('',(#110),#1813,.F.);
#1880=ADVANCED_FACE('',(#111),#1814,.T.);
#1881=ADVANCED_FACE('',(#112),#1815,.T.);
#1882=ADVANCED_FACE('',(#113),#1816,.F.);
#1883=ADVANCED_FACE('',(#114),#50,.T.);
#1884=ADVANCED_FACE('',(#115),#51,.T.);
#1885=ADVANCED_FACE('',(#116),#1817,.T.);
#1886=ADVANCED_FACE('',(#117),#1818,.F.);
#1887=ADVANCED_FACE('',(#118),#52,.T.);
#1888=ADVANCED_FACE('',(#119),#1819,.T.);
#1889=ADVANCED_FACE('',(#120),#1820,.F.);
#1890=ADVANCED_FACE('',(#121),#53,.F.);
#1891=ADVANCED_FACE('',(#122),#1821,.F.);
#1892=ADVANCED_FACE('',(#123),#54,.T.);
#1893=ADVANCED_FACE('',(#124),#1822,.T.);
#1894=ADVANCED_FACE('',(#125),#1823,.F.);
#1895=ADVANCED_FACE('',(#126),#55,.F.);
#1896=ADVANCED_FACE('',(#127),#1824,.T.);
#1897=ADVANCED_FACE('',(#128),#1825,.F.);
#1898=ADVANCED_FACE('',(#129),#56,.T.);
#1899=ADVANCED_FACE('',(#130),#1826,.F.);
#1900=ADVANCED_FACE('',(#131),#57,.F.);
#1901=ADVANCED_FACE('',(#132),#58,.F.);
#1902=ADVANCED_FACE('',(#133),#59,.T.);
#1903=ADVANCED_FACE('',(#134),#60,.T.);
#1904=ADVANCED_FACE('',(#135),#61,.T.);
#1905=ADVANCED_FACE('',(#136),#62,.F.);
#1906=ADVANCED_FACE('',(#137),#1827,.F.);
#1907=ADVANCED_FACE('',(#138),#1828,.T.);
#1908=ADVANCED_FACE('',(#139),#63,.T.);
#1909=ADVANCED_FACE('',(#140),#1829,.F.);
#1910=ADVANCED_FACE('',(#141),#64,.T.);
#1911=ADVANCED_FACE('',(#142),#1830,.F.);
#1912=ADVANCED_FACE('',(#143),#65,.T.);
#1913=ADVANCED_FACE('',(#144),#1831,.T.);
#1914=ADVANCED_FACE('',(#145),#1832,.F.);
#1915=ADVANCED_FACE('',(#146),#66,.F.);
#1916=ADVANCED_FACE('',(#147),#1833,.F.);
#1917=ADVANCED_FACE('',(#148),#67,.F.);
#1918=ADVANCED_FACE('',(#149),#1834,.F.);
#1919=ADVANCED_FACE('',(#150),#1835,.F.);
#1920=ADVANCED_FACE('',(#151),#68,.T.);
#1921=ADVANCED_FACE('',(#152),#1836,.F.);
#1922=ADVANCED_FACE('',(#153),#69,.T.);
#1923=ADVANCED_FACE('',(#154),#1837,.F.);
#1924=ADVANCED_FACE('',(#155),#70,.T.);
#1925=ADVANCED_FACE('',(#156),#1838,.F.);
#1926=ADVANCED_FACE('',(#157),#71,.T.);
#1927=ADVANCED_FACE('',(#158),#1839,.F.);
#1928=ADVANCED_FACE('',(#159),#72,.T.);
#1929=ADVANCED_FACE('',(#160),#1840,.F.);
#1930=ADVANCED_FACE('',(#161),#73,.T.);
#1931=ADVANCED_FACE('',(#162),#1841,.F.);
#1932=ADVANCED_FACE('',(#163),#74,.T.);
#1933=ADVANCED_FACE('',(#164),#1842,.F.);
#1934=ADVANCED_FACE('',(#165),#75,.T.);
#1935=ADVANCED_FACE('',(#166),#1843,.F.);
#1936=ADVANCED_FACE('',(#167),#76,.T.);
#1937=ADVANCED_FACE('',(#168),#1844,.T.);
#1938=ADVANCED_FACE('',(#169),#77,.T.);
#1939=ADVANCED_FACE('',(#170),#1845,.F.);
#1940=ADVANCED_FACE('',(#171),#78,.T.);
#1941=ADVANCED_FACE('',(#172),#1846,.T.);
#1942=ADVANCED_FACE('',(#173),#79,.T.);
#1943=ADVANCED_FACE('',(#174),#1847,.T.);
#1944=ADVANCED_FACE('',(#175),#80,.T.);
#1945=ADVANCED_FACE('',(#176),#1848,.F.);
#1946=ADVANCED_FACE('',(#177),#1849,.F.);
#1947=CLOSED_SHELL('',(#1850,#1851,#1852,#1853,#1854,#1855,#1856,#1857,
#1858,#1859,#1860,#1861,#1862,#1863,#1864,#1865,#1866,#1867,#1868,#1869,
#1870,#1871,#1872,#1873,#1874,#1875,#1876,#1877,#1878,#1879,#1880,#1881,
#1882,#1883,#1884,#1885,#1886,#1887,#1888,#1889,#1890,#1891,#1892,#1893,
#1894,#1895,#1896,#1897,#1898,#1899,#1900,#1901,#1902,#1903,#1904,#1905,
#1906,#1907,#1908,#1909,#1910,#1911,#1912,#1913,#1914,#1915,#1916,#1917,
#1918,#1919,#1920,#1921,#1922,#1923,#1924,#1925,#1926,#1927,#1928,#1929,
#1930,#1931,#1932,#1933,#1934,#1935,#1936,#1937,#1938,#1939,#1940,#1941,
#1942,#1943,#1944,#1945,#1946));
#1948=AXIS2_PLACEMENT_3D('',#2729,#2149,#2150);
#1949=AXIS2_PLACEMENT_3D('',#2730,#2151,#2152);
#1950=AXIS2_PLACEMENT_3D('',#2749,#2155,#2156);
#1951=AXIS2_PLACEMENT_3D('',#2756,#2157,#2158);
#1952=AXIS2_PLACEMENT_3D('',#2760,#2160,#2161);
#1953=AXIS2_PLACEMENT_3D('',#2764,#2163,#2164);
#1954=AXIS2_PLACEMENT_3D('',#2768,#2166,#2167);
#1955=AXIS2_PLACEMENT_3D('',#2770,#2168,#2169);
#1956=AXIS2_PLACEMENT_3D('',#2772,#2170,#2171);
#1957=AXIS2_PLACEMENT_3D('',#2776,#2173,#2174);
#1958=AXIS2_PLACEMENT_3D('',#2778,#2175,#2176);
#1959=AXIS2_PLACEMENT_3D('',#2780,#2177,#2178);
#1960=AXIS2_PLACEMENT_3D('',#2786,#2181,#2182);
#1961=AXIS2_PLACEMENT_3D('',#2791,#2185,#2186);
#1962=AXIS2_PLACEMENT_3D('',#2793,#2187,#2188);
#1963=AXIS2_PLACEMENT_3D('',#2795,#2189,#2190);
#1964=AXIS2_PLACEMENT_3D('',#2796,#2191,#2192);
#1965=AXIS2_PLACEMENT_3D('',#2800,#2194,#2195);
#1966=AXIS2_PLACEMENT_3D('',#2802,#2197,#2198);
#1967=AXIS2_PLACEMENT_3D('',#2804,#2199,#2200);
#1968=AXIS2_PLACEMENT_3D('',#2812,#2204,#2205);
#1969=AXIS2_PLACEMENT_3D('',#2814,#2207,#2208);
#1970=AXIS2_PLACEMENT_3D('',#2817,#2209,#2210);
#1971=AXIS2_PLACEMENT_3D('',#2821,#2212,#2213);
#1972=AXIS2_PLACEMENT_3D('',#2823,#2215,#2216);
#1973=AXIS2_PLACEMENT_3D('',#2829,#2220,#2221);
#1974=AXIS2_PLACEMENT_3D('',#2831,#2222,#2223);
#1975=AXIS2_PLACEMENT_3D('',#2834,#2225,#2226);
#1976=AXIS2_PLACEMENT_3D('',#2840,#2229,#2230);
#1977=AXIS2_PLACEMENT_3D('',#2844,#2232,#2233);
#1978=AXIS2_PLACEMENT_3D('',#2848,#2235,#2236);
#1979=AXIS2_PLACEMENT_3D('',#2854,#2239,#2240);
#1980=AXIS2_PLACEMENT_3D('',#2858,#2242,#2243);
#1981=AXIS2_PLACEMENT_3D('',#2862,#2245,#2246);
#1982=AXIS2_PLACEMENT_3D('',#2866,#2248,#2249);
#1983=AXIS2_PLACEMENT_3D('',#2870,#2251,#2252);
#1984=AXIS2_PLACEMENT_3D('',#2872,#2253,#2254);
#1985=AXIS2_PLACEMENT_3D('',#2876,#2256,#2257);
#1986=AXIS2_PLACEMENT_3D('',#2880,#2259,#2260);
#1987=AXIS2_PLACEMENT_3D('',#2884,#2262,#2263);
#1988=AXIS2_PLACEMENT_3D('',#2888,#2265,#2266);
#1989=AXIS2_PLACEMENT_3D('',#2892,#2268,#2269);
#1990=AXIS2_PLACEMENT_3D('',#2894,#2270,#2271);
#1991=AXIS2_PLACEMENT_3D('',#2900,#2274,#2275);
#1992=AXIS2_PLACEMENT_3D('',#2904,#2277,#2278);
#1993=AXIS2_PLACEMENT_3D('',#2908,#2280,#2281);
#1994=AXIS2_PLACEMENT_3D('',#2912,#2283,#2284);
#1995=AXIS2_PLACEMENT_3D('',#2915,#2286,#2287);
#1996=AXIS2_PLACEMENT_3D('',#2917,#2288,#2289);
#1997=AXIS2_PLACEMENT_3D('',#2919,#2290,#2291);
#1998=AXIS2_PLACEMENT_3D('',#2921,#2292,#2293);
#1999=AXIS2_PLACEMENT_3D('',#2923,#2294,#2295);
#2000=AXIS2_PLACEMENT_3D('',#2928,#2297,#2298);
#2001=AXIS2_PLACEMENT_3D('',#2932,#2300,#2301);
#2002=AXIS2_PLACEMENT_3D('',#2936,#2303,#2304);
#2003=AXIS2_PLACEMENT_3D('',#2939,#2306,#2307);
#2004=AXIS2_PLACEMENT_3D('',#2944,#2309,#2310);
#2005=AXIS2_PLACEMENT_3D('',#2948,#2312,#2313);
#2006=AXIS2_PLACEMENT_3D('',#2952,#2315,#2316);
#2007=AXIS2_PLACEMENT_3D('',#2955,#2318,#2319);
#2008=AXIS2_PLACEMENT_3D('',#2956,#2320,#2321);
#2009=AXIS2_PLACEMENT_3D('',#2959,#2323,#2324);
#2010=AXIS2_PLACEMENT_3D('',#2960,#2325,#2326);
#2011=AXIS2_PLACEMENT_3D('',#2963,#2328,#2329);
#2012=AXIS2_PLACEMENT_3D('',#2964,#2330,#2331);
#2013=AXIS2_PLACEMENT_3D('',#2967,#2333,#2334);
#2014=AXIS2_PLACEMENT_3D('',#2968,#2335,#2336);
#2015=AXIS2_PLACEMENT_3D('',#2971,#2338,#2339);
#2016=AXIS2_PLACEMENT_3D('',#2972,#2340,#2341);
#2017=AXIS2_PLACEMENT_3D('',#2975,#2342,#2343);
#2018=AXIS2_PLACEMENT_3D('',#2978,#2346,#2347);
#2019=AXIS2_PLACEMENT_3D('',#2980,#2348,#2349);
#2020=AXIS2_PLACEMENT_3D('',#2984,#2351,#2352);
#2021=AXIS2_PLACEMENT_3D('',#2988,#2354,#2355);
#2022=AXIS2_PLACEMENT_3D('',#2992,#2357,#2358);
#2023=AXIS2_PLACEMENT_3D('',#2996,#2360,#2361);
#2024=AXIS2_PLACEMENT_3D('',#3002,#2364,#2365);
#2025=AXIS2_PLACEMENT_3D('',#3004,#2366,#2367);
#2026=AXIS2_PLACEMENT_3D('',#3008,#2369,#2370);
#2027=AXIS2_PLACEMENT_3D('',#3012,#2372,#2373);
#2028=AXIS2_PLACEMENT_3D('',#3016,#2375,#2376);
#2029=AXIS2_PLACEMENT_3D('',#3020,#2378,#2379);
#2030=AXIS2_PLACEMENT_3D('',#3023,#2381,#2382);
#2031=AXIS2_PLACEMENT_3D('',#3027,#2384,#2385);
#2032=AXIS2_PLACEMENT_3D('',#3031,#2387,#2388);
#2033=AXIS2_PLACEMENT_3D('',#3035,#2390,#2391);
#2034=AXIS2_PLACEMENT_3D('',#3039,#2393,#2394);
#2035=AXIS2_PLACEMENT_3D('',#3045,#2397,#2398);
#2036=AXIS2_PLACEMENT_3D('',#3049,#2400,#2401);
#2037=AXIS2_PLACEMENT_3D('',#3053,#2403,#2404);
#2038=AXIS2_PLACEMENT_3D('',#3062,#2409,#2410);
#2039=AXIS2_PLACEMENT_3D('',#3065,#2412,#2413);
#2040=AXIS2_PLACEMENT_3D('',#3067,#2414,#2415);
#2041=AXIS2_PLACEMENT_3D('',#3070,#2416,#2417);
#2042=AXIS2_PLACEMENT_3D('',#3074,#2419,#2420);
#2043=AXIS2_PLACEMENT_3D('',#3078,#2422,#2423);
#2044=AXIS2_PLACEMENT_3D('',#3082,#2425,#2426);
#2045=AXIS2_PLACEMENT_3D('',#3086,#2428,#2429);
#2046=AXIS2_PLACEMENT_3D('',#3090,#2431,#2432);
#2047=AXIS2_PLACEMENT_3D('',#3094,#2434,#2435);
#2048=AXIS2_PLACEMENT_3D('',#3098,#2437,#2438);
#2049=AXIS2_PLACEMENT_3D('',#3100,#2440,#2441);
#2050=AXIS2_PLACEMENT_3D('',#3102,#2443,#2444);
#2051=AXIS2_PLACEMENT_3D('',#3104,#2446,#2447);
#2052=AXIS2_PLACEMENT_3D('',#3107,#2450,#2451);
#2053=AXIS2_PLACEMENT_3D('',#3109,#2453,#2454);
#2054=AXIS2_PLACEMENT_3D('',#3112,#2457,#2458);
#2055=AXIS2_PLACEMENT_3D('',#3113,#2459,#2460);
#2056=AXIS2_PLACEMENT_3D('',#3116,#2463,#2464);
#2057=AXIS2_PLACEMENT_3D('',#3118,#2466,#2467);
#2058=AXIS2_PLACEMENT_3D('',#3120,#2469,#2470);
#2059=AXIS2_PLACEMENT_3D('',#3122,#2472,#2473);
#2060=AXIS2_PLACEMENT_3D('',#3124,#2475,#2476);
#2061=AXIS2_PLACEMENT_3D('',#3126,#2478,#2479);
#2062=AXIS2_PLACEMENT_3D('',#3130,#2481,#2482);
#2063=AXIS2_PLACEMENT_3D('',#3132,#2484,#2485);
#2064=AXIS2_PLACEMENT_3D('',#3136,#2488,#2489);
#2065=AXIS2_PLACEMENT_3D('',#3139,#2491,#2492);
#2066=AXIS2_PLACEMENT_3D('',#3140,#2493,#2494);
#2067=AXIS2_PLACEMENT_3D('',#3142,#2495,#2496);
#2068=AXIS2_PLACEMENT_3D('',#3146,#2498,#2499);
#2069=AXIS2_PLACEMENT_3D('',#3159,#2506,#2507);
#2070=AXIS2_PLACEMENT_3D('',#3167,#2511,#2512);
#2071=AXIS2_PLACEMENT_3D('',#3169,#2513,#2514);
#2072=AXIS2_PLACEMENT_3D('',#3170,#2515,#2516);
#2073=AXIS2_PLACEMENT_3D('',#3172,#2517,#2518);
#2074=AXIS2_PLACEMENT_3D('',#3174,#2519,#2520);
#2075=AXIS2_PLACEMENT_3D('',#3175,#2521,#2522);
#2076=AXIS2_PLACEMENT_3D('',#3177,#2524,#2525);
#2077=AXIS2_PLACEMENT_3D('',#3179,#2527,#2528);
#2078=AXIS2_PLACEMENT_3D('',#3182,#2530,#2531);
#2079=AXIS2_PLACEMENT_3D('',#3183,#2532,#2533);
#2080=AXIS2_PLACEMENT_3D('',#3185,#2535,#2536);
#2081=AXIS2_PLACEMENT_3D('',#3188,#2539,#2540);
#2082=AXIS2_PLACEMENT_3D('',#3189,#2541,#2542);
#2083=AXIS2_PLACEMENT_3D('',#3192,#2545,#2546);
#2084=AXIS2_PLACEMENT_3D('',#3194,#2548,#2549);
#2085=AXIS2_PLACEMENT_3D('',#3196,#2551,#2552);
#2086=AXIS2_PLACEMENT_3D('',#3198,#2554,#2555);
#2087=AXIS2_PLACEMENT_3D('',#3201,#2558,#2559);
#2088=AXIS2_PLACEMENT_3D('',#3203,#2561,#2562);
#2089=AXIS2_PLACEMENT_3D('',#3206,#2565,#2566);
#2090=AXIS2_PLACEMENT_3D('',#3208,#2568,#2569);
#2091=AXIS2_PLACEMENT_3D('',#3210,#2571,#2572);
#2092=AXIS2_PLACEMENT_3D('',#3213,#2575,#2576);
#2093=AXIS2_PLACEMENT_3D('',#3214,#2577,#2578);
#2094=AXIS2_PLACEMENT_3D('',#3216,#2580,#2581);
#2095=AXIS2_PLACEMENT_3D('',#3218,#2583,#2584);
#2096=AXIS2_PLACEMENT_3D('',#3220,#2586,#2587);
#2097=AXIS2_PLACEMENT_3D('',#3221,#2588,#2589);
#2098=AXIS2_PLACEMENT_3D('',#3223,#2590,#2591);
#2099=AXIS2_PLACEMENT_3D('',#3225,#2593,#2594);
#2100=AXIS2_PLACEMENT_3D('',#3227,#2596,#2597);
#2101=AXIS2_PLACEMENT_3D('',#3228,#2598,#2599);
#2102=AXIS2_PLACEMENT_3D('',#3229,#2600,#2601);
#2103=AXIS2_PLACEMENT_3D('',#3230,#2602,#2603);
#2104=AXIS2_PLACEMENT_3D('',#3231,#2604,#2605);
#2105=AXIS2_PLACEMENT_3D('',#3232,#2606,#2607);
#2106=AXIS2_PLACEMENT_3D('',#3233,#2608,#2609);
#2107=AXIS2_PLACEMENT_3D('',#3236,#2611,#2612);
#2108=AXIS2_PLACEMENT_3D('',#3237,#2613,#2614);
#2109=AXIS2_PLACEMENT_3D('',#3239,#2615,#2616);
#2110=AXIS2_PLACEMENT_3D('',#3243,#2620,#2621);
#2111=AXIS2_PLACEMENT_3D('',#3252,#2623,#2624);
#2112=AXIS2_PLACEMENT_3D('',#3254,#2626,#2627);
#2113=AXIS2_PLACEMENT_3D('',#3255,#2628,#2629);
#2114=AXIS2_PLACEMENT_3D('',#3256,#2630,#2631);
#2115=AXIS2_PLACEMENT_3D('',#3257,#2632,#2633);
#2116=AXIS2_PLACEMENT_3D('',#3258,#2634,#2635);
#2117=AXIS2_PLACEMENT_3D('',#3260,#2637,#2638);
#2118=AXIS2_PLACEMENT_3D('',#3261,#2639,#2640);
#2119=AXIS2_PLACEMENT_3D('',#3263,#2642,#2643);
#2120=AXIS2_PLACEMENT_3D('',#3264,#2644,#2645);
#2121=AXIS2_PLACEMENT_3D('',#3266,#2647,#2648);
#2122=AXIS2_PLACEMENT_3D('',#3269,#2651,#2652);
#2123=AXIS2_PLACEMENT_3D('',#3271,#2654,#2655);
#2124=AXIS2_PLACEMENT_3D('',#3274,#2658,#2659);
#2125=AXIS2_PLACEMENT_3D('',#3275,#2660,#2661);
#2126=AXIS2_PLACEMENT_3D('',#3278,#2664,#2665);
#2127=AXIS2_PLACEMENT_3D('',#3279,#2666,#2667);
#2128=AXIS2_PLACEMENT_3D('',#3281,#2669,#2670);
#2129=AXIS2_PLACEMENT_3D('',#3282,#2671,#2672);
#2130=AXIS2_PLACEMENT_3D('',#3285,#2675,#2676);
#2131=AXIS2_PLACEMENT_3D('',#3287,#2678,#2679);
#2132=AXIS2_PLACEMENT_3D('',#3289,#2681,#2682);
#2133=AXIS2_PLACEMENT_3D('',#3291,#2684,#2685);
#2134=AXIS2_PLACEMENT_3D('',#3293,#2687,#2688);
#2135=AXIS2_PLACEMENT_3D('',#3295,#2690,#2691);
#2136=AXIS2_PLACEMENT_3D('',#3297,#2693,#2694);
#2137=AXIS2_PLACEMENT_3D('',#3298,#2695,#2696);
#2138=AXIS2_PLACEMENT_3D('',#3301,#2699,#2700);
#2139=AXIS2_PLACEMENT_3D('',#3302,#2701,#2702);
#2140=AXIS2_PLACEMENT_3D('',#3305,#2705,#2706);
#2141=AXIS2_PLACEMENT_3D('',#3306,#2707,#2708);
#2142=AXIS2_PLACEMENT_3D('',#3308,#2710,#2711);
#2143=AXIS2_PLACEMENT_3D('',#3310,#2713,#2714);
#2144=AXIS2_PLACEMENT_3D('',#3312,#2716,#2717);
#2145=AXIS2_PLACEMENT_3D('',#3313,#2718,#2719);
#2146=AXIS2_PLACEMENT_3D('',#3315,#2721,#2722);
#2147=AXIS2_PLACEMENT_3D('',#3316,#2723,#2724);
#2148=AXIS2_PLACEMENT_3D('',#3318,#2726,#2727);
#2149=DIRECTION('axis',(0.,0.,1.));
#2150=DIRECTION('refdir',(1.,0.,0.));
#2151=DIRECTION('center_axis',(0.,-1.,0.));
#2152=DIRECTION('ref_axis',(0.707106781186552,0.,-0.707106781186543));
#2153=DIRECTION('',(0.,1.,0.));
#2154=DIRECTION('',(0.,-1.,0.));
#2155=DIRECTION('center_axis',(0.,-1.,0.));
#2156=DIRECTION('ref_axis',(0.707106781186552,0.,-0.707106781186543));
#2157=DIRECTION('center_axis',(0.,0.,1.));
#2158=DIRECTION('ref_axis',(1.,0.,0.));
#2159=DIRECTION('',(1.,0.,0.));
#2160=DIRECTION('center_axis',(0.,0.,1.));
#2161=DIRECTION('ref_axis',(0.707106781186548,-0.707106781186547,0.));
#2162=DIRECTION('',(1.,0.,0.));
#2163=DIRECTION('center_axis',(0.,0.,-1.));
#2164=DIRECTION('ref_axis',(-0.707106781186539,0.707106781186556,0.));
#2165=DIRECTION('',(0.,1.,0.));
#2166=DIRECTION('center_axis',(0.,0.,1.));
#2167=DIRECTION('ref_axis',(0.707106781186548,-0.707106781186548,0.));
#2168=DIRECTION('center_axis',(0.,0.,-1.));
#2169=DIRECTION('ref_axis',(-0.94232718133423,0.334693118122683,0.));
#2170=DIRECTION('center_axis',(0.,0.,1.));
#2171=DIRECTION('ref_axis',(0.,1.,0.));
#2172=DIRECTION('',(-1.,0.,0.));
#2173=DIRECTION('center_axis',(0.,0.,1.));
#2174=DIRECTION('ref_axis',(-0.627028530044598,-0.778996291717817,0.));
#2175=DIRECTION('center_axis',(0.,0.,-1.));
#2176=DIRECTION('ref_axis',(0.884587899025401,0.466373507928813,0.));
#2177=DIRECTION('center_axis',(0.,0.,-1.));
#2178=DIRECTION('ref_axis',(0.,-1.,0.));
#2179=DIRECTION('',(0.,1.,0.));
#2180=DIRECTION('',(1.,0.,0.));
#2181=DIRECTION('center_axis',(0.,0.,-1.));
#2182=DIRECTION('ref_axis',(0.707106781186547,-0.707106781186547,0.));
#2183=DIRECTION('',(1.,0.,0.));
#2184=DIRECTION('',(0.,-1.,0.));
#2185=DIRECTION('center_axis',(0.,0.,-1.));
#2186=DIRECTION('ref_axis',(-1.,0.,0.));
#2187=DIRECTION('center_axis',(0.,0.,-1.));
#2188=DIRECTION('ref_axis',(-1.,0.,0.));
#2189=DIRECTION('center_axis',(0.,0.,-1.));
#2190=DIRECTION('ref_axis',(-1.,0.,0.));
#2191=DIRECTION('center_axis',(0.,0.,1.));
#2192=DIRECTION('ref_axis',(0.707106781186548,-0.707106781186547,0.));
#2193=DIRECTION('',(0.,0.,-1.));
#2194=DIRECTION('center_axis',(0.,0.,-1.));
#2195=DIRECTION('ref_axis',(0.707106781186548,-0.707106781186547,0.));
#2196=DIRECTION('',(0.,0.,1.));
#2197=DIRECTION('center_axis',(1.,0.,0.));
#2198=DIRECTION('ref_axis',(0.,-1.,0.));
#2199=DIRECTION('center_axis',(1.,0.,0.));
#2200=DIRECTION('ref_axis',(0.,-0.210818510677891,0.977525219907679));
#2201=DIRECTION('',(0.,-1.,0.));
#2202=DIRECTION('',(0.,0.,1.));
#2203=DIRECTION('',(0.,1.,0.));
#2204=DIRECTION('center_axis',(-1.,0.,0.));
#2205=DIRECTION('ref_axis',(0.,-0.968245836551854,0.25));
#2206=DIRECTION('',(0.,1.,0.));
#2207=DIRECTION('center_axis',(0.,0.,1.));
#2208=DIRECTION('ref_axis',(0.,1.,0.));
#2209=DIRECTION('center_axis',(0.,0.,1.));
#2210=DIRECTION('ref_axis',(0.,1.,0.));
#2211=DIRECTION('',(0.,0.,1.));
#2212=DIRECTION('center_axis',(0.,0.,-1.));
#2213=DIRECTION('ref_axis',(0.,1.,0.));
#2214=DIRECTION('',(0.,0.,-1.));
#2215=DIRECTION('center_axis',(0.,1.,0.));
#2216=DIRECTION('ref_axis',(1.,0.,0.));
#2217=DIRECTION('',(1.,0.,0.));
#2218=DIRECTION('',(0.,0.,1.));
#2219=DIRECTION('',(-1.,0.,0.));
#2220=DIRECTION('center_axis',(0.,0.,1.));
#2221=DIRECTION('ref_axis',(1.,0.,0.));
#2222=DIRECTION('center_axis',(0.,0.,1.));
#2223=DIRECTION('ref_axis',(-0.707106781186548,0.707106781186548,0.));
#2224=DIRECTION('',(-1.,0.,0.));
#2225=DIRECTION('center_axis',(0.,0.,1.));
#2226=DIRECTION('ref_axis',(0.707106781186539,0.707106781186556,0.));
#2227=DIRECTION('',(-1.,0.,0.));
#2228=DIRECTION('',(0.,1.,0.));
#2229=DIRECTION('center_axis',(0.,0.,-1.));
#2230=DIRECTION('ref_axis',(0.707106781186547,0.707106781186547,0.));
#2231=DIRECTION('',(-1.,0.,0.));
#2232=DIRECTION('center_axis',(0.,0.,-1.));
#2233=DIRECTION('ref_axis',(-0.707106781186554,0.707106781186541,0.));
#2234=DIRECTION('',(0.,-1.,0.));
#2235=DIRECTION('center_axis',(0.,0.,1.));
#2236=DIRECTION('ref_axis',(0.707106781186547,-0.707106781186547,0.));
#2237=DIRECTION('',(1.,0.,0.));
#2238=DIRECTION('',(0.,-1.,0.));
#2239=DIRECTION('center_axis',(0.,0.,1.));
#2240=DIRECTION('ref_axis',(0.707106781186552,-0.707106781186543,0.));
#2241=DIRECTION('',(-1.,0.,0.));
#2242=DIRECTION('center_axis',(0.,0.,1.));
#2243=DIRECTION('ref_axis',(-0.707106781186552,-0.707106781186543,0.));
#2244=DIRECTION('',(0.,1.,0.));
#2245=DIRECTION('center_axis',(0.,0.,1.));
#2246=DIRECTION('ref_axis',(-0.707106781186547,0.707106781186547,0.));
#2247=DIRECTION('',(-1.,0.,0.));
#2248=DIRECTION('center_axis',(0.,0.,-1.));
#2249=DIRECTION('ref_axis',(0.985288181503899,0.170901139225983,0.));
#2250=DIRECTION('',(-1.,0.,0.));
#2251=DIRECTION('center_axis',(0.,0.,-1.));
#2252=DIRECTION('ref_axis',(-0.49612095083005,0.868253420464029,0.));
#2253=DIRECTION('center_axis',(0.,0.,-1.));
#2254=DIRECTION('ref_axis',(-0.784990006857015,0.619508425394379,0.));
#2255=DIRECTION('',(1.,0.,0.));
#2256=DIRECTION('center_axis',(0.,0.,1.));
#2257=DIRECTION('ref_axis',(0.707106781186541,0.707106781186554,0.));
#2258=DIRECTION('',(0.,-1.,0.));
#2259=DIRECTION('center_axis',(0.,0.,-1.));
#2260=DIRECTION('ref_axis',(-0.707106781186554,-0.707106781186541,0.));
#2261=DIRECTION('',(1.,0.,0.));
#2262=DIRECTION('center_axis',(0.,0.,-1.));
#2263=DIRECTION('ref_axis',(0.707106781186541,-0.707106781186554,0.));
#2264=DIRECTION('',(0.,1.,0.));
#2265=DIRECTION('center_axis',(0.,0.,1.));
#2266=DIRECTION('ref_axis',(-0.707106781186554,0.707106781186541,0.));
#2267=DIRECTION('',(1.,0.,0.));
#2268=DIRECTION('center_axis',(0.,0.,-1.));
#2269=DIRECTION('ref_axis',(0.49917665166783,-0.866500242602213,0.));
#2270=DIRECTION('center_axis',(0.,0.,1.));
#2271=DIRECTION('ref_axis',(-0.999994585692256,0.00329068171878318,0.));
#2272=DIRECTION('',(1.,0.,0.));
#2273=DIRECTION('',(0.,1.,0.));
#2274=DIRECTION('center_axis',(0.,0.,1.));
#2275=DIRECTION('ref_axis',(-0.707106781186539,0.707106781186556,0.));
#2276=DIRECTION('',(1.,0.,0.));
#2277=DIRECTION('center_axis',(0.,0.,1.));
#2278=DIRECTION('ref_axis',(0.707106781186539,0.707106781186556,0.));
#2279=DIRECTION('',(0.,1.,0.));
#2280=DIRECTION('center_axis',(0.,0.,-1.));
#2281=DIRECTION('ref_axis',(-0.707106781186548,-0.707106781186548,0.));
#2282=DIRECTION('',(-1.,0.,0.));
#2283=DIRECTION('center_axis',(0.,0.,1.));
#2284=DIRECTION('ref_axis',(0.707106781186539,0.707106781186556,0.));
#2285=DIRECTION('',(0.,1.,0.));
#2286=DIRECTION('center_axis',(0.,0.,-1.));
#2287=DIRECTION('ref_axis',(-0.707106781186539,-0.707106781186556,0.));
#2288=DIRECTION('center_axis',(0.,0.,-1.));
#2289=DIRECTION('ref_axis',(-1.,0.,0.));
#2290=DIRECTION('center_axis',(0.,0.,-1.));
#2291=DIRECTION('ref_axis',(-1.,0.,0.));
#2292=DIRECTION('center_axis',(0.,0.,-1.));
#2293=DIRECTION('ref_axis',(-1.,0.,0.));
#2294=DIRECTION('center_axis',(0.,0.,-1.));
#2295=DIRECTION('ref_axis',(-1.,0.,0.));
#2296=DIRECTION('',(-1.,0.,0.));
#2297=DIRECTION('center_axis',(0.,0.,1.));
#2298=DIRECTION('ref_axis',(-0.707106781186554,-0.707106781186541,0.));
#2299=DIRECTION('',(0.,1.,0.));
#2300=DIRECTION('center_axis',(0.,0.,1.));
#2301=DIRECTION('ref_axis',(-0.707106781186554,0.707106781186541,0.));
#2302=DIRECTION('',(1.,0.,0.));
#2303=DIRECTION('center_axis',(0.,0.,1.));
#2304=DIRECTION('ref_axis',(0.707106781186541,0.707106781186554,0.));
#2305=DIRECTION('',(0.,-1.,0.));
#2306=DIRECTION('center_axis',(0.,0.,1.));
#2307=DIRECTION('ref_axis',(0.707106781186554,-0.707106781186541,0.));
#2308=DIRECTION('',(-1.,0.,0.));
#2309=DIRECTION('center_axis',(0.,0.,1.));
#2310=DIRECTION('ref_axis',(-0.707106781186554,-0.707106781186541,0.));
#2311=DIRECTION('',(0.,1.,0.));
#2312=DIRECTION('center_axis',(0.,0.,1.));
#2313=DIRECTION('ref_axis',(-0.707106781186554,0.707106781186541,0.));
#2314=DIRECTION('',(1.,0.,0.));
#2315=DIRECTION('center_axis',(0.,0.,1.));
#2316=DIRECTION('ref_axis',(0.707106781186541,0.707106781186554,0.));
#2317=DIRECTION('',(0.,-1.,0.));
#2318=DIRECTION('center_axis',(0.,0.,1.));
#2319=DIRECTION('ref_axis',(0.707106781186554,-0.707106781186541,0.));
#2320=DIRECTION('center_axis',(0.,0.,-1.));
#2321=DIRECTION('ref_axis',(-1.,0.,0.));
#2322=DIRECTION('',(0.,0.,-1.));
#2323=DIRECTION('center_axis',(0.,0.,1.));
#2324=DIRECTION('ref_axis',(-1.,0.,0.));
#2325=DIRECTION('center_axis',(0.,0.,-1.));
#2326=DIRECTION('ref_axis',(-1.,0.,0.));
#2327=DIRECTION('',(0.,0.,-1.));
#2328=DIRECTION('center_axis',(0.,0.,1.));
#2329=DIRECTION('ref_axis',(-1.,0.,0.));
#2330=DIRECTION('center_axis',(0.,0.,-1.));
#2331=DIRECTION('ref_axis',(-1.,0.,0.));
#2332=DIRECTION('',(0.,0.,-1.));
#2333=DIRECTION('center_axis',(0.,0.,1.));
#2334=DIRECTION('ref_axis',(-1.,0.,0.));
#2335=DIRECTION('center_axis',(0.,0.,-1.));
#2336=DIRECTION('ref_axis',(-1.,0.,0.));
#2337=DIRECTION('',(0.,0.,-1.));
#2338=DIRECTION('center_axis',(0.,0.,1.));
#2339=DIRECTION('ref_axis',(-1.,0.,0.));
#2340=DIRECTION('center_axis',(0.,0.,-1.));
#2341=DIRECTION('ref_axis',(-0.49612095083005,0.868253420464029,0.));
#2342=DIRECTION('center_axis',(0.,0.,1.));
#2343=DIRECTION('ref_axis',(-0.49612095083005,0.868253420464029,0.));
#2344=DIRECTION('',(0.,0.,1.));
#2345=DIRECTION('',(0.,0.,-1.));
#2346=DIRECTION('center_axis',(0.,0.,1.));
#2347=DIRECTION('ref_axis',(-1.,0.,0.));
#2348=DIRECTION('center_axis',(0.,0.,1.));
#2349=DIRECTION('ref_axis',(-0.707106781186539,-0.707106781186556,0.));
#2350=DIRECTION('',(0.,1.,0.));
#2351=DIRECTION('center_axis',(0.,0.,-1.));
#2352=DIRECTION('ref_axis',(0.707106781186539,0.707106781186556,0.));
#2353=DIRECTION('',(-1.,0.,0.));
#2354=DIRECTION('center_axis',(0.,0.,1.));
#2355=DIRECTION('ref_axis',(-0.707106781186548,-0.707106781186548,0.));
#2356=DIRECTION('',(0.,1.,0.));
#2357=DIRECTION('center_axis',(0.,0.,-1.));
#2358=DIRECTION('ref_axis',(0.707106781186539,0.707106781186556,0.));
#2359=DIRECTION('',(-1.,0.,0.));
#2360=DIRECTION('center_axis',(0.,0.,-1.));
#2361=DIRECTION('ref_axis',(-0.707106781186539,0.707106781186556,0.));
#2362=DIRECTION('',(0.,-1.,0.));
#2363=DIRECTION('',(-1.,0.,0.));
#2364=DIRECTION('center_axis',(0.,0.,-1.));
#2365=DIRECTION('ref_axis',(-0.999994585692256,0.00329068171878318,0.));
#2366=DIRECTION('center_axis',(0.,0.,1.));
#2367=DIRECTION('ref_axis',(0.49917665166783,-0.866500242602213,0.));
#2368=DIRECTION('',(1.,0.,0.));
#2369=DIRECTION('center_axis',(0.,0.,-1.));
#2370=DIRECTION('ref_axis',(-0.707106781186554,0.707106781186541,0.));
#2371=DIRECTION('',(0.,1.,0.));
#2372=DIRECTION('center_axis',(0.,0.,1.));
#2373=DIRECTION('ref_axis',(0.707106781186541,-0.707106781186554,0.));
#2374=DIRECTION('',(1.,0.,0.));
#2375=DIRECTION('center_axis',(0.,0.,1.));
#2376=DIRECTION('ref_axis',(-0.707106781186554,-0.707106781186541,0.));
#2377=DIRECTION('',(0.,-1.,0.));
#2378=DIRECTION('center_axis',(0.,0.,-1.));
#2379=DIRECTION('ref_axis',(0.707106781186541,0.707106781186554,0.));
#2380=DIRECTION('',(-1.,0.,0.));
#2381=DIRECTION('center_axis',(0.,0.,1.));
#2382=DIRECTION('ref_axis',(-0.784990006857015,0.619508425394379,0.));
#2383=DIRECTION('',(1.,0.,0.));
#2384=DIRECTION('center_axis',(0.,0.,1.));
#2385=DIRECTION('ref_axis',(0.985288181503899,0.170901139225983,0.));
#2386=DIRECTION('',(1.,0.,0.));
#2387=DIRECTION('center_axis',(0.,0.,-1.));
#2388=DIRECTION('ref_axis',(-0.707106781186547,0.707106781186547,0.));
#2389=DIRECTION('',(0.,-1.,0.));
#2390=DIRECTION('center_axis',(0.,0.,-1.));
#2391=DIRECTION('ref_axis',(-0.707106781186552,-0.707106781186543,0.));
#2392=DIRECTION('',(1.,0.,0.));
#2393=DIRECTION('center_axis',(0.,0.,-1.));
#2394=DIRECTION('ref_axis',(0.707106781186552,-0.707106781186543,0.));
#2395=DIRECTION('',(0.,1.,0.));
#2396=DIRECTION('',(-1.,0.,0.));
#2397=DIRECTION('center_axis',(0.,0.,-1.));
#2398=DIRECTION('ref_axis',(0.707106781186547,-0.707106781186547,0.));
#2399=DIRECTION('',(0.,1.,0.));
#2400=DIRECTION('center_axis',(0.,0.,1.));
#2401=DIRECTION('ref_axis',(-0.707106781186554,0.707106781186541,0.));
#2402=DIRECTION('',(1.,0.,0.));
#2403=DIRECTION('center_axis',(0.,0.,1.));
#2404=DIRECTION('ref_axis',(0.707106781186547,0.707106781186547,0.));
#2405=DIRECTION('',(0.,-1.,0.));
#2406=DIRECTION('',(-1.,0.,0.));
#2407=DIRECTION('',(0.,1.,0.));
#2408=DIRECTION('',(1.,0.,0.));
#2409=DIRECTION('center_axis',(0.,0.,-1.));
#2410=DIRECTION('ref_axis',(0.707106781186539,0.707106781186556,0.));
#2411=DIRECTION('',(-1.,0.,0.));
#2412=DIRECTION('center_axis',(0.,0.,-1.));
#2413=DIRECTION('ref_axis',(-0.707106781186548,0.707106781186548,0.));
#2414=DIRECTION('center_axis',(0.,0.,1.));
#2415=DIRECTION('ref_axis',(-1.,0.,0.));
#2416=DIRECTION('center_axis',(0.,0.,-1.));
#2417=DIRECTION('ref_axis',(0.707106781186554,-0.707106781186541,0.));
#2418=DIRECTION('',(0.,-1.,0.));
#2419=DIRECTION('center_axis',(0.,0.,-1.));
#2420=DIRECTION('ref_axis',(0.707106781186541,0.707106781186554,0.));
#2421=DIRECTION('',(1.,0.,0.));
#2422=DIRECTION('center_axis',(0.,0.,-1.));
#2423=DIRECTION('ref_axis',(-0.707106781186554,0.707106781186541,0.));
#2424=DIRECTION('',(0.,1.,0.));
#2425=DIRECTION('center_axis',(0.,0.,-1.));
#2426=DIRECTION('ref_axis',(-0.707106781186554,-0.707106781186541,0.));
#2427=DIRECTION('',(-1.,0.,0.));
#2428=DIRECTION('center_axis',(0.,0.,-1.));
#2429=DIRECTION('ref_axis',(0.707106781186554,-0.707106781186541,0.));
#2430=DIRECTION('',(0.,-1.,0.));
#2431=DIRECTION('center_axis',(0.,0.,-1.));
#2432=DIRECTION('ref_axis',(0.707106781186541,0.707106781186554,0.));
#2433=DIRECTION('',(1.,0.,0.));
#2434=DIRECTION('center_axis',(0.,0.,-1.));
#2435=DIRECTION('ref_axis',(-0.707106781186554,0.707106781186541,0.));
#2436=DIRECTION('',(0.,1.,0.));
#2437=DIRECTION('center_axis',(0.,0.,-1.));
#2438=DIRECTION('ref_axis',(-0.707106781186554,-0.707106781186541,0.));
#2439=DIRECTION('',(-1.,0.,0.));
#2440=DIRECTION('center_axis',(0.,-1.,0.));
#2441=DIRECTION('ref_axis',(-1.,0.,0.));
#2442=DIRECTION('',(0.,0.,1.));
#2443=DIRECTION('center_axis',(0.,0.,1.));
#2444=DIRECTION('ref_axis',(0.985288181503899,0.170901139225983,0.));
#2445=DIRECTION('',(0.,0.,-1.));
#2446=DIRECTION('center_axis',(0.,0.,-1.));
#2447=DIRECTION('ref_axis',(0.707106781186552,-0.707106781186543,0.));
#2448=DIRECTION('',(0.,0.,-1.));
#2449=DIRECTION('',(0.,0.,1.));
#2450=DIRECTION('center_axis',(1.,0.,0.));
#2451=DIRECTION('ref_axis',(0.,-1.,0.));
#2452=DIRECTION('',(0.,0.,-1.));
#2453=DIRECTION('center_axis',(0.,0.,-1.));
#2454=DIRECTION('ref_axis',(-0.707106781186552,-0.707106781186543,0.));
#2455=DIRECTION('',(0.,0.,-1.));
#2456=DIRECTION('',(0.,0.,1.));
#2457=DIRECTION('center_axis',(0.,-1.,0.));
#2458=DIRECTION('ref_axis',(-1.,0.,0.));
#2459=DIRECTION('center_axis',(0.,0.,1.));
#2460=DIRECTION('ref_axis',(-0.707106781186554,0.707106781186541,0.));
#2461=DIRECTION('',(0.,0.,-1.));
#2462=DIRECTION('',(0.,0.,1.));
#2463=DIRECTION('center_axis',(0.,1.,0.));
#2464=DIRECTION('ref_axis',(-1.,0.,0.));
#2465=DIRECTION('',(0.,0.,1.));
#2466=DIRECTION('center_axis',(0.,1.,0.));
#2467=DIRECTION('ref_axis',(1.,0.,0.));
#2468=DIRECTION('',(0.,0.,1.));
#2469=DIRECTION('center_axis',(0.,-1.,0.));
#2470=DIRECTION('ref_axis',(-1.,0.,0.));
#2471=DIRECTION('',(0.,0.,1.));
#2472=DIRECTION('center_axis',(0.,0.,1.));
#2473=DIRECTION('ref_axis',(-0.784990006857015,0.619508425394379,0.));
#2474=DIRECTION('',(0.,0.,1.));
#2475=DIRECTION('center_axis',(0.,-1.,0.));
#2476=DIRECTION('ref_axis',(1.,0.,0.));
#2477=DIRECTION('',(0.,0.,-1.));
#2478=DIRECTION('center_axis',(0.,0.,1.));
#2479=DIRECTION('ref_axis',(0.,1.,0.));
#2480=DIRECTION('',(0.,0.,-1.));
#2481=DIRECTION('center_axis',(0.,0.,-1.));
#2482=DIRECTION('ref_axis',(0.,1.,0.));
#2483=DIRECTION('',(0.,0.,1.));
#2484=DIRECTION('center_axis',(0.,-1.,0.));
#2485=DIRECTION('ref_axis',(-1.,0.,0.));
#2486=DIRECTION('',(1.,0.,0.));
#2487=DIRECTION('',(0.,0.,-1.));
#2488=DIRECTION('center_axis',(0.,0.,1.));
#2489=DIRECTION('ref_axis',(-0.94232718133423,0.334693118122683,0.));
#2490=DIRECTION('',(0.,0.,-1.));
#2491=DIRECTION('center_axis',(0.,0.,1.));
#2492=DIRECTION('ref_axis',(-0.94232718133423,0.334693118122683,0.));
#2493=DIRECTION('center_axis',(0.,0.,1.));
#2494=DIRECTION('ref_axis',(-1.,0.,0.));
#2495=DIRECTION('center_axis',(0.,0.,-1.));
#2496=DIRECTION('ref_axis',(0.707106781186548,-0.707106781186548,0.));
#2497=DIRECTION('',(0.,1.,0.));
#2498=DIRECTION('center_axis',(0.,0.,1.));
#2499=DIRECTION('ref_axis',(-0.707106781186539,0.707106781186556,0.));
#2500=DIRECTION('',(1.,0.,0.));
#2501=DIRECTION('',(1.,0.,0.));
#2502=DIRECTION('',(0.,1.,0.));
#2503=DIRECTION('',(-1.,0.,0.));
#2504=DIRECTION('',(0.,1.,0.));
#2505=DIRECTION('',(-1.,0.,0.));
#2506=DIRECTION('center_axis',(0.,0.,1.));
#2507=DIRECTION('ref_axis',(0.707106781186547,-0.707106781186547,0.));
#2508=DIRECTION('',(-1.,0.,0.));
#2509=DIRECTION('',(0.,1.,0.));
#2510=DIRECTION('',(1.,0.,0.));
#2511=DIRECTION('center_axis',(0.,0.,1.));
#2512=DIRECTION('ref_axis',(0.,-1.,0.));
#2513=DIRECTION('center_axis',(0.,0.,1.));
#2514=DIRECTION('ref_axis',(0.884587899025401,0.466373507928813,0.));
#2515=DIRECTION('center_axis',(0.,0.,-1.));
#2516=DIRECTION('ref_axis',(-0.627028530044598,-0.778996291717817,0.));
#2517=DIRECTION('center_axis',(0.,0.,1.));
#2518=DIRECTION('ref_axis',(-1.,0.,0.));
#2519=DIRECTION('center_axis',(0.,0.,1.));
#2520=DIRECTION('ref_axis',(-1.,0.,0.));
#2521=DIRECTION('center_axis',(0.,0.,-1.));
#2522=DIRECTION('ref_axis',(-0.627028530044598,-0.778996291717817,0.));
#2523=DIRECTION('',(0.,0.,1.));
#2524=DIRECTION('center_axis',(0.,0.,-1.));
#2525=DIRECTION('ref_axis',(0.884587899025401,0.466373507928813,0.));
#2526=DIRECTION('',(0.,0.,1.));
#2527=DIRECTION('center_axis',(0.,0.,-1.));
#2528=DIRECTION('ref_axis',(0.,-1.,0.));
#2529=DIRECTION('',(0.,0.,1.));
#2530=DIRECTION('center_axis',(0.707106781186548,0.,-0.707106781186548));
#2531=DIRECTION('ref_axis',(-0.707106781186547,0.,-0.707106781186547));
#2532=DIRECTION('center_axis',(0.,0.,-1.));
#2533=DIRECTION('ref_axis',(0.707106781186548,-0.707106781186548,0.));
#2534=DIRECTION('',(0.,0.,-1.));
#2535=DIRECTION('center_axis',(-0.707106781186548,0.,0.707106781186548));
#2536=DIRECTION('ref_axis',(0.707106781186548,0.,0.707106781186548));
#2537=DIRECTION('',(-0.707106781186548,0.,-0.707106781186548));
#2538=DIRECTION('',(0.707106781186548,0.,0.707106781186548));
#2539=DIRECTION('center_axis',(0.,1.,0.));
#2540=DIRECTION('ref_axis',(-1.,0.,0.));
#2541=DIRECTION('center_axis',(0.,0.,1.));
#2542=DIRECTION('ref_axis',(0.49917665166783,-0.866500242602213,0.));
#2543=DIRECTION('',(0.,0.,-1.));
#2544=DIRECTION('',(0.,0.,1.));
#2545=DIRECTION('center_axis',(0.,0.,-1.));
#2546=DIRECTION('ref_axis',(-0.999994585692256,0.00329068171878318,0.));
#2547=DIRECTION('',(0.,0.,1.));
#2548=DIRECTION('center_axis',(-1.,0.,0.));
#2549=DIRECTION('ref_axis',(0.,1.,0.));
#2550=DIRECTION('',(0.,0.,1.));
#2551=DIRECTION('center_axis',(0.,0.,-1.));
#2552=DIRECTION('ref_axis',(-0.707106781186539,0.707106781186556,0.));
#2553=DIRECTION('',(0.,0.,-1.));
#2554=DIRECTION('center_axis',(0.,0.,-1.));
#2555=DIRECTION('ref_axis',(-0.707106781186539,0.707106781186556,0.));
#2556=DIRECTION('',(0.,0.,-1.));
#2557=DIRECTION('',(0.,0.,1.));
#2558=DIRECTION('center_axis',(-1.,0.,0.));
#2559=DIRECTION('ref_axis',(0.,1.,0.));
#2560=DIRECTION('',(0.,0.,-1.));
#2561=DIRECTION('center_axis',(0.,0.,-1.));
#2562=DIRECTION('ref_axis',(0.707106781186539,0.707106781186556,0.));
#2563=DIRECTION('',(0.,0.,-1.));
#2564=DIRECTION('',(0.,0.,1.));
#2565=DIRECTION('center_axis',(0.,-1.,0.));
#2566=DIRECTION('ref_axis',(-1.,0.,0.));
#2567=DIRECTION('',(0.,0.,1.));
#2568=DIRECTION('center_axis',(0.,0.,-1.));
#2569=DIRECTION('ref_axis',(-0.707106781186548,-0.707106781186548,0.));
#2570=DIRECTION('',(0.,0.,-1.));
#2571=DIRECTION('center_axis',(0.,0.,-1.));
#2572=DIRECTION('ref_axis',(0.707106781186539,0.707106781186556,0.));
#2573=DIRECTION('',(0.,0.,-1.));
#2574=DIRECTION('',(0.,0.,1.));
#2575=DIRECTION('center_axis',(0.,1.,0.));
#2576=DIRECTION('ref_axis',(1.,0.,0.));
#2577=DIRECTION('center_axis',(0.,0.,1.));
#2578=DIRECTION('ref_axis',(-0.707106781186539,-0.707106781186556,0.));
#2579=DIRECTION('',(0.,0.,-1.));
#2580=DIRECTION('center_axis',(0.,0.,-1.));
#2581=DIRECTION('ref_axis',(0.707106781186539,0.707106781186556,0.));
#2582=DIRECTION('',(0.,0.,-1.));
#2583=DIRECTION('center_axis',(0.,-1.,0.));
#2584=DIRECTION('ref_axis',(-1.,0.,0.));
#2585=DIRECTION('',(0.,0.,1.));
#2586=DIRECTION('center_axis',(0.,0.,-1.));
#2587=DIRECTION('ref_axis',(-0.707106781186548,0.707106781186548,0.));
#2588=DIRECTION('center_axis',(1.,0.,0.));
#2589=DIRECTION('ref_axis',(0.,-1.,0.));
#2590=DIRECTION('center_axis',(-1.,0.,0.));
#2591=DIRECTION('ref_axis',(0.,0.628539361054708,-0.777777777777778));
#2592=DIRECTION('',(0.,0.,-1.));
#2593=DIRECTION('center_axis',(0.,1.,0.));
#2594=DIRECTION('ref_axis',(1.,0.,0.));
#2595=DIRECTION('',(-1.,0.,0.));
#2596=DIRECTION('center_axis',(0.,1.,0.));
#2597=DIRECTION('ref_axis',(1.,0.,0.));
#2598=DIRECTION('center_axis',(-1.,0.,0.));
#2599=DIRECTION('ref_axis',(0.,1.,0.));
#2600=DIRECTION('center_axis',(-1.,0.,0.));
#2601=DIRECTION('ref_axis',(0.,1.,0.));
#2602=DIRECTION('center_axis',(0.,1.,0.));
#2603=DIRECTION('ref_axis',(1.,0.,0.));
#2604=DIRECTION('center_axis',(-1.,0.,0.));
#2605=DIRECTION('ref_axis',(0.,-0.968245836551854,0.25));
#2606=DIRECTION('center_axis',(-0.707106781186549,-0.707106781186546,0.));
#2607=DIRECTION('ref_axis',(0.707106781186546,-0.707106781186549,2.45326946669341E-17));
#2608=DIRECTION('center_axis',(-1.,0.,0.));
#2609=DIRECTION('ref_axis',(0.,-0.210818510677891,0.977525219907679));
#2610=DIRECTION('',(1.,0.,0.));
#2611=DIRECTION('center_axis',(-1.,0.,0.));
#2612=DIRECTION('ref_axis',(0.,-0.210818510677891,0.977525219907679));
#2613=DIRECTION('center_axis',(1.,0.,0.));
#2614=DIRECTION('ref_axis',(0.,0.,-1.));
#2615=DIRECTION('center_axis',(1.,0.,0.));
#2616=DIRECTION('ref_axis',(0.,0.628539361054708,-0.777777777777778));
#2617=DIRECTION('',(0.,0.,-1.));
#2618=DIRECTION('',(0.,-0.707106781186548,-0.707106781186547));
#2619=DIRECTION('',(0.,0.,-1.));
#2620=DIRECTION('center_axis',(-1.,0.,0.));
#2621=DIRECTION('ref_axis',(0.,0.628539361054708,-0.777777777777778));
#2622=DIRECTION('',(1.,0.,0.));
#2623=DIRECTION('center_axis',(0.,-1.,0.));
#2624=DIRECTION('ref_axis',(-1.,0.,0.));
#2625=DIRECTION('',(0.,0.,-1.));
#2626=DIRECTION('center_axis',(0.,-1.,0.));
#2627=DIRECTION('ref_axis',(0.968245836551854,0.,0.25));
#2628=DIRECTION('center_axis',(0.,0.707106781186547,-0.707106781186548));
#2629=DIRECTION('ref_axis',(2.4532694666934E-17,0.707106781186548,0.707106781186547));
#2630=DIRECTION('center_axis',(0.,0.707106781186547,-0.707106781186548));
#2631=DIRECTION('ref_axis',(-1.,0.,0.));
#2632=DIRECTION('center_axis',(0.,0.,1.));
#2633=DIRECTION('ref_axis',(0.707106781186547,0.707106781186547,0.));
#2634=DIRECTION('center_axis',(0.,0.,-1.));
#2635=DIRECTION('ref_axis',(-0.707106781186547,0.707106781186547,0.));
#2636=DIRECTION('',(0.,0.,-1.));
#2637=DIRECTION('center_axis',(-1.,0.,0.));
#2638=DIRECTION('ref_axis',(0.,1.,0.));
#2639=DIRECTION('center_axis',(0.,0.,-1.));
#2640=DIRECTION('ref_axis',(0.707106781186547,-0.707106781186547,0.));
#2641=DIRECTION('',(0.,0.,-1.));
#2642=DIRECTION('center_axis',(1.,0.,0.));
#2643=DIRECTION('ref_axis',(0.,-1.,0.));
#2644=DIRECTION('center_axis',(0.,0.,1.));
#2645=DIRECTION('ref_axis',(-1.,0.,0.));
#2646=DIRECTION('',(0.,0.,1.));
#2647=DIRECTION('center_axis',(0.,0.,1.));
#2648=DIRECTION('ref_axis',(0.707106781186554,-0.707106781186541,0.));
#2649=DIRECTION('',(0.,0.,1.));
#2650=DIRECTION('',(0.,0.,-1.));
#2651=DIRECTION('center_axis',(0.,1.,0.));
#2652=DIRECTION('ref_axis',(-1.,0.,0.));
#2653=DIRECTION('',(0.,0.,-1.));
#2654=DIRECTION('center_axis',(0.,0.,1.));
#2655=DIRECTION('ref_axis',(0.707106781186541,0.707106781186554,0.));
#2656=DIRECTION('',(0.,0.,1.));
#2657=DIRECTION('',(0.,0.,-1.));
#2658=DIRECTION('center_axis',(-1.,0.,0.));
#2659=DIRECTION('ref_axis',(0.,-1.,0.));
#2660=DIRECTION('center_axis',(0.,0.,1.));
#2661=DIRECTION('ref_axis',(-0.707106781186554,0.707106781186541,0.));
#2662=DIRECTION('',(0.,0.,1.));
#2663=DIRECTION('',(0.,0.,-1.));
#2664=DIRECTION('center_axis',(0.,-1.,0.));
#2665=DIRECTION('ref_axis',(1.,0.,0.));
#2666=DIRECTION('center_axis',(0.,0.,1.));
#2667=DIRECTION('ref_axis',(-0.707106781186554,-0.707106781186541,0.));
#2668=DIRECTION('',(0.,0.,1.));
#2669=DIRECTION('center_axis',(1.,0.,0.));
#2670=DIRECTION('ref_axis',(0.,1.,0.));
#2671=DIRECTION('center_axis',(0.,0.,1.));
#2672=DIRECTION('ref_axis',(-0.707106781186554,-0.707106781186541,0.));
#2673=DIRECTION('',(0.,0.,1.));
#2674=DIRECTION('',(0.,0.,-1.));
#2675=DIRECTION('center_axis',(1.,0.,0.));
#2676=DIRECTION('ref_axis',(0.,1.,0.));
#2677=DIRECTION('',(0.,0.,-1.));
#2678=DIRECTION('center_axis',(0.,0.,1.));
#2679=DIRECTION('ref_axis',(-0.707106781186554,0.707106781186541,0.));
#2680=DIRECTION('',(0.,0.,1.));
#2681=DIRECTION('center_axis',(0.,-1.,0.));
#2682=DIRECTION('ref_axis',(1.,0.,0.));
#2683=DIRECTION('',(0.,0.,-1.));
#2684=DIRECTION('center_axis',(0.,0.,1.));
#2685=DIRECTION('ref_axis',(0.707106781186541,0.707106781186554,0.));
#2686=DIRECTION('',(0.,0.,1.));
#2687=DIRECTION('center_axis',(-1.,0.,0.));
#2688=DIRECTION('ref_axis',(0.,-1.,0.));
#2689=DIRECTION('',(0.,0.,-1.));
#2690=DIRECTION('center_axis',(0.,0.,1.));
#2691=DIRECTION('ref_axis',(0.707106781186554,-0.707106781186541,0.));
#2692=DIRECTION('',(0.,0.,1.));
#2693=DIRECTION('center_axis',(0.,1.,0.));
#2694=DIRECTION('ref_axis',(-1.,0.,0.));
#2695=DIRECTION('center_axis',(0.,0.,1.));
#2696=DIRECTION('ref_axis',(-0.707106781186554,0.707106781186541,0.));
#2697=DIRECTION('',(0.,0.,1.));
#2698=DIRECTION('',(0.,0.,-1.));
#2699=DIRECTION('center_axis',(0.,-1.,0.));
#2700=DIRECTION('ref_axis',(1.,0.,0.));
#2701=DIRECTION('center_axis',(0.,0.,1.));
#2702=DIRECTION('ref_axis',(0.707106781186541,-0.707106781186554,0.));
#2703=DIRECTION('',(0.,0.,-1.));
#2704=DIRECTION('',(0.,0.,1.));
#2705=DIRECTION('center_axis',(1.,0.,0.));
#2706=DIRECTION('ref_axis',(0.,1.,0.));
#2707=DIRECTION('center_axis',(0.,0.,1.));
#2708=DIRECTION('ref_axis',(0.707106781186541,0.707106781186554,0.));
#2709=DIRECTION('',(0.,0.,1.));
#2710=DIRECTION('center_axis',(-1.,0.,0.));
#2711=DIRECTION('ref_axis',(0.,-1.,0.));
#2712=DIRECTION('',(0.,0.,-1.));
#2713=DIRECTION('center_axis',(0.,0.,1.));
#2714=DIRECTION('ref_axis',(-0.707106781186554,-0.707106781186541,0.));
#2715=DIRECTION('',(0.,0.,1.));
#2716=DIRECTION('center_axis',(0.,-1.,0.));
#2717=DIRECTION('ref_axis',(1.,0.,0.));
#2718=DIRECTION('center_axis',(0.,0.,-1.));
#2719=DIRECTION('ref_axis',(0.707106781186547,-0.707106781186547,0.));
#2720=DIRECTION('',(0.,0.,-1.));
#2721=DIRECTION('center_axis',(0.,-1.,0.));
#2722=DIRECTION('ref_axis',(1.,0.,0.));
#2723=DIRECTION('center_axis',(0.,0.,1.));
#2724=DIRECTION('ref_axis',(-1.,0.,0.));
#2725=DIRECTION('',(0.,0.,1.));
#2726=DIRECTION('center_axis',(0.,0.,1.));
#2727=DIRECTION('ref_axis',(-1.,0.,0.));
#2728=DIRECTION('',(0.,0.,1.));
#2729=CARTESIAN_POINT('',(0.,0.,0.));
#2730=CARTESIAN_POINT('Origin',(295.243619898528,-119.679286287501,15.95));
#2731=CARTESIAN_POINT('',(296.223415795503,-145.947409028362,15.749999999322));
#2732=CARTESIAN_POINT('',(296.243619898528,-145.482257443159,15.95));
#2733=CARTESIAN_POINT('Ctrl Pts',(296.223415795503,-145.947409028362,15.749999999322));
#2734=CARTESIAN_POINT('Ctrl Pts',(296.237953003455,-145.789977664587,15.8212174826077));
#2735=CARTESIAN_POINT('Ctrl Pts',(296.243619898528,-145.63285818977,15.8885667083416));
#2736=CARTESIAN_POINT('Ctrl Pts',(296.243619898528,-145.482257443159,15.95));
#2737=CARTESIAN_POINT('',(296.243619898528,-128.39999666065,15.95));
#2738=CARTESIAN_POINT('',(296.243619898528,-119.679286287501,15.95));
#2739=CARTESIAN_POINT('',(295.243619898528,-134.803120898083,14.95));
#2740=CARTESIAN_POINT('Ctrl Pts',(296.243619898528,-128.39999666065,15.95));
#2741=CARTESIAN_POINT('Ctrl Pts',(296.243619898528,-129.413768080975,15.7287769394751));
#2742=CARTESIAN_POINT('Ctrl Pts',(296.165630798593,-130.523518738869,15.4842008589739));
#2743=CARTESIAN_POINT('Ctrl Pts',(295.823744302473,-132.724169147908,15.0953486249221));
#2744=CARTESIAN_POINT('Ctrl Pts',(295.560003794984,-133.814903631871,14.95));
#2745=CARTESIAN_POINT('Ctrl Pts',(295.243619898528,-134.803120898083,14.95));
#2746=CARTESIAN_POINT('',(295.243619898528,-149.39999666065,14.95));
#2747=CARTESIAN_POINT('',(295.243619898528,-119.679286287501,14.95));
#2748=CARTESIAN_POINT('',(295.329170023138,-149.399996660635,14.953666132173));
#2749=CARTESIAN_POINT('Origin',(295.243619898528,-149.39999666065,15.95));
#2750=CARTESIAN_POINT('Ctrl Pts',(295.329170023134,-149.399996660634,14.9536661321726));
#2751=CARTESIAN_POINT('Ctrl Pts',(295.526164268367,-148.80756429472,14.9705810266378));
#2752=CARTESIAN_POINT('Ctrl Pts',(295.733440688307,-148.177826811462,15.0496027814136));
#2753=CARTESIAN_POINT('Ctrl Pts',(296.054545867582,-147.00373828187,15.3309920581281));
#2754=CARTESIAN_POINT('Ctrl Pts',(296.176338451041,-146.457235301179,15.5193690553817));
#2755=CARTESIAN_POINT('Ctrl Pts',(296.223415795503,-145.947409028362,15.749999999322));
#2756=CARTESIAN_POINT('Origin',(249.257539785086,-155.920731392284,14.95));
#2757=CARTESIAN_POINT('',(296.299993377179,-149.39999666065,14.95));
#2758=CARTESIAN_POINT('',(296.299993377179,-149.39999666065,14.95));
#2759=CARTESIAN_POINT('',(275.243619898528,-149.39999666065,14.95));
#2760=CARTESIAN_POINT('Origin',(275.243619898528,-128.39999666065,14.95));
#2761=CARTESIAN_POINT('',(275.172120967929,-149.39999666065,14.95));
#2762=CARTESIAN_POINT('',(274.762825653654,-149.39999666065,14.95));
#2763=CARTESIAN_POINT('',(273.672120967929,-150.89999666065,14.95));
#2764=CARTESIAN_POINT('Origin',(275.172120967929,-150.89999666065,14.95));
#2765=CARTESIAN_POINT('',(273.672120967929,-151.999679392459,14.95));
#2766=CARTESIAN_POINT('',(273.672120967929,-152.852391570324,14.95));
#2767=CARTESIAN_POINT('',(273.336062517973,-152.945850660297,14.95));
#2768=CARTESIAN_POINT('Origin',(272.172120967929,-151.999679392459,14.95));
#2769=CARTESIAN_POINT('',(273.012865824717,-153.696012118907,14.95));
#2770=CARTESIAN_POINT('Origin',(274.500004068017,-153.892021928134,14.95));
#2771=CARTESIAN_POINT('',(271.525727581416,-155.00000230968,14.95));
#2772=CARTESIAN_POINT('Origin',(271.525727581416,-153.50000230968,14.95));
#2773=CARTESIAN_POINT('',(238.747834098225,-155.00000230968,14.95));
#2774=CARTESIAN_POINT('',(261.128771926552,-155.00000230968,14.95));
#2775=CARTESIAN_POINT('',(237.282475399107,-153.82050797721,14.95));
#2776=CARTESIAN_POINT('Origin',(238.747834098225,-153.50000230968,14.95));
#2777=CARTESIAN_POINT('',(236.497773245821,-151.672531942487,14.95));
#2778=CARTESIAN_POINT('Origin',(228.978776104105,-155.636706759882,14.95));
#2779=CARTESIAN_POINT('',(220.0731909775,-141.040185826497,14.95));
#2780=CARTESIAN_POINT('Origin',(218.806015265313,-161.000002101064,14.95));
#2781=CARTESIAN_POINT('',(220.0731909775,-170.841460683504,14.95));
#2782=CARTESIAN_POINT('',(220.0731909775,-148.460366746674,14.95));
#2783=CARTESIAN_POINT('',(282.623487740171,-170.841460683504,14.95));
#2784=CARTESIAN_POINT('',(277.623487740171,-170.841460683504,14.95));
#2785=CARTESIAN_POINT('',(307.330627504525,-149.656856425062,14.95));
#2786=CARTESIAN_POINT('Origin',(282.623487740171,-145.841460683504,14.95));
#2787=CARTESIAN_POINT('',(296.299993377179,-149.656856425062,14.95));
#2788=CARTESIAN_POINT('',(262.172216577047,-149.656856425062,14.95));
#2789=CARTESIAN_POINT('',(296.299993377179,-153.499679392459,14.95));
#2790=CARTESIAN_POINT('',(269.740763475548,-167.793288672385,14.95));
#2791=CARTESIAN_POINT('Origin',(268.490763475548,-167.793288672385,14.95));
#2792=CARTESIAN_POINT('',(238.740763475548,-167.793288672385,14.95));
#2793=CARTESIAN_POINT('Origin',(237.490763475548,-167.793288672385,14.95));
#2794=CARTESIAN_POINT('',(298.996236772842,-162.704777408563,14.95));
#2795=CARTESIAN_POINT('Origin',(297.746236772842,-162.704777408563,14.95));
#2796=CARTESIAN_POINT('Origin',(275.243619898528,-128.39999666065,15.95));
#2797=CARTESIAN_POINT('',(296.243619898528,-128.39999666065,9.95));
#2798=CARTESIAN_POINT('',(296.243619898528,-128.39999666065,15.95));
#2799=CARTESIAN_POINT('',(275.243619898528,-149.39999666065,9.95));
#2800=CARTESIAN_POINT('Origin',(275.243619898528,-128.39999666065,9.95));
#2801=CARTESIAN_POINT('',(275.243619898528,-149.39999666065,15.95));
#2802=CARTESIAN_POINT('Origin',(296.243619898528,-83.4378411827183,14.95));
#2803=CARTESIAN_POINT('',(296.243619898528,-140.383237929566,16.95));
#2804=CARTESIAN_POINT('Origin',(296.243619898528,-140.383237929566,3.45));
#2805=CARTESIAN_POINT('',(296.243619898528,-91.6489931515853,16.95));
#2806=CARTESIAN_POINT('',(296.243619898528,-84.8260240131631,16.95));
#2807=CARTESIAN_POINT('',(296.243619898528,-91.6489931515853,12.95));
#2808=CARTESIAN_POINT('',(296.243619898528,-91.6489931515853,15.95));
#2809=CARTESIAN_POINT('',(296.243619898528,-118.127018471734,12.95));
#2810=CARTESIAN_POINT('',(296.243619898528,-84.8260240131631,12.95));
#2811=CARTESIAN_POINT('',(296.243619898528,-122.000001817942,9.95));
#2812=CARTESIAN_POINT('Origin',(296.243619898528,-118.127018471734,8.95));
#2813=CARTESIAN_POINT('',(296.243619898528,-119.679286287501,9.95));
#2814=CARTESIAN_POINT('Origin',(262.571690951137,-89.6281133976532,16.95));
#2815=CARTESIAN_POINT('',(262.571690951137,-109.128113397653,12.95));
#2816=CARTESIAN_POINT('',(281.981189415938,-91.504644597733,12.95));
#2817=CARTESIAN_POINT('Origin',(262.571690951137,-89.6281133976532,12.95));
#2818=CARTESIAN_POINT('',(281.981189415938,-91.504644597733,16.95));
#2819=CARTESIAN_POINT('',(281.981189415938,-91.504644597733,16.95));
#2820=CARTESIAN_POINT('',(262.571690951137,-109.128113397653,16.95));
#2821=CARTESIAN_POINT('Origin',(262.571690951137,-89.6281133976532,16.95));
#2822=CARTESIAN_POINT('',(262.571690951137,-109.128113397653,16.95));
#2823=CARTESIAN_POINT('Origin',(258.624160680777,-109.128113397653,16.95));
#2824=CARTESIAN_POINT('',(260.124160680777,-109.128113397653,16.95));
#2825=CARTESIAN_POINT('',(237.67255304735,-109.128113397653,16.95));
#2826=CARTESIAN_POINT('',(260.124160680777,-109.128113397653,12.95));
#2827=CARTESIAN_POINT('',(260.124160680777,-109.128113397653,16.95));
#2828=CARTESIAN_POINT('',(237.67255304735,-109.128113397653,12.95));
#2829=CARTESIAN_POINT('Origin',(216.720945413923,-86.2142068436078,16.95));
#2830=CARTESIAN_POINT('',(283.474227759385,-90.1489931515853,16.95));
#2831=CARTESIAN_POINT('Origin',(283.474227759385,-91.6489931515853,16.95));
#2832=CARTESIAN_POINT('',(294.743619898528,-90.1489931515853,16.95));
#2833=CARTESIAN_POINT('',(296.243619898528,-90.1489931515853,16.95));
#2834=CARTESIAN_POINT('Origin',(294.743619898528,-91.6489931515853,16.95));
#2835=CARTESIAN_POINT('',(307.623487740171,-140.383237929566,16.95));
#2836=CARTESIAN_POINT('',(262.172216577047,-140.383237929566,16.95));
#2837=CARTESIAN_POINT('',(307.623487740171,-64.9284118990763,16.95));
#2838=CARTESIAN_POINT('',(307.623487740171,-146.00000217557,16.95));
#2839=CARTESIAN_POINT('',(295.123487740171,-52.4284118990763,16.95));
#2840=CARTESIAN_POINT('Origin',(295.123487740171,-64.9284118990763,16.95));
#2841=CARTESIAN_POINT('',(230.129095056629,-52.4284118990763,16.95));
#2842=CARTESIAN_POINT('',(231.655004812361,-52.4284118990763,16.95));
#2843=CARTESIAN_POINT('',(227.129095056629,-55.4284118990763,16.95));
#2844=CARTESIAN_POINT('Origin',(230.129095056629,-55.4284118990763,16.95));
#2845=CARTESIAN_POINT('',(227.129095056629,-67.8649824684618,16.95));
#2846=CARTESIAN_POINT('',(227.129095056629,-72.3761678307281,16.95));
#2847=CARTESIAN_POINT('',(227.122997588856,-68.1118376863972,16.95));
#2848=CARTESIAN_POINT('Origin',(222.129095056629,-67.8649824684618,16.95));
#2849=CARTESIAN_POINT('',(227.129095056629,-68.1118376863972,16.95));
#2850=CARTESIAN_POINT('',(221.92197150139,-68.1118376863972,16.95));
#2851=CARTESIAN_POINT('',(227.129095056629,-69.8649824684618,16.95));
#2852=CARTESIAN_POINT('',(227.129095056629,-77.1630222650025,16.95));
#2853=CARTESIAN_POINT('',(224.129095056629,-72.8649824684618,16.95));
#2854=CARTESIAN_POINT('Origin',(224.129095056629,-69.8649824684618,16.95));
#2855=CARTESIAN_POINT('',(198.064232124304,-72.8649824684618,16.95));
#2856=CARTESIAN_POINT('',(221.925020235276,-72.8649824684618,16.95));
#2857=CARTESIAN_POINT('',(195.064232124304,-69.8649824684618,16.95));
#2858=CARTESIAN_POINT('Origin',(198.064232124304,-69.8649824684618,16.95));
#2859=CARTESIAN_POINT('',(195.064232124304,-63.5381288178484,16.95));
#2860=CARTESIAN_POINT('',(195.064232124304,-79.5395946560348,16.95));
#2861=CARTESIAN_POINT('',(195.132637385636,-62.7138877526591,16.95));
#2862=CARTESIAN_POINT('Origin',(200.064232124304,-63.5381288178484,16.95));
#2863=CARTESIAN_POINT('',(195.064232124304,-62.7138877526591,16.95));
#2864=CARTESIAN_POINT('',(205.92679139978,-62.7138877526591,16.95));
#2865=CARTESIAN_POINT('',(190.137791216785,-58.568393448789,16.95));
#2866=CARTESIAN_POINT('Origin',(190.137791216785,-63.568393448789,16.95));
#2867=CARTESIAN_POINT('',(166.811452461622,-58.568393448789,16.95));
#2868=CARTESIAN_POINT('',(205.892588769114,-58.568393448789,16.95));
#2869=CARTESIAN_POINT('',(162.503865336402,-61.0297534273142,16.95));
#2870=CARTESIAN_POINT('Origin',(166.811452461622,-63.568393448789,16.95));
#2871=CARTESIAN_POINT('',(187.057111950159,-104.000001549721,16.95));
#2872=CARTESIAN_POINT('Origin',(187.057111950159,-75.5000015497208,16.95));
#2873=CARTESIAN_POINT('',(192.000002890825,-104.000001549721,16.95));
#2874=CARTESIAN_POINT('',(210.000003129244,-104.000001549721,16.95));
#2875=CARTESIAN_POINT('',(194.000002890825,-106.000001549721,16.95));
#2876=CARTESIAN_POINT('Origin',(192.000002890825,-106.000001549721,16.95));
#2877=CARTESIAN_POINT('',(194.000002890825,-118.000001788139,16.95));
#2878=CARTESIAN_POINT('',(194.000002890825,-104.000001549721,16.95));
#2879=CARTESIAN_POINT('',(196.000002890825,-120.000001788139,16.95));
#2880=CARTESIAN_POINT('Origin',(196.000002890825,-118.000001788139,16.95));
#2881=CARTESIAN_POINT('',(208.000003129244,-120.000001788139,16.95));
#2882=CARTESIAN_POINT('',(194.000002890825,-120.000001788139,16.95));
#2883=CARTESIAN_POINT('',(210.000003129244,-118.000001788139,16.95));
#2884=CARTESIAN_POINT('Origin',(208.000003129244,-118.000001788139,16.95));
#2885=CARTESIAN_POINT('',(210.000003129244,-102.000001490116,16.95));
#2886=CARTESIAN_POINT('',(210.000003129244,-120.000001788139,16.95));
#2887=CARTESIAN_POINT('',(212.000003129244,-100.000001490116,16.95));
#2888=CARTESIAN_POINT('Origin',(212.000003129244,-102.000001490116,16.95));
#2889=CARTESIAN_POINT('',(229.533993872534,-100.000001490116,16.95));
#2890=CARTESIAN_POINT('',(210.000003129244,-100.000001490116,16.95));
#2891=CARTESIAN_POINT('',(230.831603941849,-99.2524695014052,16.95));
#2892=CARTESIAN_POINT('Origin',(229.533993872534,-98.5000014901161,16.95));
#2893=CARTESIAN_POINT('',(232.129214011163,-98.5049375126943,16.95));
#2894=CARTESIAN_POINT('Origin',(232.129214011163,-100.004937512694,16.95));
#2895=CARTESIAN_POINT('',(236.000003516674,-98.5049375126943,16.95));
#2896=CARTESIAN_POINT('',(223.675083773274,-98.5049375126943,16.95));
#2897=CARTESIAN_POINT('',(236.000003516674,-92.5000013560057,16.95));
#2898=CARTESIAN_POINT('',(236.000003516674,-92.3595721781511,16.95));
#2899=CARTESIAN_POINT('',(237.500003516674,-91.0000013560057,16.95));
#2900=CARTESIAN_POINT('Origin',(237.500003516674,-92.5000013560057,16.95));
#2901=CARTESIAN_POINT('',(253.907112690123,-91.0000013560057,16.95));
#2902=CARTESIAN_POINT('',(226.360474465299,-91.0000013560057,16.95));
#2903=CARTESIAN_POINT('',(255.407112690123,-92.5000013560057,16.95));
#2904=CARTESIAN_POINT('Origin',(253.907112690123,-92.5000013560057,16.95));
#2905=CARTESIAN_POINT('',(255.407112690123,-95.5948991812976,16.95));
#2906=CARTESIAN_POINT('',(255.407112690123,-97.0948991812976,16.95));
#2907=CARTESIAN_POINT('',(256.907112690123,-97.0948991812976,16.95));
#2908=CARTESIAN_POINT('Origin',(256.907112690123,-95.5948991812976,16.95));
#2909=CARTESIAN_POINT('',(257.124160680777,-97.0948991812976,16.95));
#2910=CARTESIAN_POINT('',(275.028321729672,-97.0948991812976,16.95));
#2911=CARTESIAN_POINT('',(258.624160680777,-98.5948991812976,16.95));
#2912=CARTESIAN_POINT('Origin',(257.124160680777,-98.5948991812976,16.95));
#2913=CARTESIAN_POINT('',(258.624160680777,-107.628113397653,16.95));
#2914=CARTESIAN_POINT('',(258.624160680777,-113.055704526168,16.95));
#2915=CARTESIAN_POINT('Origin',(260.124160680777,-107.628113397653,16.95));
#2916=CARTESIAN_POINT('',(306.156961864012,-88.7841982481322,16.95));
#2917=CARTESIAN_POINT('Origin',(304.906961864012,-88.7841982481322,16.95));
#2918=CARTESIAN_POINT('',(306.465564436935,-68.5707297217106,16.95));
#2919=CARTESIAN_POINT('Origin',(305.215564436935,-68.5707297217106,16.95));
#2920=CARTESIAN_POINT('',(283.474672754211,-55.3008190860446,16.95));
#2921=CARTESIAN_POINT('Origin',(282.224672754211,-55.3008190860446,16.95));
#2922=CARTESIAN_POINT('',(254.740763475548,-55.793288672385,16.95));
#2923=CARTESIAN_POINT('Origin',(253.490763475548,-55.793288672385,16.95));
#2924=CARTESIAN_POINT('',(232.479105268554,-96.2564102272192,16.95));
#2925=CARTESIAN_POINT('',(201.573223630008,-96.2564102272192,16.95));
#2926=CARTESIAN_POINT('',(234.479105268554,-96.2564102272192,16.95));
#2927=CARTESIAN_POINT('',(199.573223630008,-94.2564102272192,16.95));
#2928=CARTESIAN_POINT('Origin',(201.573223630008,-94.2564102272192,16.95));
#2929=CARTESIAN_POINT('',(199.573223630008,-94.0767415520535,16.95));
#2930=CARTESIAN_POINT('',(199.573223630008,-96.2564102272192,16.95));
#2931=CARTESIAN_POINT('',(201.573223630008,-92.0767415520535,16.95));
#2932=CARTESIAN_POINT('Origin',(201.573223630008,-94.0767415520535,16.95));
#2933=CARTESIAN_POINT('',(232.479105268554,-92.0767415520535,16.95));
#2934=CARTESIAN_POINT('',(199.573223630008,-92.0767415520535,16.95));
#2935=CARTESIAN_POINT('',(234.479105268554,-94.0767415520535,16.95));
#2936=CARTESIAN_POINT('Origin',(232.479105268554,-94.0767415520535,16.95));
#2937=CARTESIAN_POINT('',(234.479105268554,-94.2564102272192,16.95));
#2938=CARTESIAN_POINT('',(234.479105268554,-92.0767415520535,16.95));
#2939=CARTESIAN_POINT('Origin',(232.479105268554,-94.2564102272192,16.95));
#2940=CARTESIAN_POINT('',(232.479105268554,-82.7007280374927,16.95));
#2941=CARTESIAN_POINT('',(201.573223630008,-82.7007280374927,16.95));
#2942=CARTESIAN_POINT('',(234.479105268554,-82.7007280374927,16.95));
#2943=CARTESIAN_POINT('',(199.573223630008,-80.7007280374927,16.95));
#2944=CARTESIAN_POINT('Origin',(201.573223630008,-80.7007280374927,16.95));
#2945=CARTESIAN_POINT('',(199.573223630008,-80.2142067243985,16.95));
#2946=CARTESIAN_POINT('',(199.573223630008,-82.7007280374927,16.95));
#2947=CARTESIAN_POINT('',(201.573223630008,-78.2142067243986,16.95));
#2948=CARTESIAN_POINT('Origin',(201.573223630008,-80.2142067243985,16.95));
#2949=CARTESIAN_POINT('',(232.479105268554,-78.2142067243986,16.95));
#2950=CARTESIAN_POINT('',(199.573223630008,-78.2142067243986,16.95));
#2951=CARTESIAN_POINT('',(234.479105268554,-80.2142067243985,16.95));
#2952=CARTESIAN_POINT('Origin',(232.479105268554,-80.2142067243985,16.95));
#2953=CARTESIAN_POINT('',(234.479105268554,-80.7007280374927,16.95));
#2954=CARTESIAN_POINT('',(234.479105268554,-78.2142067243986,16.95));
#2955=CARTESIAN_POINT('Origin',(232.479105268554,-80.7007280374927,16.95));
#2956=CARTESIAN_POINT('Origin',(304.906961864012,-88.7841982481322,16.95));
#2957=CARTESIAN_POINT('',(306.156961864012,-88.7841982481322,12.95));
#2958=CARTESIAN_POINT('',(306.156961864012,-88.7841982481322,16.95));
#2959=CARTESIAN_POINT('Origin',(304.906961864012,-88.7841982481322,12.95));
#2960=CARTESIAN_POINT('Origin',(305.215564436935,-68.5707297217106,16.95));
#2961=CARTESIAN_POINT('',(306.465564436935,-68.5707297217106,12.95));
#2962=CARTESIAN_POINT('',(306.465564436935,-68.5707297217106,16.95));
#2963=CARTESIAN_POINT('Origin',(305.215564436935,-68.5707297217106,12.95));
#2964=CARTESIAN_POINT('Origin',(282.224672754211,-55.3008190860446,16.95));
#2965=CARTESIAN_POINT('',(283.474672754211,-55.3008190860446,12.95));
#2966=CARTESIAN_POINT('',(283.474672754211,-55.3008190860446,16.95));
#2967=CARTESIAN_POINT('Origin',(282.224672754211,-55.3008190860446,12.95));
#2968=CARTESIAN_POINT('Origin',(297.746236772842,-162.704777408563,14.95));
#2969=CARTESIAN_POINT('',(298.996236772842,-162.704777408563,9.95));
#2970=CARTESIAN_POINT('',(298.996236772842,-162.704777408563,14.95));
#2971=CARTESIAN_POINT('Origin',(297.746236772842,-162.704777408563,9.95));
#2972=CARTESIAN_POINT('Origin',(166.811452461622,-63.568393448789,12.95));
#2973=CARTESIAN_POINT('',(166.811452461622,-58.568393448789,12.95));
#2974=CARTESIAN_POINT('',(162.503865336402,-61.0297534273142,12.95));
#2975=CARTESIAN_POINT('Origin',(166.811452461622,-63.568393448789,12.95));
#2976=CARTESIAN_POINT('',(162.503865336402,-61.0297534273142,12.95));
#2977=CARTESIAN_POINT('',(166.811452461622,-58.568393448789,12.95));
#2978=CARTESIAN_POINT('Origin',(216.720945413923,-86.2142068436078,12.95));
#2979=CARTESIAN_POINT('',(258.624160680777,-107.628113397653,12.95));
#2980=CARTESIAN_POINT('Origin',(260.124160680777,-107.628113397653,12.95));
#2981=CARTESIAN_POINT('',(258.624160680777,-98.5948991812976,12.95));
#2982=CARTESIAN_POINT('',(258.624160680777,-113.055704526168,12.95));
#2983=CARTESIAN_POINT('',(257.124160680777,-97.0948991812976,12.95));
#2984=CARTESIAN_POINT('Origin',(257.124160680777,-98.5948991812976,12.95));
#2985=CARTESIAN_POINT('',(256.907112690123,-97.0948991812976,12.95));
#2986=CARTESIAN_POINT('',(275.028321729672,-97.0948991812976,12.95));
#2987=CARTESIAN_POINT('',(255.407112690123,-95.5948991812976,12.95));
#2988=CARTESIAN_POINT('Origin',(256.907112690123,-95.5948991812976,12.95));
#2989=CARTESIAN_POINT('',(255.407112690123,-92.5000013560057,12.95));
#2990=CARTESIAN_POINT('',(255.407112690123,-97.0948991812976,12.95));
#2991=CARTESIAN_POINT('',(253.907112690123,-91.0000013560057,12.95));
#2992=CARTESIAN_POINT('Origin',(253.907112690123,-92.5000013560057,12.95));
#2993=CARTESIAN_POINT('',(237.500003516674,-91.0000013560057,12.95));
#2994=CARTESIAN_POINT('',(226.360474465299,-91.0000013560057,12.95));
#2995=CARTESIAN_POINT('',(236.000003516674,-92.5000013560057,12.95));
#2996=CARTESIAN_POINT('Origin',(237.500003516674,-92.5000013560057,12.95));
#2997=CARTESIAN_POINT('',(236.000003516674,-98.5049375126943,12.95));
#2998=CARTESIAN_POINT('',(236.000003516674,-92.3595721781511,12.95));
#2999=CARTESIAN_POINT('',(232.129214011163,-98.5049375126943,12.95));
#3000=CARTESIAN_POINT('',(223.675083773274,-98.5049375126943,12.95));
#3001=CARTESIAN_POINT('',(230.831603941849,-99.2524695014052,12.95));
#3002=CARTESIAN_POINT('Origin',(232.129214011163,-100.004937512694,12.95));
#3003=CARTESIAN_POINT('',(229.533993872534,-100.000001490116,12.95));
#3004=CARTESIAN_POINT('Origin',(229.533993872534,-98.5000014901161,12.95));
#3005=CARTESIAN_POINT('',(212.000003129244,-100.000001490116,12.95));
#3006=CARTESIAN_POINT('',(210.000003129244,-100.000001490116,12.95));
#3007=CARTESIAN_POINT('',(210.000003129244,-102.000001490116,12.95));
#3008=CARTESIAN_POINT('Origin',(212.000003129244,-102.000001490116,12.95));
#3009=CARTESIAN_POINT('',(210.000003129244,-118.000001788139,12.95));
#3010=CARTESIAN_POINT('',(210.000003129244,-120.000001788139,12.95));
#3011=CARTESIAN_POINT('',(208.000003129244,-120.000001788139,12.95));
#3012=CARTESIAN_POINT('Origin',(208.000003129244,-118.000001788139,12.95));
#3013=CARTESIAN_POINT('',(196.000002890825,-120.000001788139,12.95));
#3014=CARTESIAN_POINT('',(194.000002890825,-120.000001788139,12.95));
#3015=CARTESIAN_POINT('',(194.000002890825,-118.000001788139,12.95));
#3016=CARTESIAN_POINT('Origin',(196.000002890825,-118.000001788139,12.95));
#3017=CARTESIAN_POINT('',(194.000002890825,-106.000001549721,12.95));
#3018=CARTESIAN_POINT('',(194.000002890825,-104.000001549721,12.95));
#3019=CARTESIAN_POINT('',(192.000002890825,-104.000001549721,12.95));
#3020=CARTESIAN_POINT('Origin',(192.000002890825,-106.000001549721,12.95));
#3021=CARTESIAN_POINT('',(187.057111950159,-104.000001549721,12.95));
#3022=CARTESIAN_POINT('',(175.000002577901,-104.000001549721,12.95));
#3023=CARTESIAN_POINT('Origin',(187.057111950159,-75.5000015497208,12.95));
#3024=CARTESIAN_POINT('',(190.137791216785,-58.568393448789,12.95));
#3025=CARTESIAN_POINT('',(205.892588769114,-58.568393448789,12.95));
#3026=CARTESIAN_POINT('',(195.064232124304,-62.7138877526591,12.95));
#3027=CARTESIAN_POINT('Origin',(190.137791216785,-63.568393448789,12.95));
#3028=CARTESIAN_POINT('',(195.132637385636,-62.7138877526591,12.95));
#3029=CARTESIAN_POINT('',(205.92679139978,-62.7138877526591,12.95));
#3030=CARTESIAN_POINT('',(195.064232124304,-63.5381288178484,12.95));
#3031=CARTESIAN_POINT('Origin',(200.064232124304,-63.5381288178484,12.95));
#3032=CARTESIAN_POINT('',(195.064232124304,-69.8649824684618,12.95));
#3033=CARTESIAN_POINT('',(195.064232124304,-79.5395946560348,12.95));
#3034=CARTESIAN_POINT('',(198.064232124304,-72.8649824684618,12.95));
#3035=CARTESIAN_POINT('Origin',(198.064232124304,-69.8649824684618,12.95));
#3036=CARTESIAN_POINT('',(224.129095056629,-72.8649824684618,12.95));
#3037=CARTESIAN_POINT('',(221.925020235276,-72.8649824684618,12.95));
#3038=CARTESIAN_POINT('',(227.129095056629,-69.8649824684618,12.95));
#3039=CARTESIAN_POINT('Origin',(224.129095056629,-69.8649824684618,12.95));
#3040=CARTESIAN_POINT('',(227.129095056629,-68.1118376863972,12.95));
#3041=CARTESIAN_POINT('',(227.129095056629,-77.1630222650025,12.95));
#3042=CARTESIAN_POINT('',(227.122997588856,-68.1118376863972,12.95));
#3043=CARTESIAN_POINT('',(221.92197150139,-68.1118376863972,12.95));
#3044=CARTESIAN_POINT('',(227.129095056629,-67.8649824684618,12.95));
#3045=CARTESIAN_POINT('Origin',(222.129095056629,-67.8649824684618,12.95));
#3046=CARTESIAN_POINT('',(227.129095056629,-55.4284118990763,12.95));
#3047=CARTESIAN_POINT('',(227.129095056629,-72.3913001461984,12.95));
#3048=CARTESIAN_POINT('',(230.129095056629,-52.4284118990763,12.95));
#3049=CARTESIAN_POINT('Origin',(230.129095056629,-55.4284118990763,12.95));
#3050=CARTESIAN_POINT('',(295.123487740171,-52.4284118990763,12.95));
#3051=CARTESIAN_POINT('',(277.623487740171,-52.4284118990763,12.95));
#3052=CARTESIAN_POINT('',(307.623487740171,-64.9284118990763,12.95));
#3053=CARTESIAN_POINT('Origin',(295.123487740171,-64.9284118990763,12.95));
#3054=CARTESIAN_POINT('',(307.623487740171,-111.000001624227,12.95));
#3055=CARTESIAN_POINT('',(307.623487740171,-146.00000217557,12.95));
#3056=CARTESIAN_POINT('',(299.127021168844,-111.000001624227,12.95));
#3057=CARTESIAN_POINT('',(246.424858781996,-111.000001624227,12.95));
#3058=CARTESIAN_POINT('',(299.127021168844,-118.127018471734,12.95));
#3059=CARTESIAN_POINT('',(299.127021168844,-146.00000217557,12.95));
#3060=CARTESIAN_POINT('',(275.000004097819,-118.127018471734,12.95));
#3061=CARTESIAN_POINT('',(294.743619898528,-90.1489931515853,12.95));
#3062=CARTESIAN_POINT('Origin',(294.743619898528,-91.6489931515853,12.95));
#3063=CARTESIAN_POINT('',(283.474227759385,-90.1489931515853,12.95));
#3064=CARTESIAN_POINT('',(296.243619898528,-90.1489931515853,12.95));
#3065=CARTESIAN_POINT('Origin',(283.474227759385,-91.6489931515853,12.95));
#3066=CARTESIAN_POINT('',(254.740763475548,-55.793288672385,12.95));
#3067=CARTESIAN_POINT('Origin',(253.490763475548,-55.793288672385,12.95));
#3068=CARTESIAN_POINT('',(234.479105268554,-80.7007280374927,12.95));
#3069=CARTESIAN_POINT('',(232.479105268554,-82.7007280374927,12.95));
#3070=CARTESIAN_POINT('Origin',(232.479105268554,-80.7007280374927,12.95));
#3071=CARTESIAN_POINT('',(234.479105268554,-80.2142067243985,12.95));
#3072=CARTESIAN_POINT('',(234.479105268554,-78.2142067243986,12.95));
#3073=CARTESIAN_POINT('',(232.479105268554,-78.2142067243986,12.95));
#3074=CARTESIAN_POINT('Origin',(232.479105268554,-80.2142067243985,12.95));
#3075=CARTESIAN_POINT('',(201.573223630008,-78.2142067243986,12.95));
#3076=CARTESIAN_POINT('',(199.573223630008,-78.2142067243986,12.95));
#3077=CARTESIAN_POINT('',(199.573223630008,-80.2142067243985,12.95));
#3078=CARTESIAN_POINT('Origin',(201.573223630008,-80.2142067243985,12.95));
#3079=CARTESIAN_POINT('',(199.573223630008,-80.7007280374927,12.95));
#3080=CARTESIAN_POINT('',(199.573223630008,-82.7007280374927,12.95));
#3081=CARTESIAN_POINT('',(201.573223630008,-82.7007280374927,12.95));
#3082=CARTESIAN_POINT('Origin',(201.573223630008,-80.7007280374927,12.95));
#3083=CARTESIAN_POINT('',(234.479105268554,-82.7007280374927,12.95));
#3084=CARTESIAN_POINT('',(234.479105268554,-94.2564102272192,12.95));
#3085=CARTESIAN_POINT('',(232.479105268554,-96.2564102272192,12.95));
#3086=CARTESIAN_POINT('Origin',(232.479105268554,-94.2564102272192,12.95));
#3087=CARTESIAN_POINT('',(234.479105268554,-94.0767415520535,12.95));
#3088=CARTESIAN_POINT('',(234.479105268554,-92.0767415520535,12.95));
#3089=CARTESIAN_POINT('',(232.479105268554,-92.0767415520535,12.95));
#3090=CARTESIAN_POINT('Origin',(232.479105268554,-94.0767415520535,12.95));
#3091=CARTESIAN_POINT('',(201.573223630008,-92.0767415520535,12.95));
#3092=CARTESIAN_POINT('',(199.573223630008,-92.0767415520535,12.95));
#3093=CARTESIAN_POINT('',(199.573223630008,-94.0767415520535,12.95));
#3094=CARTESIAN_POINT('Origin',(201.573223630008,-94.0767415520535,12.95));
#3095=CARTESIAN_POINT('',(199.573223630008,-94.2564102272192,12.95));
#3096=CARTESIAN_POINT('',(199.573223630008,-96.2564102272192,12.95));
#3097=CARTESIAN_POINT('',(201.573223630008,-96.2564102272192,12.95));
#3098=CARTESIAN_POINT('Origin',(201.573223630008,-94.2564102272192,12.95));
#3099=CARTESIAN_POINT('',(234.479105268554,-96.2564102272192,12.95));
#3100=CARTESIAN_POINT('Origin',(195.064232124304,-58.568393448789,16.95));
#3101=CARTESIAN_POINT('',(190.137791216785,-58.568393448789,16.95));
#3102=CARTESIAN_POINT('Origin',(190.137791216785,-63.568393448789,16.95));
#3103=CARTESIAN_POINT('',(195.064232124304,-62.7138877526591,16.95));
#3104=CARTESIAN_POINT('Origin',(224.129095056629,-69.8649824684618,16.95));
#3105=CARTESIAN_POINT('',(227.129095056629,-69.8649824684618,16.95));
#3106=CARTESIAN_POINT('',(224.129095056629,-72.8649824684618,16.95));
#3107=CARTESIAN_POINT('Origin',(227.129095056629,-68.1118376863972,16.95));
#3108=CARTESIAN_POINT('',(227.129095056629,-68.1118376863972,16.95));
#3109=CARTESIAN_POINT('Origin',(198.064232124304,-69.8649824684618,16.95));
#3110=CARTESIAN_POINT('',(198.064232124304,-72.8649824684618,16.95));
#3111=CARTESIAN_POINT('',(195.064232124304,-69.8649824684618,16.95));
#3112=CARTESIAN_POINT('Origin',(227.129095056629,-72.8649824684618,16.95));
#3113=CARTESIAN_POINT('Origin',(230.129095056629,-55.4284118990763,14.95));
#3114=CARTESIAN_POINT('',(230.129095056629,-52.4284118990763,14.95));
#3115=CARTESIAN_POINT('',(227.129095056629,-55.4284118990763,14.95));
#3116=CARTESIAN_POINT('Origin',(283.441888592673,-52.4284118990763,12.95));
#3117=CARTESIAN_POINT('',(295.123487740171,-52.4284118990763,14.95));
#3118=CARTESIAN_POINT('Origin',(227.122997588856,-68.1118376863972,16.95));
#3119=CARTESIAN_POINT('',(227.122997588856,-68.1118376863972,16.95));
#3120=CARTESIAN_POINT('Origin',(195.132637385636,-62.7138877526591,16.95));
#3121=CARTESIAN_POINT('',(195.132637385636,-62.7138877526591,16.95));
#3122=CARTESIAN_POINT('Origin',(187.057111950159,-75.5000015497208,12.95));
#3123=CARTESIAN_POINT('',(187.057111950159,-104.000001549721,12.95));
#3124=CARTESIAN_POINT('Origin',(173.000002577901,-104.000001549721,12.95));
#3125=CARTESIAN_POINT('',(192.000002890825,-104.000001549721,12.95));
#3126=CARTESIAN_POINT('Origin',(271.525727581416,-153.50000230968,16.95));
#3127=CARTESIAN_POINT('',(273.012865824717,-153.696012118907,9.95));
#3128=CARTESIAN_POINT('',(273.012865824717,-153.696012118907,16.95));
#3129=CARTESIAN_POINT('',(271.525727581416,-155.00000230968,9.95));
#3130=CARTESIAN_POINT('Origin',(271.525727581416,-153.50000230968,9.95));
#3131=CARTESIAN_POINT('',(271.525727581416,-155.00000230968,16.95));
#3132=CARTESIAN_POINT('Origin',(273.000004068017,-155.00000230968,14.95));
#3133=CARTESIAN_POINT('',(238.747834098225,-155.00000230968,9.95));
#3134=CARTESIAN_POINT('',(261.128771926552,-155.00000230968,9.95));
#3135=CARTESIAN_POINT('',(238.747834098225,-155.00000230968,14.95));
#3136=CARTESIAN_POINT('Origin',(274.500004068017,-153.892021928134,16.95));
#3137=CARTESIAN_POINT('',(273.336062517973,-152.945850660297,9.95));
#3138=CARTESIAN_POINT('',(273.336062517973,-152.945850660297,16.95));
#3139=CARTESIAN_POINT('Origin',(274.500004068017,-153.892021928134,9.95));
#3140=CARTESIAN_POINT('Origin',(249.257539785086,-155.920731392284,9.95));
#3141=CARTESIAN_POINT('',(273.672120967929,-151.999679392459,9.95));
#3142=CARTESIAN_POINT('Origin',(272.172120967929,-151.999679392459,9.95));
#3143=CARTESIAN_POINT('',(273.672120967929,-150.89999666065,9.95));
#3144=CARTESIAN_POINT('',(273.672120967929,-149.39999666065,9.95));
#3145=CARTESIAN_POINT('',(275.172120967929,-149.39999666065,9.95));
#3146=CARTESIAN_POINT('Origin',(275.172120967929,-150.89999666065,9.95));
#3147=CARTESIAN_POINT('',(296.299993377179,-149.39999666065,9.95));
#3148=CARTESIAN_POINT('',(303.000004515052,-122.000001817942,9.95));
#3149=CARTESIAN_POINT('',(275.000004097819,-122.000001817942,9.95));
#3150=CARTESIAN_POINT('',(303.000004515052,-114.000001624227,9.95));
#3151=CARTESIAN_POINT('',(303.000004515052,-146.00000217557,9.95));
#3152=CARTESIAN_POINT('',(307.623487740171,-114.000001624227,9.95));
#3153=CARTESIAN_POINT('',(276.128772150069,-114.000001624227,9.95));
#3154=CARTESIAN_POINT('',(307.623487740171,-146.00000217557,9.95));
#3155=CARTESIAN_POINT('',(307.623487740171,-164.090257244456,9.95));
#3156=CARTESIAN_POINT('',(307.622985027022,-146.00000217557,9.95));
#3157=CARTESIAN_POINT('',(307.623487740171,-146.00000217557,9.95));
#3158=CARTESIAN_POINT('',(282.623487740171,-170.841460683504,9.95));
#3159=CARTESIAN_POINT('Origin',(282.623487740171,-145.841460683504,9.95));
#3160=CARTESIAN_POINT('',(215.0731909775,-170.841460683504,9.95));
#3161=CARTESIAN_POINT('',(283.441888592673,-170.841460683504,9.95));
#3162=CARTESIAN_POINT('',(215.0731909775,-141.000002101064,9.95));
#3163=CARTESIAN_POINT('',(215.0731909775,-170.841460683504,9.95));
#3164=CARTESIAN_POINT('',(218.806015265313,-141.000002101064,9.95));
#3165=CARTESIAN_POINT('',(215.0731909775,-141.000002101064,9.95));
#3166=CARTESIAN_POINT('',(236.497773245821,-151.672531942487,9.95));
#3167=CARTESIAN_POINT('Origin',(218.806015265313,-161.000002101064,9.95));
#3168=CARTESIAN_POINT('',(237.282475399107,-153.82050797721,9.95));
#3169=CARTESIAN_POINT('Origin',(228.978776104105,-155.636706759882,9.95));
#3170=CARTESIAN_POINT('Origin',(238.747834098225,-153.50000230968,9.95));
#3171=CARTESIAN_POINT('',(269.740763475548,-167.793288672385,9.95));
#3172=CARTESIAN_POINT('Origin',(268.490763475548,-167.793288672385,9.95));
#3173=CARTESIAN_POINT('',(238.740763475548,-167.793288672385,9.95));
#3174=CARTESIAN_POINT('Origin',(237.490763475548,-167.793288672385,9.95));
#3175=CARTESIAN_POINT('Origin',(238.747834098225,-153.50000230968,14.95));
#3176=CARTESIAN_POINT('',(237.282475399107,-153.82050797721,14.95));
#3177=CARTESIAN_POINT('Origin',(228.978776104105,-155.636706759882,14.95));
#3178=CARTESIAN_POINT('',(236.497773245821,-151.672531942487,14.95));
#3179=CARTESIAN_POINT('Origin',(218.806015265313,-161.000002101064,9.95));
#3180=CARTESIAN_POINT('',(218.806015265313,-141.000002101064,13.6828242878133));
#3181=CARTESIAN_POINT('',(218.806015265313,-141.000002101064,9.95));
#3182=CARTESIAN_POINT('Origin',(218.806015265313,-161.000002101064,13.6828242878134));
#3183=CARTESIAN_POINT('Origin',(272.172120967929,-151.999679392459,16.95));
#3184=CARTESIAN_POINT('',(273.672120967929,-151.999679392459,16.95));
#3185=CARTESIAN_POINT('Origin',(217.5731909775,-148.460366746674,12.45));
#3186=CARTESIAN_POINT('',(221.804894116019,-141.000002101064,16.6817031385189));
#3187=CARTESIAN_POINT('',(216.3231909775,-170.841460683504,11.2));
#3188=CARTESIAN_POINT('Origin',(237.000003531575,-141.000002101064,9.95));
#3189=CARTESIAN_POINT('Origin',(229.533993872534,-98.5000014901161,14.95));
#3190=CARTESIAN_POINT('',(229.533993872534,-100.000001490116,14.95));
#3191=CARTESIAN_POINT('',(230.831603941849,-99.2524695014052,14.95));
#3192=CARTESIAN_POINT('Origin',(232.129214011163,-100.004937512694,14.95));
#3193=CARTESIAN_POINT('',(232.129214011163,-98.5049375126943,14.95));
#3194=CARTESIAN_POINT('Origin',(273.672120967929,-153.499679392459,16.95));
#3195=CARTESIAN_POINT('',(273.672120967929,-150.89999666065,16.95));
#3196=CARTESIAN_POINT('Origin',(275.172120967929,-150.89999666065,16.95));
#3197=CARTESIAN_POINT('',(275.172120967929,-149.39999666065,16.95));
#3198=CARTESIAN_POINT('Origin',(237.500003516674,-92.5000013560057,16.95));
#3199=CARTESIAN_POINT('',(236.000003516674,-92.5000013560057,16.95));
#3200=CARTESIAN_POINT('',(237.500003516674,-91.0000013560057,16.95));
#3201=CARTESIAN_POINT('Origin',(236.000003516674,-98.5049375126943,16.95));
#3202=CARTESIAN_POINT('',(236.000003516674,-98.5049375126943,16.95));
#3203=CARTESIAN_POINT('Origin',(257.124160680777,-98.5948991812976,16.95));
#3204=CARTESIAN_POINT('',(257.124160680777,-97.0948991812976,16.95));
#3205=CARTESIAN_POINT('',(258.624160680777,-98.5948991812976,16.95));
#3206=CARTESIAN_POINT('Origin',(258.624160680777,-97.0948991812976,16.95));
#3207=CARTESIAN_POINT('',(256.907112690123,-97.0948991812976,16.95));
#3208=CARTESIAN_POINT('Origin',(256.907112690123,-95.5948991812976,16.95));
#3209=CARTESIAN_POINT('',(255.407112690123,-95.5948991812976,16.95));
#3210=CARTESIAN_POINT('Origin',(253.907112690123,-92.5000013560057,16.95));
#3211=CARTESIAN_POINT('',(253.907112690123,-91.0000013560057,16.95));
#3212=CARTESIAN_POINT('',(255.407112690123,-92.5000013560057,16.95));
#3213=CARTESIAN_POINT('Origin',(236.000003516674,-91.0000013560057,16.95));
#3214=CARTESIAN_POINT('Origin',(260.124160680777,-107.628113397653,16.95));
#3215=CARTESIAN_POINT('',(258.624160680777,-107.628113397653,16.95));
#3216=CARTESIAN_POINT('Origin',(294.743619898528,-91.6489931515853,15.95));
#3217=CARTESIAN_POINT('',(294.743619898528,-90.1489931515853,15.95));
#3218=CARTESIAN_POINT('Origin',(296.243619898528,-90.1489931515853,16.95));
#3219=CARTESIAN_POINT('',(283.474227759385,-90.1489931515853,16.95));
#3220=CARTESIAN_POINT('Origin',(283.474227759385,-91.6489931515853,16.95));
#3221=CARTESIAN_POINT('Origin',(296.299993377179,-149.39999666065,16.95));
#3222=CARTESIAN_POINT('',(296.299993377179,-149.39999666065,14.9536661321722));
#3223=CARTESIAN_POINT('Origin',(296.299993377179,-149.656856425062,23.95));
#3224=CARTESIAN_POINT('',(296.299993377179,-149.39999666065,16.95));
#3225=CARTESIAN_POINT('Origin',(273.672120967929,-149.39999666065,16.95));
#3226=CARTESIAN_POINT('',(262.172216577047,-149.39999666065,14.9536661321722));
#3227=CARTESIAN_POINT('Origin',(273.672120967929,-149.39999666065,16.95));
#3228=CARTESIAN_POINT('Origin',(255.407112690123,-97.0948991812976,16.95));
#3229=CARTESIAN_POINT('Origin',(258.624160680777,-113.055704526168,16.95));
#3230=CARTESIAN_POINT('Origin',(230.629222132625,-98.5049375126943,16.95));
#3231=CARTESIAN_POINT('Origin',(275.000004097819,-118.127018471734,8.95));
#3232=CARTESIAN_POINT('Origin',(299.127021168844,-118.127018471734,8.95));
#3233=CARTESIAN_POINT('Origin',(262.172216577047,-140.383237929566,3.45));
#3234=CARTESIAN_POINT('',(307.623487740171,-145.947409026864,15.75));
#3235=CARTESIAN_POINT('',(262.172216577047,-145.947409026864,15.75));
#3236=CARTESIAN_POINT('Origin',(307.623487740171,-140.383237929566,3.45));
#3237=CARTESIAN_POINT('Origin',(307.623487740171,-172.259783096629,16.95));
#3238=CARTESIAN_POINT('',(307.623487740171,-146.00000217557,15.7264109418108));
#3239=CARTESIAN_POINT('Origin',(307.623487740171,-149.656856425062,23.95));
#3240=CARTESIAN_POINT('',(307.623487740171,-146.00000217557,16.95));
#3241=CARTESIAN_POINT('',(307.623487740171,-126.064946992327,-2.1149453681005));
#3242=CARTESIAN_POINT('',(307.623487740171,-64.9284118990763,14.95));
#3243=CARTESIAN_POINT('Origin',(262.172216577047,-149.656856425062,23.95));
#3244=CARTESIAN_POINT('',(307.622985027022,-146.000002175587,15.7264109417957));
#3245=CARTESIAN_POINT('Ctrl Pts',(307.330627504525,-149.656856425062,14.95));
#3246=CARTESIAN_POINT('Ctrl Pts',(307.503122328574,-148.539841568652,14.95));
#3247=CARTESIAN_POINT('Ctrl Pts',(307.603107318466,-147.339467187095,15.171492828362));
#3248=CARTESIAN_POINT('Ctrl Pts',(307.621647951424,-146.154622921855,15.6589522276691));
#3249=CARTESIAN_POINT('Ctrl Pts',(307.622496296626,-146.077067264634,15.692141744209));
#3250=CARTESIAN_POINT('Ctrl Pts',(307.622985027022,-146.000002175589,15.726410941802));
#3251=CARTESIAN_POINT('',(262.172216577047,-146.00000217557,15.7264109418108));
#3252=CARTESIAN_POINT('Origin',(307.623487740171,-146.00000217557,16.95));
#3253=CARTESIAN_POINT('',(307.622985027022,-146.00000217557,13.45));
#3254=CARTESIAN_POINT('Origin',(299.127021168844,-146.00000217557,8.95));
#3255=CARTESIAN_POINT('Origin',(299.127021168844,-115.000001624227,8.95));
#3256=CARTESIAN_POINT('Origin',(276.128772150069,-112.500001624227,11.45));
#3257=CARTESIAN_POINT('Origin',(295.123487740171,-64.9284118990763,14.95));
#3258=CARTESIAN_POINT('Origin',(200.064232124304,-63.5381288178484,16.95));
#3259=CARTESIAN_POINT('',(195.064232124304,-63.5381288178484,16.95));
#3260=CARTESIAN_POINT('Origin',(195.064232124304,-72.8649824684618,16.95));
#3261=CARTESIAN_POINT('Origin',(222.129095056629,-67.8649824684618,16.95));
#3262=CARTESIAN_POINT('',(227.129095056629,-67.8649824684618,16.95));
#3263=CARTESIAN_POINT('Origin',(227.129095056629,-58.5381288178484,16.95));
#3264=CARTESIAN_POINT('Origin',(253.490763475548,-55.793288672385,14.95));
#3265=CARTESIAN_POINT('',(254.740763475548,-55.793288672385,14.95));
#3266=CARTESIAN_POINT('Origin',(232.479105268554,-80.7007280374927,12.95));
#3267=CARTESIAN_POINT('',(232.479105268554,-82.7007280374927,12.95));
#3268=CARTESIAN_POINT('',(234.479105268554,-80.7007280374927,12.95));
#3269=CARTESIAN_POINT('Origin',(234.479105268554,-82.7007280374927,12.95));
#3270=CARTESIAN_POINT('',(201.573223630008,-82.7007280374927,12.95));
#3271=CARTESIAN_POINT('Origin',(232.479105268554,-80.2142067243985,12.95));
#3272=CARTESIAN_POINT('',(234.479105268554,-80.2142067243985,12.95));
#3273=CARTESIAN_POINT('',(232.479105268554,-78.2142067243986,12.95));
#3274=CARTESIAN_POINT('Origin',(234.479105268554,-78.2142067243986,12.95));
#3275=CARTESIAN_POINT('Origin',(201.573223630008,-80.2142067243985,12.95));
#3276=CARTESIAN_POINT('',(201.573223630008,-78.2142067243986,12.95));
#3277=CARTESIAN_POINT('',(199.573223630008,-80.2142067243985,12.95));
#3278=CARTESIAN_POINT('Origin',(199.573223630008,-78.2142067243986,12.95));
#3279=CARTESIAN_POINT('Origin',(201.573223630008,-80.7007280374927,12.95));
#3280=CARTESIAN_POINT('',(199.573223630008,-80.7007280374927,12.95));
#3281=CARTESIAN_POINT('Origin',(199.573223630008,-82.7007280374927,12.95));
#3282=CARTESIAN_POINT('Origin',(201.573223630008,-94.2564102272192,12.95));
#3283=CARTESIAN_POINT('',(199.573223630008,-94.2564102272192,12.95));
#3284=CARTESIAN_POINT('',(201.573223630008,-96.2564102272192,12.95));
#3285=CARTESIAN_POINT('Origin',(199.573223630008,-96.2564102272192,12.95));
#3286=CARTESIAN_POINT('',(199.573223630008,-94.0767415520535,12.95));
#3287=CARTESIAN_POINT('Origin',(201.573223630008,-94.0767415520535,12.95));
#3288=CARTESIAN_POINT('',(201.573223630008,-92.0767415520535,12.95));
#3289=CARTESIAN_POINT('Origin',(199.573223630008,-92.0767415520535,12.95));
#3290=CARTESIAN_POINT('',(232.479105268554,-92.0767415520535,12.95));
#3291=CARTESIAN_POINT('Origin',(232.479105268554,-94.0767415520535,12.95));
#3292=CARTESIAN_POINT('',(234.479105268554,-94.0767415520535,12.95));
#3293=CARTESIAN_POINT('Origin',(234.479105268554,-92.0767415520535,12.95));
#3294=CARTESIAN_POINT('',(234.479105268554,-94.2564102272192,12.95));
#3295=CARTESIAN_POINT('Origin',(232.479105268554,-94.2564102272192,12.95));
#3296=CARTESIAN_POINT('',(232.479105268554,-96.2564102272192,12.95));
#3297=CARTESIAN_POINT('Origin',(234.479105268554,-96.2564102272192,12.95));
#3298=CARTESIAN_POINT('Origin',(212.000003129244,-102.000001490116,12.95));
#3299=CARTESIAN_POINT('',(212.000003129244,-100.000001490116,12.95));
#3300=CARTESIAN_POINT('',(210.000003129244,-102.000001490116,12.95));
#3301=CARTESIAN_POINT('Origin',(210.000003129244,-100.000001490116,12.95));
#3302=CARTESIAN_POINT('Origin',(208.000003129244,-118.000001788139,12.95));
#3303=CARTESIAN_POINT('',(208.000003129244,-120.000001788139,12.95));
#3304=CARTESIAN_POINT('',(210.000003129244,-118.000001788139,12.95));
#3305=CARTESIAN_POINT('Origin',(210.000003129244,-120.000001788139,12.95));
#3306=CARTESIAN_POINT('Origin',(192.000002890825,-106.000001549721,12.95));
#3307=CARTESIAN_POINT('',(194.000002890825,-106.000001549721,12.95));
#3308=CARTESIAN_POINT('Origin',(194.000002890825,-104.000001549721,12.95));
#3309=CARTESIAN_POINT('',(194.000002890825,-118.000001788139,12.95));
#3310=CARTESIAN_POINT('Origin',(196.000002890825,-118.000001788139,12.95));
#3311=CARTESIAN_POINT('',(196.000002890825,-120.000001788139,12.95));
#3312=CARTESIAN_POINT('Origin',(194.000002890825,-120.000001788139,12.95));
#3313=CARTESIAN_POINT('Origin',(282.623487740171,-145.841460683504,13.45));
#3314=CARTESIAN_POINT('',(282.623487740171,-170.841460683504,13.45));
#3315=CARTESIAN_POINT('Origin',(215.0731909775,-170.841460683504,9.95));
#3316=CARTESIAN_POINT('Origin',(237.490763475548,-167.793288672385,14.95));
#3317=CARTESIAN_POINT('',(238.740763475548,-167.793288672385,14.95));
#3318=CARTESIAN_POINT('Origin',(268.490763475548,-167.793288672385,14.95));
#3319=CARTESIAN_POINT('',(269.740763475548,-167.793288672385,14.95));
#3320=UNCERTAINTY_MEASURE_WITH_UNIT(LENGTH_MEASURE(0.01),#3324,
'DISTANCE_ACCURACY_VALUE',
'Maximum model space distance between geometric entities at asserted c
onnectivities');
#3321=UNCERTAINTY_MEASURE_WITH_UNIT(LENGTH_MEASURE(0.01),#3324,
'DISTANCE_ACCURACY_VALUE',
'Maximum model space distance between geometric entities at asserted c
onnectivities');
#3322=(
GEOMETRIC_REPRESENTATION_CONTEXT(3)
GLOBAL_UNCERTAINTY_ASSIGNED_CONTEXT((#3320))
GLOBAL_UNIT_ASSIGNED_CONTEXT((#3324,#3325,#3326))
REPRESENTATION_CONTEXT('','3D')
);
#3323=(
GEOMETRIC_REPRESENTATION_CONTEXT(3)
GLOBAL_UNCERTAINTY_ASSIGNED_CONTEXT((#3321))
GLOBAL_UNIT_ASSIGNED_CONTEXT((#3324,#3325,#3326))
REPRESENTATION_CONTEXT('','3D')
);
#3324=(
LENGTH_UNIT()
NAMED_UNIT(*)
SI_UNIT(.MILLI.,.METRE.)
);
#3325=(
NAMED_UNIT(*)
PLANE_ANGLE_UNIT()
SI_UNIT($,.RADIAN.)
);
#3326=(
NAMED_UNIT(*)
SI_UNIT($,.STERADIAN.)
SOLID_ANGLE_UNIT()
);
#3327=SHAPE_DEFINITION_REPRESENTATION(#3328,#3329);
#3328=PRODUCT_DEFINITION_SHAPE('',$,#3331);
#3329=SHAPE_REPRESENTATION('',(#1948),#3322);
#3330=PRODUCT_DEFINITION_CONTEXT('part definition',#3335,'design');
#3331=PRODUCT_DEFINITION('Final assembly','Final assembly',#3332,#3330);
#3332=PRODUCT_DEFINITION_FORMATION('',$,#3337);
#3333=PRODUCT_RELATED_PRODUCT_CATEGORY('Final assembly',
'Final assembly',(#3337));
#3334=APPLICATION_PROTOCOL_DEFINITION('international standard',
'automotive_design',2009,#3335);
#3335=APPLICATION_CONTEXT(
'Core Data for Automotive Mechanical Design Process');
#3336=PRODUCT_CONTEXT('part definition',#3335,'mechanical');
#3337=PRODUCT('Final assembly','Final assembly',$,(#3336));
#3338=PRESENTATION_STYLE_ASSIGNMENT((#3340));
#3339=PRESENTATION_STYLE_ASSIGNMENT((#3341));
#3340=SURFACE_STYLE_USAGE(.BOTH.,#3342);
#3341=SURFACE_STYLE_USAGE(.BOTH.,#3343);
#3342=SURFACE_SIDE_STYLE('',(#3344));
#3343=SURFACE_SIDE_STYLE('',(#3345));
#3344=SURFACE_STYLE_FILL_AREA(#3346);
#3345=SURFACE_STYLE_FILL_AREA(#3347);
#3346=FILL_AREA_STYLE('Steel - Satin',(#3348));
#3347=FILL_AREA_STYLE('Brass - Polished',(#3349));
#3348=FILL_AREA_STYLE_COLOUR('Steel - Satin',#3350);
#3349=FILL_AREA_STYLE_COLOUR('Brass - Polished',#3351);
#3350=COLOUR_RGB('Steel - Satin',0.627450980392157,0.627450980392157,0.627450980392157);
#3351=COLOUR_RGB('Brass - Polished',0.952941176470588,0.796078431372549,
0.486274509803922);
ENDSEC;
END-ISO-10303-21;
