ISO-10303-21;
HEADER;
/* Generated by software containing ST-Developer
 * from STEP Tools, Inc. (www.steptools.com) 
 */

FILE_DESCRIPTION(
/* description */ (''),
/* implementation_level */ '2;1');

FILE_NAME(
/* name */ 'Body 1 of macropad v2.step',
/* time_stamp */ '2026-04-26T17:05:27+10:00',
/* author */ (''),
/* organization */ (''),
/* preprocessor_version */ 'ST-DEVELOPER v20.1',
/* originating_system */ 'Autodesk Translation Framework v15.8.0.0',
/* authorisation */ '');

FILE_SCHEMA (('AUTOMOTIVE_DESIGN { 1 0 10303 214 3 1 1 }'));
ENDSEC;

DATA;
#10=MECHANICAL_DESIGN_GEOMETRIC_PRESENTATION_REPRESENTATION('',(#13),#3881);
#11=SHAPE_REPRESENTATION_RELATIONSHIP('SRR','None',#3887,#12);
#12=ADVANCED_BREP_SHAPE_REPRESENTATION('',(#14),#3880);
#13=STYLED_ITEM('',(#3896),#14);
#14=MANIFOLD_SOLID_BREP('Body1',#2260);
#15=B_SPLINE_SURFACE_WITH_KNOTS('',3,3,((#3649,#3650,#3651,#3652,#3653,
#3654),(#3655,#3656,#3657,#3658,#3659,#3660),(#3661,#3662,#3663,#3664,#3665,
#3666),(#3667,#3668,#3669,#3670,#3671,#3672),(#3673,#3674,#3675,#3676,#3677,
#3678)),.UNSPECIFIED.,.F.,.F.,.F.,(4,1,4),(4,1,1,4),(0.,0.571428571428571,
1.),(2.30708791384646,2.57797188281845,2.84885585179045,3.25518180524845),
 .UNSPECIFIED.);
#16=B_SPLINE_CURVE_WITH_KNOTS('',3,(#3568,#3569,#3570,#3571,#3572,#3573),
 .UNSPECIFIED.,.F.,.F.,(4,2,4),(1.22761293456894,1.25113171666341,1.46673952392739),
 .UNSPECIFIED.);
#17=B_SPLINE_CURVE_WITH_KNOTS('',3,(#3579,#3580,#3581,#3582,#3583,#3584,
#3585,#3586,#3587,#3588,#3589,#3590),.UNSPECIFIED.,.F.,.F.,(4,2,2,2,2,4),
(-4.5527276366436,-4.14379758879225,-3.78295298173205,-3.30823905343466,
-2.89428388374121,-2.74616065559464),.UNSPECIFIED.);
#18=B_SPLINE_CURVE_WITH_KNOTS('',3,(#3619,#3620,#3621,#3622,#3623,#3624,
#3625,#3626),.UNSPECIFIED.,.F.,.F.,(4,2,2,4),(0.605545681565911,0.653281889629837,
0.797430298952189,0.805558072209184),.UNSPECIFIED.);
#19=B_SPLINE_CURVE_WITH_KNOTS('',3,(#3641,#3642,#3643,#3644,#3645,#3646,
#3647,#3648),.UNSPECIFIED.,.F.,.F.,(4,2,2,4),(0.344976950698881,0.379363291928497,
0.571653040752266,0.763942789576034),.UNSPECIFIED.);
#20=B_SPLINE_CURVE_WITH_KNOTS('',3,(#3680,#3681,#3682,#3683,#3684,#3685),
 .UNSPECIFIED.,.F.,.F.,(4,1,1,4),(-3.1530276480277,-2.84885585179045,-2.57797188281845,
-2.30708791384646),.UNSPECIFIED.);
#21=B_SPLINE_CURVE_WITH_KNOTS('',3,(#3686,#3687,#3688,#3689),
 .UNSPECIFIED.,.F.,.F.,(4,4),(3.15294215702008,3.15442283405246),
 .UNSPECIFIED.);
#22=FACE_BOUND('',#242,.T.);
#23=FACE_BOUND('',#243,.T.);
#24=FACE_BOUND('',#244,.T.);
#25=FACE_BOUND('',#245,.T.);
#26=FACE_BOUND('',#246,.T.);
#27=FACE_BOUND('',#254,.T.);
#28=FACE_BOUND('',#255,.T.);
#29=FACE_BOUND('',#256,.T.);
#30=FACE_BOUND('',#259,.T.);
#31=FACE_BOUND('',#260,.T.);
#32=FACE_BOUND('',#261,.T.);
#33=FACE_BOUND('',#268,.T.);
#34=FACE_BOUND('',#271,.T.);
#35=FACE_BOUND('',#272,.T.);
#36=FACE_BOUND('',#281,.T.);
#37=FACE_BOUND('',#282,.T.);
#38=FACE_BOUND('',#283,.T.);
#39=FACE_BOUND('',#284,.T.);
#40=FACE_BOUND('',#285,.T.);
#41=FACE_BOUND('',#286,.T.);
#42=FACE_BOUND('',#287,.T.);
#43=FACE_BOUND('',#288,.T.);
#44=FACE_BOUND('',#289,.T.);
#45=FACE_BOUND('',#290,.T.);
#46=FACE_BOUND('',#291,.T.);
#47=FACE_BOUND('',#292,.T.);
#48=FACE_BOUND('',#304,.T.);
#49=FACE_BOUND('',#337,.T.);
#50=FACE_BOUND('',#345,.T.);
#51=FACE_BOUND('',#349,.T.);
#52=PLANE('',#2292);
#53=PLANE('',#2293);
#54=PLANE('',#2319);
#55=PLANE('',#2320);
#56=PLANE('',#2321);
#57=PLANE('',#2322);
#58=PLANE('',#2328);
#59=PLANE('',#2336);
#60=PLANE('',#2341);
#61=PLANE('',#2342);
#62=PLANE('',#2347);
#63=PLANE('',#2348);
#64=PLANE('',#2354);
#65=PLANE('',#2355);
#66=PLANE('',#2356);
#67=PLANE('',#2357);
#68=PLANE('',#2358);
#69=PLANE('',#2359);
#70=PLANE('',#2361);
#71=PLANE('',#2367);
#72=PLANE('',#2368);
#73=PLANE('',#2379);
#74=PLANE('',#2383);
#75=PLANE('',#2386);
#76=PLANE('',#2389);
#77=PLANE('',#2392);
#78=PLANE('',#2395);
#79=PLANE('',#2399);
#80=PLANE('',#2404);
#81=PLANE('',#2408);
#82=PLANE('',#2409);
#83=PLANE('',#2416);
#84=PLANE('',#2419);
#85=PLANE('',#2422);
#86=PLANE('',#2423);
#87=PLANE('',#2424);
#88=PLANE('',#2433);
#89=PLANE('',#2436);
#90=PLANE('',#2437);
#91=PLANE('',#2443);
#92=PLANE('',#2447);
#93=PLANE('',#2450);
#94=PLANE('',#2454);
#95=PLANE('',#2458);
#96=PLANE('',#2461);
#97=PLANE('',#2465);
#98=PLANE('',#2468);
#99=PLANE('',#2471);
#100=PLANE('',#2476);
#101=PLANE('',#2478);
#102=PLANE('',#2480);
#103=PLANE('',#2482);
#104=PLANE('',#2483);
#105=PLANE('',#2484);
#106=PLANE('',#2485);
#107=PLANE('',#2486);
#108=PLANE('',#2487);
#109=PLANE('',#2488);
#110=PLANE('',#2489);
#111=TOROIDAL_SURFACE('',#2278,3.99999999999999,2.);
#112=SPHERICAL_SURFACE('',#2274,1.99999999999999);
#113=FACE_OUTER_BOUND('',#229,.T.);
#114=FACE_OUTER_BOUND('',#230,.T.);
#115=FACE_OUTER_BOUND('',#231,.T.);
#116=FACE_OUTER_BOUND('',#232,.T.);
#117=FACE_OUTER_BOUND('',#233,.T.);
#118=FACE_OUTER_BOUND('',#234,.T.);
#119=FACE_OUTER_BOUND('',#235,.T.);
#120=FACE_OUTER_BOUND('',#236,.T.);
#121=FACE_OUTER_BOUND('',#237,.T.);
#122=FACE_OUTER_BOUND('',#238,.T.);
#123=FACE_OUTER_BOUND('',#239,.T.);
#124=FACE_OUTER_BOUND('',#240,.T.);
#125=FACE_OUTER_BOUND('',#241,.T.);
#126=FACE_OUTER_BOUND('',#247,.T.);
#127=FACE_OUTER_BOUND('',#248,.T.);
#128=FACE_OUTER_BOUND('',#249,.T.);
#129=FACE_OUTER_BOUND('',#250,.T.);
#130=FACE_OUTER_BOUND('',#251,.T.);
#131=FACE_OUTER_BOUND('',#252,.T.);
#132=FACE_OUTER_BOUND('',#253,.T.);
#133=FACE_OUTER_BOUND('',#257,.T.);
#134=FACE_OUTER_BOUND('',#258,.T.);
#135=FACE_OUTER_BOUND('',#262,.T.);
#136=FACE_OUTER_BOUND('',#263,.T.);
#137=FACE_OUTER_BOUND('',#264,.T.);
#138=FACE_OUTER_BOUND('',#265,.T.);
#139=FACE_OUTER_BOUND('',#266,.T.);
#140=FACE_OUTER_BOUND('',#267,.T.);
#141=FACE_OUTER_BOUND('',#269,.T.);
#142=FACE_OUTER_BOUND('',#270,.T.);
#143=FACE_OUTER_BOUND('',#273,.T.);
#144=FACE_OUTER_BOUND('',#274,.T.);
#145=FACE_OUTER_BOUND('',#275,.T.);
#146=FACE_OUTER_BOUND('',#276,.T.);
#147=FACE_OUTER_BOUND('',#277,.T.);
#148=FACE_OUTER_BOUND('',#278,.T.);
#149=FACE_OUTER_BOUND('',#279,.T.);
#150=FACE_OUTER_BOUND('',#280,.T.);
#151=FACE_OUTER_BOUND('',#293,.T.);
#152=FACE_OUTER_BOUND('',#294,.T.);
#153=FACE_OUTER_BOUND('',#295,.T.);
#154=FACE_OUTER_BOUND('',#296,.T.);
#155=FACE_OUTER_BOUND('',#297,.T.);
#156=FACE_OUTER_BOUND('',#298,.T.);
#157=FACE_OUTER_BOUND('',#299,.T.);
#158=FACE_OUTER_BOUND('',#300,.T.);
#159=FACE_OUTER_BOUND('',#301,.T.);
#160=FACE_OUTER_BOUND('',#302,.T.);
#161=FACE_OUTER_BOUND('',#303,.T.);
#162=FACE_OUTER_BOUND('',#305,.T.);
#163=FACE_OUTER_BOUND('',#306,.T.);
#164=FACE_OUTER_BOUND('',#307,.T.);
#165=FACE_OUTER_BOUND('',#308,.T.);
#166=FACE_OUTER_BOUND('',#309,.T.);
#167=FACE_OUTER_BOUND('',#310,.T.);
#168=FACE_OUTER_BOUND('',#311,.T.);
#169=FACE_OUTER_BOUND('',#312,.T.);
#170=FACE_OUTER_BOUND('',#313,.T.);
#171=FACE_OUTER_BOUND('',#314,.T.);
#172=FACE_OUTER_BOUND('',#315,.T.);
#173=FACE_OUTER_BOUND('',#316,.T.);
#174=FACE_OUTER_BOUND('',#317,.T.);
#175=FACE_OUTER_BOUND('',#318,.T.);
#176=FACE_OUTER_BOUND('',#319,.T.);
#177=FACE_OUTER_BOUND('',#320,.T.);
#178=FACE_OUTER_BOUND('',#321,.T.);
#179=FACE_OUTER_BOUND('',#322,.T.);
#180=FACE_OUTER_BOUND('',#323,.T.);
#181=FACE_OUTER_BOUND('',#324,.T.);
#182=FACE_OUTER_BOUND('',#325,.T.);
#183=FACE_OUTER_BOUND('',#326,.T.);
#184=FACE_OUTER_BOUND('',#327,.T.);
#185=FACE_OUTER_BOUND('',#328,.T.);
#186=FACE_OUTER_BOUND('',#329,.T.);
#187=FACE_OUTER_BOUND('',#330,.T.);
#188=FACE_OUTER_BOUND('',#331,.T.);
#189=FACE_OUTER_BOUND('',#332,.T.);
#190=FACE_OUTER_BOUND('',#333,.T.);
#191=FACE_OUTER_BOUND('',#334,.T.);
#192=FACE_OUTER_BOUND('',#335,.T.);
#193=FACE_OUTER_BOUND('',#336,.T.);
#194=FACE_OUTER_BOUND('',#338,.T.);
#195=FACE_OUTER_BOUND('',#339,.T.);
#196=FACE_OUTER_BOUND('',#340,.T.);
#197=FACE_OUTER_BOUND('',#341,.T.);
#198=FACE_OUTER_BOUND('',#342,.T.);
#199=FACE_OUTER_BOUND('',#343,.T.);
#200=FACE_OUTER_BOUND('',#344,.T.);
#201=FACE_OUTER_BOUND('',#346,.T.);
#202=FACE_OUTER_BOUND('',#347,.T.);
#203=FACE_OUTER_BOUND('',#348,.T.);
#204=FACE_OUTER_BOUND('',#350,.T.);
#205=FACE_OUTER_BOUND('',#351,.T.);
#206=FACE_OUTER_BOUND('',#352,.T.);
#207=FACE_OUTER_BOUND('',#353,.T.);
#208=FACE_OUTER_BOUND('',#354,.T.);
#209=FACE_OUTER_BOUND('',#355,.T.);
#210=FACE_OUTER_BOUND('',#356,.T.);
#211=FACE_OUTER_BOUND('',#357,.T.);
#212=FACE_OUTER_BOUND('',#358,.T.);
#213=FACE_OUTER_BOUND('',#359,.T.);
#214=FACE_OUTER_BOUND('',#360,.T.);
#215=FACE_OUTER_BOUND('',#361,.T.);
#216=FACE_OUTER_BOUND('',#362,.T.);
#217=FACE_OUTER_BOUND('',#363,.T.);
#218=FACE_OUTER_BOUND('',#364,.T.);
#219=FACE_OUTER_BOUND('',#365,.T.);
#220=FACE_OUTER_BOUND('',#366,.T.);
#221=FACE_OUTER_BOUND('',#367,.T.);
#222=FACE_OUTER_BOUND('',#368,.T.);
#223=FACE_OUTER_BOUND('',#369,.T.);
#224=FACE_OUTER_BOUND('',#370,.T.);
#225=FACE_OUTER_BOUND('',#371,.T.);
#226=FACE_OUTER_BOUND('',#372,.T.);
#227=FACE_OUTER_BOUND('',#373,.T.);
#228=FACE_OUTER_BOUND('',#374,.T.);
#229=EDGE_LOOP('',(#1440,#1441,#1442,#1443));
#230=EDGE_LOOP('',(#1444,#1445,#1446,#1447));
#231=EDGE_LOOP('',(#1448,#1449,#1450,#1451));
#232=EDGE_LOOP('',(#1452,#1453,#1454,#1455));
#233=EDGE_LOOP('',(#1456,#1457,#1458));
#234=EDGE_LOOP('',(#1459,#1460,#1461,#1462));
#235=EDGE_LOOP('',(#1463,#1464,#1465,#1466));
#236=EDGE_LOOP('',(#1467,#1468,#1469,#1470));
#237=EDGE_LOOP('',(#1471,#1472,#1473,#1474));
#238=EDGE_LOOP('',(#1475,#1476,#1477,#1478));
#239=EDGE_LOOP('',(#1479,#1480,#1481,#1482));
#240=EDGE_LOOP('',(#1483,#1484,#1485,#1486,#1487,#1488,#1489,#1490));
#241=EDGE_LOOP('',(#1491,#1492,#1493,#1494,#1495,#1496,#1497,#1498,#1499,
#1500,#1501,#1502,#1503,#1504));
#242=EDGE_LOOP('',(#1505,#1506,#1507,#1508,#1509,#1510,#1511,#1512,#1513,
#1514));
#243=EDGE_LOOP('',(#1515,#1516,#1517,#1518,#1519,#1520,#1521,#1522));
#244=EDGE_LOOP('',(#1523,#1524,#1525,#1526,#1527,#1528,#1529,#1530));
#245=EDGE_LOOP('',(#1531,#1532,#1533,#1534,#1535,#1536,#1537,#1538));
#246=EDGE_LOOP('',(#1539,#1540,#1541,#1542,#1543,#1544,#1545,#1546));
#247=EDGE_LOOP('',(#1547,#1548,#1549,#1550,#1551,#1552,#1553,#1554,#1555,
#1556));
#248=EDGE_LOOP('',(#1557,#1558,#1559,#1560));
#249=EDGE_LOOP('',(#1561,#1562,#1563,#1564));
#250=EDGE_LOOP('',(#1565,#1566,#1567,#1568,#1569));
#251=EDGE_LOOP('',(#1570,#1571,#1572,#1573));
#252=EDGE_LOOP('',(#1574,#1575,#1576,#1577));
#253=EDGE_LOOP('',(#1578,#1579,#1580,#1581,#1582,#1583,#1584));
#254=EDGE_LOOP('',(#1585));
#255=EDGE_LOOP('',(#1586));
#256=EDGE_LOOP('',(#1587));
#257=EDGE_LOOP('',(#1588,#1589,#1590,#1591,#1592,#1593));
#258=EDGE_LOOP('',(#1594,#1595,#1596,#1597,#1598,#1599,#1600,#1601));
#259=EDGE_LOOP('',(#1602));
#260=EDGE_LOOP('',(#1603));
#261=EDGE_LOOP('',(#1604));
#262=EDGE_LOOP('',(#1605,#1606,#1607,#1608));
#263=EDGE_LOOP('',(#1609,#1610,#1611,#1612,#1613));
#264=EDGE_LOOP('',(#1614,#1615,#1616,#1617,#1618));
#265=EDGE_LOOP('',(#1619,#1620,#1621,#1622,#1623,#1624));
#266=EDGE_LOOP('',(#1625,#1626,#1627,#1628));
#267=EDGE_LOOP('',(#1629,#1630,#1631,#1632,#1633,#1634,#1635,#1636));
#268=EDGE_LOOP('',(#1637,#1638,#1639,#1640,#1641,#1642,#1643,#1644));
#269=EDGE_LOOP('',(#1645,#1646,#1647,#1648));
#270=EDGE_LOOP('',(#1649,#1650,#1651,#1652,#1653,#1654,#1655));
#271=EDGE_LOOP('',(#1656));
#272=EDGE_LOOP('',(#1657));
#273=EDGE_LOOP('',(#1658,#1659,#1660,#1661,#1662,#1663));
#274=EDGE_LOOP('',(#1664,#1665,#1666,#1667,#1668,#1669));
#275=EDGE_LOOP('',(#1670,#1671,#1672,#1673));
#276=EDGE_LOOP('',(#1674,#1675,#1676,#1677));
#277=EDGE_LOOP('',(#1678,#1679,#1680,#1681));
#278=EDGE_LOOP('',(#1682,#1683,#1684,#1685,#1686,#1687,#1688,#1689,#1690,
#1691,#1692));
#279=EDGE_LOOP('',(#1693,#1694,#1695,#1696));
#280=EDGE_LOOP('',(#1697,#1698,#1699,#1700,#1701,#1702,#1703,#1704));
#281=EDGE_LOOP('',(#1705));
#282=EDGE_LOOP('',(#1706));
#283=EDGE_LOOP('',(#1707));
#284=EDGE_LOOP('',(#1708));
#285=EDGE_LOOP('',(#1709));
#286=EDGE_LOOP('',(#1710));
#287=EDGE_LOOP('',(#1711));
#288=EDGE_LOOP('',(#1712));
#289=EDGE_LOOP('',(#1713));
#290=EDGE_LOOP('',(#1714));
#291=EDGE_LOOP('',(#1715));
#292=EDGE_LOOP('',(#1716));
#293=EDGE_LOOP('',(#1717,#1718,#1719,#1720,#1721,#1722,#1723));
#294=EDGE_LOOP('',(#1724,#1725,#1726,#1727));
#295=EDGE_LOOP('',(#1728,#1729,#1730,#1731));
#296=EDGE_LOOP('',(#1732,#1733,#1734,#1735));
#297=EDGE_LOOP('',(#1736,#1737,#1738,#1739));
#298=EDGE_LOOP('',(#1740,#1741,#1742,#1743));
#299=EDGE_LOOP('',(#1744,#1745,#1746,#1747));
#300=EDGE_LOOP('',(#1748,#1749,#1750,#1751));
#301=EDGE_LOOP('',(#1752,#1753,#1754,#1755));
#302=EDGE_LOOP('',(#1756,#1757,#1758,#1759,#1760,#1761));
#303=EDGE_LOOP('',(#1762,#1763,#1764,#1765,#1766,#1767,#1768,#1769));
#304=EDGE_LOOP('',(#1770,#1771,#1772,#1773,#1774,#1775,#1776,#1777));
#305=EDGE_LOOP('',(#1778,#1779,#1780,#1781));
#306=EDGE_LOOP('',(#1782,#1783,#1784,#1785,#1786,#1787,#1788));
#307=EDGE_LOOP('',(#1789,#1790,#1791,#1792,#1793,#1794));
#308=EDGE_LOOP('',(#1795,#1796,#1797,#1798));
#309=EDGE_LOOP('',(#1799,#1800,#1801,#1802,#1803));
#310=EDGE_LOOP('',(#1804,#1805,#1806,#1807,#1808,#1809));
#311=EDGE_LOOP('',(#1810,#1811,#1812,#1813,#1814));
#312=EDGE_LOOP('',(#1815,#1816,#1817,#1818,#1819,#1820,#1821));
#313=EDGE_LOOP('',(#1822,#1823,#1824,#1825));
#314=EDGE_LOOP('',(#1826,#1827,#1828,#1829));
#315=EDGE_LOOP('',(#1830,#1831,#1832,#1833));
#316=EDGE_LOOP('',(#1834,#1835,#1836,#1837));
#317=EDGE_LOOP('',(#1838,#1839,#1840,#1841));
#318=EDGE_LOOP('',(#1842,#1843,#1844,#1845));
#319=EDGE_LOOP('',(#1846,#1847,#1848,#1849));
#320=EDGE_LOOP('',(#1850,#1851,#1852,#1853));
#321=EDGE_LOOP('',(#1854,#1855,#1856,#1857,#1858,#1859,#1860,#1861));
#322=EDGE_LOOP('',(#1862,#1863,#1864,#1865,#1866));
#323=EDGE_LOOP('',(#1867,#1868,#1869,#1870,#1871,#1872,#1873,#1874));
#324=EDGE_LOOP('',(#1875,#1876,#1877,#1878));
#325=EDGE_LOOP('',(#1879,#1880,#1881,#1882));
#326=EDGE_LOOP('',(#1883,#1884,#1885,#1886));
#327=EDGE_LOOP('',(#1887,#1888,#1889,#1890));
#328=EDGE_LOOP('',(#1891,#1892,#1893,#1894,#1895,#1896,#1897,#1898));
#329=EDGE_LOOP('',(#1899,#1900,#1901,#1902));
#330=EDGE_LOOP('',(#1903,#1904,#1905,#1906));
#331=EDGE_LOOP('',(#1907,#1908,#1909,#1910));
#332=EDGE_LOOP('',(#1911,#1912,#1913,#1914));
#333=EDGE_LOOP('',(#1915,#1916,#1917,#1918));
#334=EDGE_LOOP('',(#1919,#1920,#1921,#1922,#1923,#1924,#1925,#1926));
#335=EDGE_LOOP('',(#1927,#1928,#1929,#1930));
#336=EDGE_LOOP('',(#1931,#1932,#1933,#1934,#1935,#1936,#1937,#1938));
#337=EDGE_LOOP('',(#1939));
#338=EDGE_LOOP('',(#1940,#1941,#1942,#1943));
#339=EDGE_LOOP('',(#1944,#1945,#1946,#1947));
#340=EDGE_LOOP('',(#1948,#1949,#1950,#1951));
#341=EDGE_LOOP('',(#1952,#1953,#1954,#1955));
#342=EDGE_LOOP('',(#1956,#1957,#1958,#1959));
#343=EDGE_LOOP('',(#1960,#1961,#1962,#1963));
#344=EDGE_LOOP('',(#1964,#1965,#1966,#1967,#1968,#1969,#1970,#1971));
#345=EDGE_LOOP('',(#1972));
#346=EDGE_LOOP('',(#1973,#1974,#1975,#1976));
#347=EDGE_LOOP('',(#1977,#1978,#1979,#1980));
#348=EDGE_LOOP('',(#1981,#1982,#1983,#1984,#1985,#1986,#1987,#1988));
#349=EDGE_LOOP('',(#1989));
#350=EDGE_LOOP('',(#1990,#1991,#1992,#1993));
#351=EDGE_LOOP('',(#1994,#1995,#1996,#1997));
#352=EDGE_LOOP('',(#1998,#1999,#2000,#2001));
#353=EDGE_LOOP('',(#2002,#2003,#2004,#2005));
#354=EDGE_LOOP('',(#2006,#2007,#2008,#2009));
#355=EDGE_LOOP('',(#2010,#2011,#2012,#2013));
#356=EDGE_LOOP('',(#2014,#2015,#2016,#2017));
#357=EDGE_LOOP('',(#2018,#2019,#2020,#2021));
#358=EDGE_LOOP('',(#2022,#2023,#2024,#2025));
#359=EDGE_LOOP('',(#2026,#2027,#2028,#2029));
#360=EDGE_LOOP('',(#2030,#2031,#2032,#2033));
#361=EDGE_LOOP('',(#2034,#2035,#2036,#2037));
#362=EDGE_LOOP('',(#2038,#2039,#2040,#2041));
#363=EDGE_LOOP('',(#2042,#2043,#2044,#2045));
#364=EDGE_LOOP('',(#2046,#2047,#2048,#2049));
#365=EDGE_LOOP('',(#2050,#2051,#2052,#2053));
#366=EDGE_LOOP('',(#2054,#2055,#2056,#2057));
#367=EDGE_LOOP('',(#2058,#2059,#2060,#2061));
#368=EDGE_LOOP('',(#2062,#2063,#2064,#2065));
#369=EDGE_LOOP('',(#2066,#2067,#2068,#2069));
#370=EDGE_LOOP('',(#2070,#2071,#2072,#2073));
#371=EDGE_LOOP('',(#2074,#2075,#2076,#2077));
#372=EDGE_LOOP('',(#2078,#2079,#2080,#2081));
#373=EDGE_LOOP('',(#2082,#2083,#2084,#2085));
#374=EDGE_LOOP('',(#2086,#2087,#2088,#2089));
#375=LINE('',#3159,#581);
#376=LINE('',#3165,#582);
#377=LINE('',#3171,#583);
#378=LINE('',#3177,#584);
#379=LINE('',#3199,#585);
#380=LINE('',#3200,#586);
#381=LINE('',#3202,#587);
#382=LINE('',#3203,#588);
#383=LINE('',#3208,#589);
#384=LINE('',#3209,#590);
#385=LINE('',#3214,#591);
#386=LINE('',#3215,#592);
#387=LINE('',#3220,#593);
#388=LINE('',#3221,#594);
#389=LINE('',#3224,#595);
#390=LINE('',#3226,#596);
#391=LINE('',#3228,#597);
#392=LINE('',#3230,#598);
#393=LINE('',#3231,#599);
#394=LINE('',#3232,#600);
#395=LINE('',#3235,#601);
#396=LINE('',#3239,#602);
#397=LINE('',#3243,#603);
#398=LINE('',#3247,#604);
#399=LINE('',#3251,#605);
#400=LINE('',#3255,#606);
#401=LINE('',#3259,#607);
#402=LINE('',#3261,#608);
#403=LINE('',#3265,#609);
#404=LINE('',#3269,#610);
#405=LINE('',#3272,#611);
#406=LINE('',#3275,#612);
#407=LINE('',#3279,#613);
#408=LINE('',#3283,#614);
#409=LINE('',#3287,#615);
#410=LINE('',#3291,#616);
#411=LINE('',#3295,#617);
#412=LINE('',#3299,#618);
#413=LINE('',#3303,#619);
#414=LINE('',#3307,#620);
#415=LINE('',#3311,#621);
#416=LINE('',#3315,#622);
#417=LINE('',#3319,#623);
#418=LINE('',#3323,#624);
#419=LINE('',#3327,#625);
#420=LINE('',#3331,#626);
#421=LINE('',#3335,#627);
#422=LINE('',#3338,#628);
#423=LINE('',#3340,#629);
#424=LINE('',#3342,#630);
#425=LINE('',#3344,#631);
#426=LINE('',#3346,#632);
#427=LINE('',#3348,#633);
#428=LINE('',#3349,#634);
#429=LINE('',#3357,#635);
#430=LINE('',#3360,#636);
#431=LINE('',#3363,#637);
#432=LINE('',#3366,#638);
#433=LINE('',#3368,#639);
#434=LINE('',#3372,#640);
#435=LINE('',#3374,#641);
#436=LINE('',#3375,#642);
#437=LINE('',#3385,#643);
#438=LINE('',#3389,#644);
#439=LINE('',#3392,#645);
#440=LINE('',#3395,#646);
#441=LINE('',#3400,#647);
#442=LINE('',#3402,#648);
#443=LINE('',#3403,#649);
#444=LINE('',#3409,#650);
#445=LINE('',#3410,#651);
#446=LINE('',#3413,#652);
#447=LINE('',#3414,#653);
#448=LINE('',#3421,#654);
#449=LINE('',#3424,#655);
#450=LINE('',#3425,#656);
#451=LINE('',#3428,#657);
#452=LINE('',#3429,#658);
#453=LINE('',#3432,#659);
#454=LINE('',#3434,#660);
#455=LINE('',#3436,#661);
#456=LINE('',#3440,#662);
#457=LINE('',#3441,#663);
#458=LINE('',#3444,#664);
#459=LINE('',#3448,#665);
#460=LINE('',#3452,#666);
#461=LINE('',#3456,#667);
#462=LINE('',#3460,#668);
#463=LINE('',#3461,#669);
#464=LINE('',#3463,#670);
#465=LINE('',#3464,#671);
#466=LINE('',#3466,#672);
#467=LINE('',#3470,#673);
#468=LINE('',#3472,#674);
#469=LINE('',#3473,#675);
#470=LINE('',#3476,#676);
#471=LINE('',#3478,#677);
#472=LINE('',#3479,#678);
#473=LINE('',#3481,#679);
#474=LINE('',#3484,#680);
#475=LINE('',#3488,#681);
#476=LINE('',#3492,#682);
#477=LINE('',#3495,#683);
#478=LINE('',#3500,#684);
#479=LINE('',#3503,#685);
#480=LINE('',#3507,#686);
#481=LINE('',#3527,#687);
#482=LINE('',#3531,#688);
#483=LINE('',#3532,#689);
#484=LINE('',#3535,#690);
#485=LINE('',#3538,#691);
#486=LINE('',#3541,#692);
#487=LINE('',#3542,#693);
#488=LINE('',#3545,#694);
#489=LINE('',#3548,#695);
#490=LINE('',#3551,#696);
#491=LINE('',#3552,#697);
#492=LINE('',#3555,#698);
#493=LINE('',#3558,#699);
#494=LINE('',#3561,#700);
#495=LINE('',#3564,#701);
#496=LINE('',#3574,#702);
#497=LINE('',#3576,#703);
#498=LINE('',#3593,#704);
#499=LINE('',#3595,#705);
#500=LINE('',#3598,#706);
#501=LINE('',#3601,#707);
#502=LINE('',#3604,#708);
#503=LINE('',#3607,#709);
#504=LINE('',#3610,#710);
#505=LINE('',#3616,#711);
#506=LINE('',#3627,#712);
#507=LINE('',#3630,#713);
#508=LINE('',#3632,#714);
#509=LINE('',#3633,#715);
#510=LINE('',#3640,#716);
#511=LINE('',#3691,#717);
#512=LINE('',#3693,#718);
#513=LINE('',#3695,#719);
#514=LINE('',#3696,#720);
#515=LINE('',#3698,#721);
#516=LINE('',#3699,#722);
#517=LINE('',#3701,#723);
#518=LINE('',#3703,#724);
#519=LINE('',#3705,#725);
#520=LINE('',#3707,#726);
#521=LINE('',#3709,#727);
#522=LINE('',#3710,#728);
#523=LINE('',#3719,#729);
#524=LINE('',#3724,#730);
#525=LINE('',#3728,#731);
#526=LINE('',#3730,#732);
#527=LINE('',#3734,#733);
#528=LINE('',#3736,#734);
#529=LINE('',#3738,#735);
#530=LINE('',#3743,#736);
#531=LINE('',#3744,#737);
#532=LINE('',#3747,#738);
#533=LINE('',#3748,#739);
#534=LINE('',#3751,#740);
#535=LINE('',#3755,#741);
#536=LINE('',#3759,#742);
#537=LINE('',#3765,#743);
#538=LINE('',#3766,#744);
#539=LINE('',#3769,#745);
#540=LINE('',#3773,#746);
#541=LINE('',#3777,#747);
#542=LINE('',#3780,#748);
#543=LINE('',#3782,#749);
#544=LINE('',#3784,#750);
#545=LINE('',#3786,#751);
#546=LINE('',#3787,#752);
#547=LINE('',#3789,#753);
#548=LINE('',#3791,#754);
#549=LINE('',#3796,#755);
#550=LINE('',#3797,#756);
#551=LINE('',#3800,#757);
#552=LINE('',#3804,#758);
#553=LINE('',#3808,#759);
#554=LINE('',#3811,#760);
#555=LINE('',#3813,#761);
#556=LINE('',#3818,#762);
#557=LINE('',#3819,#763);
#558=LINE('',#3822,#764);
#559=LINE('',#3826,#765);
#560=LINE('',#3830,#766);
#561=LINE('',#3833,#767);
#562=LINE('',#3835,#768);
#563=LINE('',#3837,#769);
#564=LINE('',#3839,#770);
#565=LINE('',#3840,#771);
#566=LINE('',#3842,#772);
#567=LINE('',#3844,#773);
#568=LINE('',#3846,#774);
#569=LINE('',#3847,#775);
#570=LINE('',#3849,#776);
#571=LINE('',#3851,#777);
#572=LINE('',#3853,#778);
#573=LINE('',#3855,#779);
#574=LINE('',#3857,#780);
#575=LINE('',#3858,#781);
#576=LINE('',#3860,#782);
#577=LINE('',#3862,#783);
#578=LINE('',#3865,#784);
#579=LINE('',#3867,#785);
#580=LINE('',#3869,#786);
#581=VECTOR('',#2496,1.25);
#582=VECTOR('',#2503,1.25);
#583=VECTOR('',#2510,1.25);
#584=VECTOR('',#2517,1.25);
#585=VECTOR('',#2542,10.);
#586=VECTOR('',#2543,10.);
#587=VECTOR('',#2546,10.);
#588=VECTOR('',#2547,10.);
#589=VECTOR('',#2552,10.);
#590=VECTOR('',#2553,10.);
#591=VECTOR('',#2558,10.);
#592=VECTOR('',#2559,10.);
#593=VECTOR('',#2564,10.);
#594=VECTOR('',#2565,10.);
#595=VECTOR('',#2568,10.);
#596=VECTOR('',#2569,10.);
#597=VECTOR('',#2570,10.);
#598=VECTOR('',#2571,10.);
#599=VECTOR('',#2572,10.);
#600=VECTOR('',#2573,10.);
#601=VECTOR('',#2576,10.);
#602=VECTOR('',#2579,10.);
#603=VECTOR('',#2582,10.);
#604=VECTOR('',#2585,10.);
#605=VECTOR('',#2588,10.);
#606=VECTOR('',#2591,10.);
#607=VECTOR('',#2594,10.);
#608=VECTOR('',#2595,10.);
#609=VECTOR('',#2598,10.);
#610=VECTOR('',#2601,10.);
#611=VECTOR('',#2604,10.);
#612=VECTOR('',#2605,10.);
#613=VECTOR('',#2608,10.);
#614=VECTOR('',#2611,10.);
#615=VECTOR('',#2614,10.);
#616=VECTOR('',#2617,10.);
#617=VECTOR('',#2620,10.);
#618=VECTOR('',#2623,10.);
#619=VECTOR('',#2626,10.);
#620=VECTOR('',#2629,10.);
#621=VECTOR('',#2632,10.);
#622=VECTOR('',#2635,10.);
#623=VECTOR('',#2638,10.);
#624=VECTOR('',#2641,10.);
#625=VECTOR('',#2644,10.);
#626=VECTOR('',#2647,10.);
#627=VECTOR('',#2650,10.);
#628=VECTOR('',#2655,10.);
#629=VECTOR('',#2656,10.);
#630=VECTOR('',#2657,10.);
#631=VECTOR('',#2658,10.);
#632=VECTOR('',#2659,10.);
#633=VECTOR('',#2660,10.);
#634=VECTOR('',#2661,10.);
#635=VECTOR('',#2674,10.);
#636=VECTOR('',#2677,26.);
#637=VECTOR('',#2680,10.);
#638=VECTOR('',#2683,10.);
#639=VECTOR('',#2684,10.);
#640=VECTOR('',#2687,10.);
#641=VECTOR('',#2688,10.);
#642=VECTOR('',#2689,10.);
#643=VECTOR('',#2698,10.);
#644=VECTOR('',#2701,10.);
#645=VECTOR('',#2704,10.);
#646=VECTOR('',#2707,10.);
#647=VECTOR('',#2712,10.);
#648=VECTOR('',#2713,10.);
#649=VECTOR('',#2714,10.);
#650=VECTOR('',#2721,10.);
#651=VECTOR('',#2722,10.);
#652=VECTOR('',#2725,10.);
#653=VECTOR('',#2726,10.);
#654=VECTOR('',#2733,10.);
#655=VECTOR('',#2736,10.);
#656=VECTOR('',#2737,10.);
#657=VECTOR('',#2740,10.);
#658=VECTOR('',#2741,10.);
#659=VECTOR('',#2744,10.);
#660=VECTOR('',#2745,10.);
#661=VECTOR('',#2746,10.);
#662=VECTOR('',#2749,10.);
#663=VECTOR('',#2750,10.);
#664=VECTOR('',#2751,10.);
#665=VECTOR('',#2754,10.);
#666=VECTOR('',#2757,10.);
#667=VECTOR('',#2760,10.);
#668=VECTOR('',#2765,10.);
#669=VECTOR('',#2766,10.);
#670=VECTOR('',#2769,10.);
#671=VECTOR('',#2770,10.);
#672=VECTOR('',#2773,10.);
#673=VECTOR('',#2778,10.);
#674=VECTOR('',#2779,10.);
#675=VECTOR('',#2780,10.);
#676=VECTOR('',#2783,10.);
#677=VECTOR('',#2784,10.);
#678=VECTOR('',#2785,10.);
#679=VECTOR('',#2788,10.);
#680=VECTOR('',#2791,10.);
#681=VECTOR('',#2794,10.);
#682=VECTOR('',#2797,10.);
#683=VECTOR('',#2800,10.);
#684=VECTOR('',#2807,10.);
#685=VECTOR('',#2810,10.);
#686=VECTOR('',#2813,10.);
#687=VECTOR('',#2834,10.);
#688=VECTOR('',#2837,10.);
#689=VECTOR('',#2838,10.);
#690=VECTOR('',#2841,10.);
#691=VECTOR('',#2844,10.);
#692=VECTOR('',#2847,10.);
#693=VECTOR('',#2848,10.);
#694=VECTOR('',#2851,10.);
#695=VECTOR('',#2854,10.);
#696=VECTOR('',#2857,10.);
#697=VECTOR('',#2858,10.);
#698=VECTOR('',#2861,10.);
#699=VECTOR('',#2866,10.);
#700=VECTOR('',#2869,10.);
#701=VECTOR('',#2874,10.);
#702=VECTOR('',#2877,10.);
#703=VECTOR('',#2878,10.);
#704=VECTOR('',#2883,10.);
#705=VECTOR('',#2884,10.);
#706=VECTOR('',#2887,10.);
#707=VECTOR('',#2890,10.);
#708=VECTOR('',#2893,10.);
#709=VECTOR('',#2896,10.);
#710=VECTOR('',#2899,10.);
#711=VECTOR('',#2904,10.);
#712=VECTOR('',#2907,10.);
#713=VECTOR('',#2910,10.);
#714=VECTOR('',#2911,10.);
#715=VECTOR('',#2912,10.);
#716=VECTOR('',#2919,10.);
#717=VECTOR('',#2922,10.);
#718=VECTOR('',#2925,10.);
#719=VECTOR('',#2926,10.);
#720=VECTOR('',#2927,10.);
#721=VECTOR('',#2930,67.);
#722=VECTOR('',#2931,10.);
#723=VECTOR('',#2934,1.25);
#724=VECTOR('',#2937,1.25);
#725=VECTOR('',#2940,1.25);
#726=VECTOR('',#2943,1.25);
#727=VECTOR('',#2946,6.);
#728=VECTOR('',#2947,10.);
#729=VECTOR('',#2964,10.);
#730=VECTOR('',#2971,2.35359299999999);
#731=VECTOR('',#2976,2.35359300000001);
#732=VECTOR('',#2979,2.35359299999999);
#733=VECTOR('',#2984,2.35359299999999);
#734=VECTOR('',#2987,10.);
#735=VECTOR('',#2990,10.);
#736=VECTOR('',#2995,10.);
#737=VECTOR('',#2996,10.);
#738=VECTOR('',#2999,10.);
#739=VECTOR('',#3000,10.);
#740=VECTOR('',#3003,10.);
#741=VECTOR('',#3006,10.);
#742=VECTOR('',#3009,10.);
#743=VECTOR('',#3016,10.);
#744=VECTOR('',#3017,10.);
#745=VECTOR('',#3020,10.);
#746=VECTOR('',#3023,10.);
#747=VECTOR('',#3026,10.);
#748=VECTOR('',#3029,10.);
#749=VECTOR('',#3032,10.);
#750=VECTOR('',#3035,10.);
#751=VECTOR('',#3038,10.);
#752=VECTOR('',#3039,10.);
#753=VECTOR('',#3042,10.);
#754=VECTOR('',#3045,10.);
#755=VECTOR('',#3050,10.);
#756=VECTOR('',#3051,10.);
#757=VECTOR('',#3054,10.);
#758=VECTOR('',#3057,10.);
#759=VECTOR('',#3060,10.);
#760=VECTOR('',#3063,10.);
#761=VECTOR('',#3066,10.);
#762=VECTOR('',#3071,10.);
#763=VECTOR('',#3072,10.);
#764=VECTOR('',#3075,10.);
#765=VECTOR('',#3078,10.);
#766=VECTOR('',#3081,10.);
#767=VECTOR('',#3084,10.);
#768=VECTOR('',#3087,10.);
#769=VECTOR('',#3090,10.);
#770=VECTOR('',#3093,10.);
#771=VECTOR('',#3094,10.);
#772=VECTOR('',#3097,10.);
#773=VECTOR('',#3100,10.);
#774=VECTOR('',#3103,10.);
#775=VECTOR('',#3104,10.);
#776=VECTOR('',#3107,10.);
#777=VECTOR('',#3110,10.);
#778=VECTOR('',#3113,10.);
#779=VECTOR('',#3116,10.);
#780=VECTOR('',#3119,10.);
#781=VECTOR('',#3120,10.);
#782=VECTOR('',#3123,10.);
#783=VECTOR('',#3126,10.);
#784=VECTOR('',#3131,10.);
#785=VECTOR('',#3134,10.);
#786=VECTOR('',#3137,10.);
#787=CIRCLE('',#2263,1.25);
#788=CIRCLE('',#2264,1.25);
#789=CIRCLE('',#2266,1.25);
#790=CIRCLE('',#2267,1.25);
#791=CIRCLE('',#2269,1.25);
#792=CIRCLE('',#2270,1.25);
#793=CIRCLE('',#2272,1.25);
#794=CIRCLE('',#2273,1.25);
#795=CIRCLE('',#2275,1.99999999999999);
#796=CIRCLE('',#2276,1.99999999999999);
#797=CIRCLE('',#2277,2.);
#798=CIRCLE('',#2279,3.99999999999999);
#799=CIRCLE('',#2280,1.99999999999999);
#800=CIRCLE('',#2281,1.99999999999999);
#801=CIRCLE('',#2282,2.);
#802=CIRCLE('',#2284,2.);
#803=CIRCLE('',#2287,2.);
#804=CIRCLE('',#2289,2.);
#805=CIRCLE('',#2291,2.);
#806=CIRCLE('',#2294,5.);
#807=CIRCLE('',#2295,26.);
#808=CIRCLE('',#2296,7.5);
#809=CIRCLE('',#2297,7.5);
#810=CIRCLE('',#2298,7.5);
#811=CIRCLE('',#2299,2.35359299999999);
#812=CIRCLE('',#2300,1.3);
#813=CIRCLE('',#2301,1.3);
#814=CIRCLE('',#2302,1.3);
#815=CIRCLE('',#2303,1.3);
#816=CIRCLE('',#2304,1.3);
#817=CIRCLE('',#2305,1.3);
#818=CIRCLE('',#2306,1.3);
#819=CIRCLE('',#2307,1.3);
#820=CIRCLE('',#2308,1.3);
#821=CIRCLE('',#2309,1.3);
#822=CIRCLE('',#2310,1.3);
#823=CIRCLE('',#2311,1.3);
#824=CIRCLE('',#2312,1.3);
#825=CIRCLE('',#2313,1.3);
#826=CIRCLE('',#2314,1.3);
#827=CIRCLE('',#2315,1.3);
#828=CIRCLE('',#2316,1.3);
#829=CIRCLE('',#2317,1.3);
#830=CIRCLE('',#2318,1.3);
#831=CIRCLE('',#2323,17.9489475300451);
#832=CIRCLE('',#2325,5.);
#833=CIRCLE('',#2327,26.);
#834=CIRCLE('',#2329,12.5);
#835=CIRCLE('',#2330,1.25);
#836=CIRCLE('',#2331,1.25);
#837=CIRCLE('',#2333,25.);
#838=CIRCLE('',#2334,25.);
#839=CIRCLE('',#2335,25.);
#840=CIRCLE('',#2337,17.9489475300451);
#841=CIRCLE('',#2338,7.5);
#842=CIRCLE('',#2339,1.25);
#843=CIRCLE('',#2340,1.25);
#844=CIRCLE('',#2345,12.5);
#845=CIRCLE('',#2346,12.5);
#846=CIRCLE('',#2349,67.);
#847=CIRCLE('',#2350,3.5);
#848=CIRCLE('',#2351,3.5);
#849=CIRCLE('',#2352,3.5);
#850=CIRCLE('',#2353,3.5);
#851=CIRCLE('',#2362,1.3);
#852=CIRCLE('',#2363,1.3);
#853=CIRCLE('',#2364,1.3);
#854=CIRCLE('',#2365,2.35359299999999);
#855=CIRCLE('',#2366,2.35359299999999);
#856=CIRCLE('',#2369,5.);
#857=CIRCLE('',#2370,5.);
#858=CIRCLE('',#2371,1.25);
#859=CIRCLE('',#2372,1.25);
#860=CIRCLE('',#2373,1.25);
#861=CIRCLE('',#2374,1.25);
#862=CIRCLE('',#2375,2.35359299999999);
#863=CIRCLE('',#2376,2.35359300000001);
#864=CIRCLE('',#2377,2.35359299999999);
#865=CIRCLE('',#2378,2.35359299999999);
#866=CIRCLE('',#2380,6.);
#867=CIRCLE('',#2382,3.5);
#868=CIRCLE('',#2385,3.5);
#869=CIRCLE('',#2388,3.5);
#870=CIRCLE('',#2391,3.5);
#871=CIRCLE('',#2394,7.5);
#872=CIRCLE('',#2396,67.);
#873=CIRCLE('',#2398,7.5);
#874=CIRCLE('',#2400,6.);
#875=CIRCLE('',#2402,10.);
#876=CIRCLE('',#2403,10.);
#877=CIRCLE('',#2406,10.);
#878=CIRCLE('',#2407,10.);
#879=CIRCLE('',#2418,5.);
#880=CIRCLE('',#2421,5.);
#881=CIRCLE('',#2426,2.35359299999999);
#882=CIRCLE('',#2428,2.35359300000001);
#883=CIRCLE('',#2431,2.35359299999999);
#884=CIRCLE('',#2435,1.3);
#885=CIRCLE('',#2438,1.3);
#886=CIRCLE('',#2439,1.3);
#887=CIRCLE('',#2440,1.3);
#888=CIRCLE('',#2442,1.3);
#889=CIRCLE('',#2444,1.3);
#890=CIRCLE('',#2445,1.3);
#891=CIRCLE('',#2446,1.3);
#892=CIRCLE('',#2453,1.3);
#893=CIRCLE('',#2455,1.3);
#894=CIRCLE('',#2456,1.3);
#895=CIRCLE('',#2457,1.3);
#896=CIRCLE('',#2460,1.3);
#897=CIRCLE('',#2462,1.3);
#898=CIRCLE('',#2463,1.3);
#899=CIRCLE('',#2464,1.3);
#900=VERTEX_POINT('',#3156);
#901=VERTEX_POINT('',#3158);
#902=VERTEX_POINT('',#3162);
#903=VERTEX_POINT('',#3164);
#904=VERTEX_POINT('',#3168);
#905=VERTEX_POINT('',#3170);
#906=VERTEX_POINT('',#3174);
#907=VERTEX_POINT('',#3176);
#908=VERTEX_POINT('',#3180);
#909=VERTEX_POINT('',#3181);
#910=VERTEX_POINT('',#3183);
#911=VERTEX_POINT('',#3187);
#912=VERTEX_POINT('',#3188);
#913=VERTEX_POINT('',#3190);
#914=VERTEX_POINT('',#3192);
#915=VERTEX_POINT('',#3196);
#916=VERTEX_POINT('',#3197);
#917=VERTEX_POINT('',#3205);
#918=VERTEX_POINT('',#3206);
#919=VERTEX_POINT('',#3211);
#920=VERTEX_POINT('',#3212);
#921=VERTEX_POINT('',#3217);
#922=VERTEX_POINT('',#3218);
#923=VERTEX_POINT('',#3223);
#924=VERTEX_POINT('',#3225);
#925=VERTEX_POINT('',#3227);
#926=VERTEX_POINT('',#3229);
#927=VERTEX_POINT('',#3234);
#928=VERTEX_POINT('',#3236);
#929=VERTEX_POINT('',#3238);
#930=VERTEX_POINT('',#3240);
#931=VERTEX_POINT('',#3242);
#932=VERTEX_POINT('',#3244);
#933=VERTEX_POINT('',#3246);
#934=VERTEX_POINT('',#3248);
#935=VERTEX_POINT('',#3250);
#936=VERTEX_POINT('',#3253);
#937=VERTEX_POINT('',#3254);
#938=VERTEX_POINT('',#3256);
#939=VERTEX_POINT('',#3258);
#940=VERTEX_POINT('',#3260);
#941=VERTEX_POINT('',#3262);
#942=VERTEX_POINT('',#3264);
#943=VERTEX_POINT('',#3266);
#944=VERTEX_POINT('',#3268);
#945=VERTEX_POINT('',#3270);
#946=VERTEX_POINT('',#3273);
#947=VERTEX_POINT('',#3274);
#948=VERTEX_POINT('',#3276);
#949=VERTEX_POINT('',#3278);
#950=VERTEX_POINT('',#3280);
#951=VERTEX_POINT('',#3282);
#952=VERTEX_POINT('',#3284);
#953=VERTEX_POINT('',#3286);
#954=VERTEX_POINT('',#3289);
#955=VERTEX_POINT('',#3290);
#956=VERTEX_POINT('',#3292);
#957=VERTEX_POINT('',#3294);
#958=VERTEX_POINT('',#3296);
#959=VERTEX_POINT('',#3298);
#960=VERTEX_POINT('',#3300);
#961=VERTEX_POINT('',#3302);
#962=VERTEX_POINT('',#3305);
#963=VERTEX_POINT('',#3306);
#964=VERTEX_POINT('',#3308);
#965=VERTEX_POINT('',#3310);
#966=VERTEX_POINT('',#3312);
#967=VERTEX_POINT('',#3314);
#968=VERTEX_POINT('',#3316);
#969=VERTEX_POINT('',#3318);
#970=VERTEX_POINT('',#3321);
#971=VERTEX_POINT('',#3322);
#972=VERTEX_POINT('',#3324);
#973=VERTEX_POINT('',#3326);
#974=VERTEX_POINT('',#3328);
#975=VERTEX_POINT('',#3330);
#976=VERTEX_POINT('',#3332);
#977=VERTEX_POINT('',#3334);
#978=VERTEX_POINT('',#3339);
#979=VERTEX_POINT('',#3341);
#980=VERTEX_POINT('',#3343);
#981=VERTEX_POINT('',#3345);
#982=VERTEX_POINT('',#3347);
#983=VERTEX_POINT('',#3355);
#984=VERTEX_POINT('',#3359);
#985=VERTEX_POINT('',#3361);
#986=VERTEX_POINT('',#3365);
#987=VERTEX_POINT('',#3367);
#988=VERTEX_POINT('',#3369);
#989=VERTEX_POINT('',#3371);
#990=VERTEX_POINT('',#3373);
#991=VERTEX_POINT('',#3376);
#992=VERTEX_POINT('',#3378);
#993=VERTEX_POINT('',#3381);
#994=VERTEX_POINT('',#3382);
#995=VERTEX_POINT('',#3384);
#996=VERTEX_POINT('',#3386);
#997=VERTEX_POINT('',#3388);
#998=VERTEX_POINT('',#3390);
#999=VERTEX_POINT('',#3394);
#1000=VERTEX_POINT('',#3397);
#1001=VERTEX_POINT('',#3399);
#1002=VERTEX_POINT('',#3401);
#1003=VERTEX_POINT('',#3404);
#1004=VERTEX_POINT('',#3406);
#1005=VERTEX_POINT('',#3412);
#1006=VERTEX_POINT('',#3417);
#1007=VERTEX_POINT('',#3418);
#1008=VERTEX_POINT('',#3420);
#1009=VERTEX_POINT('',#3422);
#1010=VERTEX_POINT('',#3427);
#1011=VERTEX_POINT('',#3431);
#1012=VERTEX_POINT('',#3433);
#1013=VERTEX_POINT('',#3435);
#1014=VERTEX_POINT('',#3437);
#1015=VERTEX_POINT('',#3439);
#1016=VERTEX_POINT('',#3442);
#1017=VERTEX_POINT('',#3443);
#1018=VERTEX_POINT('',#3445);
#1019=VERTEX_POINT('',#3447);
#1020=VERTEX_POINT('',#3449);
#1021=VERTEX_POINT('',#3451);
#1022=VERTEX_POINT('',#3453);
#1023=VERTEX_POINT('',#3455);
#1024=VERTEX_POINT('',#3459);
#1025=VERTEX_POINT('',#3469);
#1026=VERTEX_POINT('',#3471);
#1027=VERTEX_POINT('',#3475);
#1028=VERTEX_POINT('',#3477);
#1029=VERTEX_POINT('',#3483);
#1030=VERTEX_POINT('',#3485);
#1031=VERTEX_POINT('',#3487);
#1032=VERTEX_POINT('',#3489);
#1033=VERTEX_POINT('',#3491);
#1034=VERTEX_POINT('',#3493);
#1035=VERTEX_POINT('',#3496);
#1036=VERTEX_POINT('',#3502);
#1037=VERTEX_POINT('',#3504);
#1038=VERTEX_POINT('',#3506);
#1039=VERTEX_POINT('',#3509);
#1040=VERTEX_POINT('',#3511);
#1041=VERTEX_POINT('',#3513);
#1042=VERTEX_POINT('',#3515);
#1043=VERTEX_POINT('',#3517);
#1044=VERTEX_POINT('',#3519);
#1045=VERTEX_POINT('',#3521);
#1046=VERTEX_POINT('',#3523);
#1047=VERTEX_POINT('',#3526);
#1048=VERTEX_POINT('',#3528);
#1049=VERTEX_POINT('',#3530);
#1050=VERTEX_POINT('',#3534);
#1051=VERTEX_POINT('',#3536);
#1052=VERTEX_POINT('',#3540);
#1053=VERTEX_POINT('',#3544);
#1054=VERTEX_POINT('',#3546);
#1055=VERTEX_POINT('',#3550);
#1056=VERTEX_POINT('',#3554);
#1057=VERTEX_POINT('',#3560);
#1058=VERTEX_POINT('',#3566);
#1059=VERTEX_POINT('',#3567);
#1060=VERTEX_POINT('',#3575);
#1061=VERTEX_POINT('',#3577);
#1062=VERTEX_POINT('',#3592);
#1063=VERTEX_POINT('',#3594);
#1064=VERTEX_POINT('',#3596);
#1065=VERTEX_POINT('',#3600);
#1066=VERTEX_POINT('',#3602);
#1067=VERTEX_POINT('',#3606);
#1068=VERTEX_POINT('',#3608);
#1069=VERTEX_POINT('',#3612);
#1070=VERTEX_POINT('',#3613);
#1071=VERTEX_POINT('',#3615);
#1072=VERTEX_POINT('',#3618);
#1073=VERTEX_POINT('',#3629);
#1074=VERTEX_POINT('',#3631);
#1075=VERTEX_POINT('',#3635);
#1076=VERTEX_POINT('',#3637);
#1077=VERTEX_POINT('',#3639);
#1078=VERTEX_POINT('',#3679);
#1079=VERTEX_POINT('',#3694);
#1080=VERTEX_POINT('',#3722);
#1081=VERTEX_POINT('',#3726);
#1082=VERTEX_POINT('',#3732);
#1083=VERTEX_POINT('',#3740);
#1084=VERTEX_POINT('',#3741);
#1085=VERTEX_POINT('',#3746);
#1086=VERTEX_POINT('',#3750);
#1087=VERTEX_POINT('',#3752);
#1088=VERTEX_POINT('',#3754);
#1089=VERTEX_POINT('',#3756);
#1090=VERTEX_POINT('',#3758);
#1091=VERTEX_POINT('',#3762);
#1092=VERTEX_POINT('',#3763);
#1093=VERTEX_POINT('',#3768);
#1094=VERTEX_POINT('',#3770);
#1095=VERTEX_POINT('',#3772);
#1096=VERTEX_POINT('',#3774);
#1097=VERTEX_POINT('',#3776);
#1098=VERTEX_POINT('',#3778);
#1099=VERTEX_POINT('',#3793);
#1100=VERTEX_POINT('',#3794);
#1101=VERTEX_POINT('',#3799);
#1102=VERTEX_POINT('',#3801);
#1103=VERTEX_POINT('',#3803);
#1104=VERTEX_POINT('',#3805);
#1105=VERTEX_POINT('',#3807);
#1106=VERTEX_POINT('',#3809);
#1107=VERTEX_POINT('',#3815);
#1108=VERTEX_POINT('',#3816);
#1109=VERTEX_POINT('',#3821);
#1110=VERTEX_POINT('',#3823);
#1111=VERTEX_POINT('',#3825);
#1112=VERTEX_POINT('',#3827);
#1113=VERTEX_POINT('',#3829);
#1114=VERTEX_POINT('',#3831);
#1115=EDGE_CURVE('',#900,#900,#787,.T.);
#1116=EDGE_CURVE('',#900,#901,#375,.T.);
#1117=EDGE_CURVE('',#901,#901,#788,.T.);
#1118=EDGE_CURVE('',#902,#902,#789,.T.);
#1119=EDGE_CURVE('',#902,#903,#376,.T.);
#1120=EDGE_CURVE('',#903,#903,#790,.T.);
#1121=EDGE_CURVE('',#904,#904,#791,.T.);
#1122=EDGE_CURVE('',#904,#905,#377,.T.);
#1123=EDGE_CURVE('',#905,#905,#792,.T.);
#1124=EDGE_CURVE('',#906,#906,#793,.T.);
#1125=EDGE_CURVE('',#906,#907,#378,.T.);
#1126=EDGE_CURVE('',#907,#907,#794,.T.);
#1127=EDGE_CURVE('',#908,#909,#795,.F.);
#1128=EDGE_CURVE('',#910,#908,#796,.F.);
#1129=EDGE_CURVE('',#909,#910,#797,.F.);
#1130=EDGE_CURVE('',#911,#912,#798,.T.);
#1131=EDGE_CURVE('',#913,#912,#799,.T.);
#1132=EDGE_CURVE('',#914,#913,#800,.F.);
#1133=EDGE_CURVE('',#911,#914,#801,.T.);
#1134=EDGE_CURVE('',#915,#916,#802,.T.);
#1135=EDGE_CURVE('',#915,#913,#379,.T.);
#1136=EDGE_CURVE('',#912,#916,#380,.T.);
#1137=EDGE_CURVE('',#908,#914,#381,.T.);
#1138=EDGE_CURVE('',#913,#910,#382,.T.);
#1139=EDGE_CURVE('',#917,#918,#803,.T.);
#1140=EDGE_CURVE('',#917,#911,#383,.T.);
#1141=EDGE_CURVE('',#914,#918,#384,.T.);
#1142=EDGE_CURVE('',#919,#920,#804,.F.);
#1143=EDGE_CURVE('',#920,#909,#385,.T.);
#1144=EDGE_CURVE('',#910,#919,#386,.T.);
#1145=EDGE_CURVE('',#921,#922,#805,.F.);
#1146=EDGE_CURVE('',#922,#908,#387,.T.);
#1147=EDGE_CURVE('',#909,#921,#388,.T.);
#1148=EDGE_CURVE('',#916,#923,#389,.T.);
#1149=EDGE_CURVE('',#924,#923,#390,.T.);
#1150=EDGE_CURVE('',#924,#925,#391,.T.);
#1151=EDGE_CURVE('',#925,#926,#392,.T.);
#1152=EDGE_CURVE('',#926,#920,#393,.T.);
#1153=EDGE_CURVE('',#919,#915,#394,.T.);
#1154=EDGE_CURVE('',#927,#917,#395,.T.);
#1155=EDGE_CURVE('',#927,#928,#806,.T.);
#1156=EDGE_CURVE('',#928,#929,#396,.T.);
#1157=EDGE_CURVE('',#929,#930,#807,.T.);
#1158=EDGE_CURVE('',#931,#930,#397,.T.);
#1159=EDGE_CURVE('',#931,#932,#808,.T.);
#1160=EDGE_CURVE('',#933,#932,#398,.T.);
#1161=EDGE_CURVE('',#933,#934,#809,.T.);
#1162=EDGE_CURVE('',#935,#934,#399,.T.);
#1163=EDGE_CURVE('',#935,#923,#810,.T.);
#1164=EDGE_CURVE('',#936,#937,#400,.T.);
#1165=EDGE_CURVE('',#938,#937,#811,.T.);
#1166=EDGE_CURVE('',#938,#939,#401,.T.);
#1167=EDGE_CURVE('',#939,#940,#402,.T.);
#1168=EDGE_CURVE('',#941,#940,#812,.F.);
#1169=EDGE_CURVE('',#941,#942,#403,.T.);
#1170=EDGE_CURVE('',#943,#942,#813,.F.);
#1171=EDGE_CURVE('',#943,#944,#404,.T.);
#1172=EDGE_CURVE('',#945,#944,#814,.F.);
#1173=EDGE_CURVE('',#945,#936,#405,.T.);
#1174=EDGE_CURVE('',#946,#947,#406,.T.);
#1175=EDGE_CURVE('',#948,#947,#815,.F.);
#1176=EDGE_CURVE('',#948,#949,#407,.T.);
#1177=EDGE_CURVE('',#950,#949,#816,.F.);
#1178=EDGE_CURVE('',#950,#951,#408,.T.);
#1179=EDGE_CURVE('',#952,#951,#817,.F.);
#1180=EDGE_CURVE('',#952,#953,#409,.T.);
#1181=EDGE_CURVE('',#946,#953,#818,.F.);
#1182=EDGE_CURVE('',#954,#955,#410,.T.);
#1183=EDGE_CURVE('',#956,#955,#819,.F.);
#1184=EDGE_CURVE('',#956,#957,#411,.T.);
#1185=EDGE_CURVE('',#958,#957,#820,.F.);
#1186=EDGE_CURVE('',#958,#959,#412,.T.);
#1187=EDGE_CURVE('',#960,#959,#821,.F.);
#1188=EDGE_CURVE('',#960,#961,#413,.T.);
#1189=EDGE_CURVE('',#954,#961,#822,.F.);
#1190=EDGE_CURVE('',#962,#963,#414,.T.);
#1191=EDGE_CURVE('',#964,#963,#823,.F.);
#1192=EDGE_CURVE('',#964,#965,#415,.T.);
#1193=EDGE_CURVE('',#966,#965,#824,.F.);
#1194=EDGE_CURVE('',#966,#967,#416,.T.);
#1195=EDGE_CURVE('',#968,#967,#825,.F.);
#1196=EDGE_CURVE('',#968,#969,#417,.T.);
#1197=EDGE_CURVE('',#962,#969,#826,.F.);
#1198=EDGE_CURVE('',#970,#971,#418,.T.);
#1199=EDGE_CURVE('',#972,#971,#827,.F.);
#1200=EDGE_CURVE('',#972,#973,#419,.T.);
#1201=EDGE_CURVE('',#974,#973,#828,.F.);
#1202=EDGE_CURVE('',#974,#975,#420,.T.);
#1203=EDGE_CURVE('',#976,#975,#829,.F.);
#1204=EDGE_CURVE('',#976,#977,#421,.T.);
#1205=EDGE_CURVE('',#970,#977,#830,.F.);
#1206=EDGE_CURVE('',#918,#922,#422,.T.);
#1207=EDGE_CURVE('',#921,#978,#423,.T.);
#1208=EDGE_CURVE('',#978,#979,#424,.T.);
#1209=EDGE_CURVE('',#980,#979,#425,.T.);
#1210=EDGE_CURVE('',#981,#980,#426,.T.);
#1211=EDGE_CURVE('',#982,#981,#427,.T.);
#1212=EDGE_CURVE('',#927,#982,#428,.T.);
#1213=EDGE_CURVE('',#978,#926,#831,.T.);
#1214=EDGE_CURVE('',#983,#982,#832,.F.);
#1215=EDGE_CURVE('',#983,#928,#429,.T.);
#1216=EDGE_CURVE('',#929,#984,#430,.T.);
#1217=EDGE_CURVE('',#984,#985,#833,.T.);
#1218=EDGE_CURVE('',#985,#930,#431,.T.);
#1219=EDGE_CURVE('',#984,#986,#432,.T.);
#1220=EDGE_CURVE('',#987,#986,#433,.T.);
#1221=EDGE_CURVE('',#988,#987,#834,.T.);
#1222=EDGE_CURVE('',#988,#989,#434,.T.);
#1223=EDGE_CURVE('',#990,#989,#435,.T.);
#1224=EDGE_CURVE('',#990,#985,#436,.T.);
#1225=EDGE_CURVE('',#991,#991,#835,.T.);
#1226=EDGE_CURVE('',#992,#992,#836,.T.);
#1227=EDGE_CURVE('',#993,#994,#837,.T.);
#1228=EDGE_CURVE('',#994,#995,#437,.T.);
#1229=EDGE_CURVE('',#995,#996,#838,.T.);
#1230=EDGE_CURVE('',#996,#997,#438,.T.);
#1231=EDGE_CURVE('',#997,#998,#839,.T.);
#1232=EDGE_CURVE('',#998,#993,#439,.T.);
#1233=EDGE_CURVE('',#997,#999,#440,.T.);
#1234=EDGE_CURVE('',#999,#925,#840,.T.);
#1235=EDGE_CURVE('',#1000,#924,#841,.T.);
#1236=EDGE_CURVE('',#1000,#1001,#441,.T.);
#1237=EDGE_CURVE('',#1002,#1001,#442,.T.);
#1238=EDGE_CURVE('',#1002,#998,#443,.T.);
#1239=EDGE_CURVE('',#1003,#1003,#842,.T.);
#1240=EDGE_CURVE('',#1004,#1004,#843,.T.);
#1241=EDGE_CURVE('',#979,#996,#444,.T.);
#1242=EDGE_CURVE('',#979,#999,#445,.T.);
#1243=EDGE_CURVE('',#1005,#995,#446,.T.);
#1244=EDGE_CURVE('',#1005,#980,#447,.T.);
#1245=EDGE_CURVE('',#1006,#1007,#844,.T.);
#1246=EDGE_CURVE('',#1007,#1008,#448,.T.);
#1247=EDGE_CURVE('',#1008,#1009,#845,.T.);
#1248=EDGE_CURVE('',#1009,#988,#449,.T.);
#1249=EDGE_CURVE('',#987,#1006,#450,.T.);
#1250=EDGE_CURVE('',#986,#1010,#451,.T.);
#1251=EDGE_CURVE('',#1010,#1006,#452,.T.);
#1252=EDGE_CURVE('',#1011,#1009,#453,.T.);
#1253=EDGE_CURVE('',#1012,#1011,#454,.T.);
#1254=EDGE_CURVE('',#1013,#1012,#455,.T.);
#1255=EDGE_CURVE('',#1014,#1013,#846,.T.);
#1256=EDGE_CURVE('',#1015,#1014,#456,.T.);
#1257=EDGE_CURVE('',#989,#1015,#457,.T.);
#1258=EDGE_CURVE('',#1016,#1017,#458,.T.);
#1259=EDGE_CURVE('',#1018,#1017,#847,.T.);
#1260=EDGE_CURVE('',#1018,#1019,#459,.T.);
#1261=EDGE_CURVE('',#1020,#1019,#848,.T.);
#1262=EDGE_CURVE('',#1020,#1021,#460,.T.);
#1263=EDGE_CURVE('',#1022,#1021,#849,.T.);
#1264=EDGE_CURVE('',#1022,#1023,#461,.T.);
#1265=EDGE_CURVE('',#1016,#1023,#850,.T.);
#1266=EDGE_CURVE('',#1005,#1024,#462,.T.);
#1267=EDGE_CURVE('',#1024,#981,#463,.T.);
#1268=EDGE_CURVE('',#983,#1010,#464,.T.);
#1269=EDGE_CURVE('',#1007,#1024,#465,.T.);
#1270=EDGE_CURVE('',#994,#1008,#466,.T.);
#1271=EDGE_CURVE('',#937,#1025,#467,.T.);
#1272=EDGE_CURVE('',#1026,#936,#468,.T.);
#1273=EDGE_CURVE('',#1025,#1026,#469,.T.);
#1274=EDGE_CURVE('',#1027,#938,#470,.T.);
#1275=EDGE_CURVE('',#1028,#1027,#471,.T.);
#1276=EDGE_CURVE('',#939,#1028,#472,.T.);
#1277=EDGE_CURVE('',#935,#1000,#473,.T.);
#1278=EDGE_CURVE('',#1026,#1029,#474,.T.);
#1279=EDGE_CURVE('',#1030,#1029,#851,.T.);
#1280=EDGE_CURVE('',#1030,#1031,#475,.T.);
#1281=EDGE_CURVE('',#1032,#1031,#852,.T.);
#1282=EDGE_CURVE('',#1032,#1033,#476,.T.);
#1283=EDGE_CURVE('',#1034,#1033,#853,.T.);
#1284=EDGE_CURVE('',#1034,#1028,#477,.T.);
#1285=EDGE_CURVE('',#1027,#1035,#854,.T.);
#1286=EDGE_CURVE('',#1035,#1025,#855,.T.);
#1287=EDGE_CURVE('',#1029,#945,#478,.T.);
#1288=EDGE_CURVE('',#993,#1036,#479,.T.);
#1289=EDGE_CURVE('',#1037,#1036,#856,.T.);
#1290=EDGE_CURVE('',#1037,#1038,#480,.T.);
#1291=EDGE_CURVE('',#1011,#1038,#857,.T.);
#1292=EDGE_CURVE('',#1039,#1039,#858,.T.);
#1293=EDGE_CURVE('',#1040,#1040,#859,.T.);
#1294=EDGE_CURVE('',#1041,#1041,#860,.T.);
#1295=EDGE_CURVE('',#1042,#1042,#861,.T.);
#1296=EDGE_CURVE('',#1043,#1043,#862,.T.);
#1297=EDGE_CURVE('',#1044,#1044,#863,.T.);
#1298=EDGE_CURVE('',#1045,#1045,#864,.T.);
#1299=EDGE_CURVE('',#1046,#1046,#865,.T.);
#1300=EDGE_CURVE('',#1047,#1002,#481,.T.);
#1301=EDGE_CURVE('',#1047,#1048,#866,.F.);
#1302=EDGE_CURVE('',#1049,#1048,#482,.T.);
#1303=EDGE_CURVE('',#1036,#1049,#483,.T.);
#1304=EDGE_CURVE('',#1019,#1050,#484,.T.);
#1305=EDGE_CURVE('',#1050,#1051,#867,.T.);
#1306=EDGE_CURVE('',#1051,#1020,#485,.T.);
#1307=EDGE_CURVE('',#1052,#1018,#486,.T.);
#1308=EDGE_CURVE('',#1050,#1052,#487,.T.);
#1309=EDGE_CURVE('',#1023,#1053,#488,.T.);
#1310=EDGE_CURVE('',#1053,#1054,#868,.T.);
#1311=EDGE_CURVE('',#1054,#1016,#489,.T.);
#1312=EDGE_CURVE('',#1055,#1022,#490,.T.);
#1313=EDGE_CURVE('',#1053,#1055,#491,.T.);
#1314=EDGE_CURVE('',#1017,#1056,#492,.T.);
#1315=EDGE_CURVE('',#1056,#1052,#869,.T.);
#1316=EDGE_CURVE('',#1056,#1054,#493,.T.);
#1317=EDGE_CURVE('',#1021,#1057,#494,.T.);
#1318=EDGE_CURVE('',#1057,#1055,#870,.T.);
#1319=EDGE_CURVE('',#1057,#1051,#495,.T.);
#1320=EDGE_CURVE('',#1058,#1059,#16,.F.);
#1321=EDGE_CURVE('',#1058,#932,#496,.T.);
#1322=EDGE_CURVE('',#931,#1060,#497,.T.);
#1323=EDGE_CURVE('',#1060,#1061,#871,.T.);
#1324=EDGE_CURVE('',#1059,#1061,#17,.F.);
#1325=EDGE_CURVE('',#990,#1062,#498,.T.);
#1326=EDGE_CURVE('',#1063,#1062,#499,.T.);
#1327=EDGE_CURVE('',#1063,#1064,#872,.F.);
#1328=EDGE_CURVE('',#1060,#1064,#500,.T.);
#1329=EDGE_CURVE('',#933,#1065,#501,.T.);
#1330=EDGE_CURVE('',#1065,#1066,#873,.T.);
#1331=EDGE_CURVE('',#1066,#934,#502,.T.);
#1332=EDGE_CURVE('',#1067,#1066,#503,.T.);
#1333=EDGE_CURVE('',#1068,#1067,#874,.T.);
#1334=EDGE_CURVE('',#1001,#1068,#504,.T.);
#1335=EDGE_CURVE('',#1069,#1070,#875,.F.);
#1336=EDGE_CURVE('',#1069,#1071,#505,.T.);
#1337=EDGE_CURVE('',#1071,#1058,#876,.T.);
#1338=EDGE_CURVE('',#1072,#1059,#18,.F.);
#1339=EDGE_CURVE('',#1072,#1070,#506,.T.);
#1340=EDGE_CURVE('',#1072,#1073,#507,.T.);
#1341=EDGE_CURVE('',#1074,#1073,#508,.T.);
#1342=EDGE_CURVE('',#1074,#1070,#509,.T.);
#1343=EDGE_CURVE('',#1075,#1074,#877,.T.);
#1344=EDGE_CURVE('',#1073,#1076,#878,.T.);
#1345=EDGE_CURVE('',#1076,#1077,#510,.T.);
#1346=EDGE_CURVE('',#1077,#1075,#19,.T.);
#1347=EDGE_CURVE('',#1078,#1076,#20,.T.);
#1348=EDGE_CURVE('',#1061,#1078,#21,.F.);
#1349=EDGE_CURVE('',#1065,#1071,#511,.T.);
#1350=EDGE_CURVE('',#1038,#1075,#512,.T.);
#1351=EDGE_CURVE('',#1079,#1037,#513,.T.);
#1352=EDGE_CURVE('',#1069,#1079,#514,.T.);
#1353=EDGE_CURVE('',#1013,#1064,#515,.T.);
#1354=EDGE_CURVE('',#1014,#1063,#516,.T.);
#1355=EDGE_CURVE('',#1039,#1004,#517,.T.);
#1356=EDGE_CURVE('',#1040,#1003,#518,.T.);
#1357=EDGE_CURVE('',#1041,#991,#519,.T.);
#1358=EDGE_CURVE('',#1042,#992,#520,.T.);
#1359=EDGE_CURVE('',#1067,#1048,#521,.T.);
#1360=EDGE_CURVE('',#1068,#1047,#522,.T.);
#1361=EDGE_CURVE('',#1049,#1079,#879,.T.);
#1362=EDGE_CURVE('',#1077,#1012,#880,.T.);
#1363=EDGE_CURVE('',#1062,#1015,#523,.T.);
#1364=EDGE_CURVE('',#1080,#1080,#881,.T.);
#1365=EDGE_CURVE('',#1080,#1043,#524,.T.);
#1366=EDGE_CURVE('',#1081,#1081,#882,.T.);
#1367=EDGE_CURVE('',#1081,#1044,#525,.T.);
#1368=EDGE_CURVE('',#1035,#1045,#526,.T.);
#1369=EDGE_CURVE('',#1082,#1082,#883,.T.);
#1370=EDGE_CURVE('',#1082,#1046,#527,.T.);
#1371=EDGE_CURVE('',#944,#1030,#528,.T.);
#1372=EDGE_CURVE('',#1031,#943,#529,.T.);
#1373=EDGE_CURVE('',#1083,#1084,#884,.T.);
#1374=EDGE_CURVE('',#1084,#972,#530,.T.);
#1375=EDGE_CURVE('',#971,#1083,#531,.T.);
#1376=EDGE_CURVE('',#1085,#1084,#532,.T.);
#1377=EDGE_CURVE('',#973,#1085,#533,.T.);
#1378=EDGE_CURVE('',#1083,#1086,#534,.T.);
#1379=EDGE_CURVE('',#1087,#1086,#885,.T.);
#1380=EDGE_CURVE('',#1087,#1088,#535,.T.);
#1381=EDGE_CURVE('',#1089,#1088,#886,.T.);
#1382=EDGE_CURVE('',#1089,#1090,#536,.T.);
#1383=EDGE_CURVE('',#1085,#1090,#887,.T.);
#1384=EDGE_CURVE('',#1091,#1092,#888,.T.);
#1385=EDGE_CURVE('',#1092,#962,#537,.T.);
#1386=EDGE_CURVE('',#969,#1091,#538,.T.);
#1387=EDGE_CURVE('',#1091,#1093,#539,.T.);
#1388=EDGE_CURVE('',#1094,#1093,#889,.T.);
#1389=EDGE_CURVE('',#1094,#1095,#540,.T.);
#1390=EDGE_CURVE('',#1096,#1095,#890,.T.);
#1391=EDGE_CURVE('',#1096,#1097,#541,.T.);
#1392=EDGE_CURVE('',#1098,#1097,#891,.T.);
#1393=EDGE_CURVE('',#1098,#1092,#542,.T.);
#1394=EDGE_CURVE('',#1093,#968,#543,.T.);
#1395=EDGE_CURVE('',#967,#1094,#544,.T.);
#1396=EDGE_CURVE('',#1097,#964,#545,.T.);
#1397=EDGE_CURVE('',#963,#1098,#546,.T.);
#1398=EDGE_CURVE('',#965,#1096,#547,.T.);
#1399=EDGE_CURVE('',#1095,#966,#548,.T.);
#1400=EDGE_CURVE('',#1099,#1100,#892,.T.);
#1401=EDGE_CURVE('',#1100,#960,#549,.T.);
#1402=EDGE_CURVE('',#959,#1099,#550,.T.);
#1403=EDGE_CURVE('',#1099,#1101,#551,.T.);
#1404=EDGE_CURVE('',#1102,#1101,#893,.T.);
#1405=EDGE_CURVE('',#1102,#1103,#552,.T.);
#1406=EDGE_CURVE('',#1104,#1103,#894,.T.);
#1407=EDGE_CURVE('',#1104,#1105,#553,.T.);
#1408=EDGE_CURVE('',#1106,#1105,#895,.T.);
#1409=EDGE_CURVE('',#1106,#1100,#554,.T.);
#1410=EDGE_CURVE('',#1101,#958,#555,.T.);
#1411=EDGE_CURVE('',#1107,#1108,#896,.T.);
#1412=EDGE_CURVE('',#1108,#948,#556,.T.);
#1413=EDGE_CURVE('',#947,#1107,#557,.T.);
#1414=EDGE_CURVE('',#1107,#1109,#558,.T.);
#1415=EDGE_CURVE('',#1110,#1109,#897,.T.);
#1416=EDGE_CURVE('',#1110,#1111,#559,.T.);
#1417=EDGE_CURVE('',#1112,#1111,#898,.T.);
#1418=EDGE_CURVE('',#1112,#1113,#560,.T.);
#1419=EDGE_CURVE('',#1114,#1113,#899,.T.);
#1420=EDGE_CURVE('',#1114,#1108,#561,.T.);
#1421=EDGE_CURVE('',#1109,#946,#562,.T.);
#1422=EDGE_CURVE('',#953,#1110,#563,.T.);
#1423=EDGE_CURVE('',#1113,#950,#564,.T.);
#1424=EDGE_CURVE('',#949,#1114,#565,.T.);
#1425=EDGE_CURVE('',#951,#1112,#566,.T.);
#1426=EDGE_CURVE('',#1111,#952,#567,.T.);
#1427=EDGE_CURVE('',#1086,#970,#568,.T.);
#1428=EDGE_CURVE('',#977,#1087,#569,.T.);
#1429=EDGE_CURVE('',#1088,#976,#570,.T.);
#1430=EDGE_CURVE('',#975,#1089,#571,.T.);
#1431=EDGE_CURVE('',#1090,#974,#572,.T.);
#1432=EDGE_CURVE('',#957,#1102,#573,.T.);
#1433=EDGE_CURVE('',#1103,#956,#574,.T.);
#1434=EDGE_CURVE('',#955,#1104,#575,.T.);
#1435=EDGE_CURVE('',#1105,#954,#576,.T.);
#1436=EDGE_CURVE('',#961,#1106,#577,.T.);
#1437=EDGE_CURVE('',#942,#1032,#578,.T.);
#1438=EDGE_CURVE('',#940,#1034,#579,.T.);
#1439=EDGE_CURVE('',#1033,#941,#580,.T.);
#1440=ORIENTED_EDGE('',*,*,#1115,.F.);
#1441=ORIENTED_EDGE('',*,*,#1116,.T.);
#1442=ORIENTED_EDGE('',*,*,#1117,.F.);
#1443=ORIENTED_EDGE('',*,*,#1116,.F.);
#1444=ORIENTED_EDGE('',*,*,#1118,.F.);
#1445=ORIENTED_EDGE('',*,*,#1119,.T.);
#1446=ORIENTED_EDGE('',*,*,#1120,.F.);
#1447=ORIENTED_EDGE('',*,*,#1119,.F.);
#1448=ORIENTED_EDGE('',*,*,#1121,.F.);
#1449=ORIENTED_EDGE('',*,*,#1122,.T.);
#1450=ORIENTED_EDGE('',*,*,#1123,.F.);
#1451=ORIENTED_EDGE('',*,*,#1122,.F.);
#1452=ORIENTED_EDGE('',*,*,#1124,.F.);
#1453=ORIENTED_EDGE('',*,*,#1125,.T.);
#1454=ORIENTED_EDGE('',*,*,#1126,.F.);
#1455=ORIENTED_EDGE('',*,*,#1125,.F.);
#1456=ORIENTED_EDGE('',*,*,#1127,.F.);
#1457=ORIENTED_EDGE('',*,*,#1128,.F.);
#1458=ORIENTED_EDGE('',*,*,#1129,.F.);
#1459=ORIENTED_EDGE('',*,*,#1130,.T.);
#1460=ORIENTED_EDGE('',*,*,#1131,.F.);
#1461=ORIENTED_EDGE('',*,*,#1132,.F.);
#1462=ORIENTED_EDGE('',*,*,#1133,.F.);
#1463=ORIENTED_EDGE('',*,*,#1134,.F.);
#1464=ORIENTED_EDGE('',*,*,#1135,.T.);
#1465=ORIENTED_EDGE('',*,*,#1131,.T.);
#1466=ORIENTED_EDGE('',*,*,#1136,.T.);
#1467=ORIENTED_EDGE('',*,*,#1128,.T.);
#1468=ORIENTED_EDGE('',*,*,#1137,.T.);
#1469=ORIENTED_EDGE('',*,*,#1132,.T.);
#1470=ORIENTED_EDGE('',*,*,#1138,.T.);
#1471=ORIENTED_EDGE('',*,*,#1139,.F.);
#1472=ORIENTED_EDGE('',*,*,#1140,.T.);
#1473=ORIENTED_EDGE('',*,*,#1133,.T.);
#1474=ORIENTED_EDGE('',*,*,#1141,.T.);
#1475=ORIENTED_EDGE('',*,*,#1142,.T.);
#1476=ORIENTED_EDGE('',*,*,#1143,.T.);
#1477=ORIENTED_EDGE('',*,*,#1129,.T.);
#1478=ORIENTED_EDGE('',*,*,#1144,.T.);
#1479=ORIENTED_EDGE('',*,*,#1145,.T.);
#1480=ORIENTED_EDGE('',*,*,#1146,.T.);
#1481=ORIENTED_EDGE('',*,*,#1127,.T.);
#1482=ORIENTED_EDGE('',*,*,#1147,.T.);
#1483=ORIENTED_EDGE('',*,*,#1134,.T.);
#1484=ORIENTED_EDGE('',*,*,#1148,.T.);
#1485=ORIENTED_EDGE('',*,*,#1149,.F.);
#1486=ORIENTED_EDGE('',*,*,#1150,.T.);
#1487=ORIENTED_EDGE('',*,*,#1151,.T.);
#1488=ORIENTED_EDGE('',*,*,#1152,.T.);
#1489=ORIENTED_EDGE('',*,*,#1142,.F.);
#1490=ORIENTED_EDGE('',*,*,#1153,.T.);
#1491=ORIENTED_EDGE('',*,*,#1136,.F.);
#1492=ORIENTED_EDGE('',*,*,#1130,.F.);
#1493=ORIENTED_EDGE('',*,*,#1140,.F.);
#1494=ORIENTED_EDGE('',*,*,#1154,.F.);
#1495=ORIENTED_EDGE('',*,*,#1155,.T.);
#1496=ORIENTED_EDGE('',*,*,#1156,.T.);
#1497=ORIENTED_EDGE('',*,*,#1157,.T.);
#1498=ORIENTED_EDGE('',*,*,#1158,.F.);
#1499=ORIENTED_EDGE('',*,*,#1159,.T.);
#1500=ORIENTED_EDGE('',*,*,#1160,.F.);
#1501=ORIENTED_EDGE('',*,*,#1161,.T.);
#1502=ORIENTED_EDGE('',*,*,#1162,.F.);
#1503=ORIENTED_EDGE('',*,*,#1163,.T.);
#1504=ORIENTED_EDGE('',*,*,#1148,.F.);
#1505=ORIENTED_EDGE('',*,*,#1164,.T.);
#1506=ORIENTED_EDGE('',*,*,#1165,.F.);
#1507=ORIENTED_EDGE('',*,*,#1166,.T.);
#1508=ORIENTED_EDGE('',*,*,#1167,.T.);
#1509=ORIENTED_EDGE('',*,*,#1168,.F.);
#1510=ORIENTED_EDGE('',*,*,#1169,.T.);
#1511=ORIENTED_EDGE('',*,*,#1170,.F.);
#1512=ORIENTED_EDGE('',*,*,#1171,.T.);
#1513=ORIENTED_EDGE('',*,*,#1172,.F.);
#1514=ORIENTED_EDGE('',*,*,#1173,.T.);
#1515=ORIENTED_EDGE('',*,*,#1174,.T.);
#1516=ORIENTED_EDGE('',*,*,#1175,.F.);
#1517=ORIENTED_EDGE('',*,*,#1176,.T.);
#1518=ORIENTED_EDGE('',*,*,#1177,.F.);
#1519=ORIENTED_EDGE('',*,*,#1178,.T.);
#1520=ORIENTED_EDGE('',*,*,#1179,.F.);
#1521=ORIENTED_EDGE('',*,*,#1180,.T.);
#1522=ORIENTED_EDGE('',*,*,#1181,.F.);
#1523=ORIENTED_EDGE('',*,*,#1182,.T.);
#1524=ORIENTED_EDGE('',*,*,#1183,.F.);
#1525=ORIENTED_EDGE('',*,*,#1184,.T.);
#1526=ORIENTED_EDGE('',*,*,#1185,.F.);
#1527=ORIENTED_EDGE('',*,*,#1186,.T.);
#1528=ORIENTED_EDGE('',*,*,#1187,.F.);
#1529=ORIENTED_EDGE('',*,*,#1188,.T.);
#1530=ORIENTED_EDGE('',*,*,#1189,.F.);
#1531=ORIENTED_EDGE('',*,*,#1190,.T.);
#1532=ORIENTED_EDGE('',*,*,#1191,.F.);
#1533=ORIENTED_EDGE('',*,*,#1192,.T.);
#1534=ORIENTED_EDGE('',*,*,#1193,.F.);
#1535=ORIENTED_EDGE('',*,*,#1194,.T.);
#1536=ORIENTED_EDGE('',*,*,#1195,.F.);
#1537=ORIENTED_EDGE('',*,*,#1196,.T.);
#1538=ORIENTED_EDGE('',*,*,#1197,.F.);
#1539=ORIENTED_EDGE('',*,*,#1198,.T.);
#1540=ORIENTED_EDGE('',*,*,#1199,.F.);
#1541=ORIENTED_EDGE('',*,*,#1200,.T.);
#1542=ORIENTED_EDGE('',*,*,#1201,.F.);
#1543=ORIENTED_EDGE('',*,*,#1202,.T.);
#1544=ORIENTED_EDGE('',*,*,#1203,.F.);
#1545=ORIENTED_EDGE('',*,*,#1204,.T.);
#1546=ORIENTED_EDGE('',*,*,#1205,.F.);
#1547=ORIENTED_EDGE('',*,*,#1139,.T.);
#1548=ORIENTED_EDGE('',*,*,#1206,.T.);
#1549=ORIENTED_EDGE('',*,*,#1145,.F.);
#1550=ORIENTED_EDGE('',*,*,#1207,.T.);
#1551=ORIENTED_EDGE('',*,*,#1208,.T.);
#1552=ORIENTED_EDGE('',*,*,#1209,.F.);
#1553=ORIENTED_EDGE('',*,*,#1210,.F.);
#1554=ORIENTED_EDGE('',*,*,#1211,.F.);
#1555=ORIENTED_EDGE('',*,*,#1212,.F.);
#1556=ORIENTED_EDGE('',*,*,#1154,.T.);
#1557=ORIENTED_EDGE('',*,*,#1141,.F.);
#1558=ORIENTED_EDGE('',*,*,#1137,.F.);
#1559=ORIENTED_EDGE('',*,*,#1146,.F.);
#1560=ORIENTED_EDGE('',*,*,#1206,.F.);
#1561=ORIENTED_EDGE('',*,*,#1135,.F.);
#1562=ORIENTED_EDGE('',*,*,#1153,.F.);
#1563=ORIENTED_EDGE('',*,*,#1144,.F.);
#1564=ORIENTED_EDGE('',*,*,#1138,.F.);
#1565=ORIENTED_EDGE('',*,*,#1143,.F.);
#1566=ORIENTED_EDGE('',*,*,#1152,.F.);
#1567=ORIENTED_EDGE('',*,*,#1213,.F.);
#1568=ORIENTED_EDGE('',*,*,#1207,.F.);
#1569=ORIENTED_EDGE('',*,*,#1147,.F.);
#1570=ORIENTED_EDGE('',*,*,#1155,.F.);
#1571=ORIENTED_EDGE('',*,*,#1212,.T.);
#1572=ORIENTED_EDGE('',*,*,#1214,.F.);
#1573=ORIENTED_EDGE('',*,*,#1215,.T.);
#1574=ORIENTED_EDGE('',*,*,#1157,.F.);
#1575=ORIENTED_EDGE('',*,*,#1216,.T.);
#1576=ORIENTED_EDGE('',*,*,#1217,.T.);
#1577=ORIENTED_EDGE('',*,*,#1218,.T.);
#1578=ORIENTED_EDGE('',*,*,#1217,.F.);
#1579=ORIENTED_EDGE('',*,*,#1219,.T.);
#1580=ORIENTED_EDGE('',*,*,#1220,.F.);
#1581=ORIENTED_EDGE('',*,*,#1221,.F.);
#1582=ORIENTED_EDGE('',*,*,#1222,.T.);
#1583=ORIENTED_EDGE('',*,*,#1223,.F.);
#1584=ORIENTED_EDGE('',*,*,#1224,.T.);
#1585=ORIENTED_EDGE('',*,*,#1121,.T.);
#1586=ORIENTED_EDGE('',*,*,#1225,.T.);
#1587=ORIENTED_EDGE('',*,*,#1226,.T.);
#1588=ORIENTED_EDGE('',*,*,#1227,.T.);
#1589=ORIENTED_EDGE('',*,*,#1228,.T.);
#1590=ORIENTED_EDGE('',*,*,#1229,.T.);
#1591=ORIENTED_EDGE('',*,*,#1230,.T.);
#1592=ORIENTED_EDGE('',*,*,#1231,.T.);
#1593=ORIENTED_EDGE('',*,*,#1232,.T.);
#1594=ORIENTED_EDGE('',*,*,#1231,.F.);
#1595=ORIENTED_EDGE('',*,*,#1233,.T.);
#1596=ORIENTED_EDGE('',*,*,#1234,.T.);
#1597=ORIENTED_EDGE('',*,*,#1150,.F.);
#1598=ORIENTED_EDGE('',*,*,#1235,.F.);
#1599=ORIENTED_EDGE('',*,*,#1236,.T.);
#1600=ORIENTED_EDGE('',*,*,#1237,.F.);
#1601=ORIENTED_EDGE('',*,*,#1238,.T.);
#1602=ORIENTED_EDGE('',*,*,#1124,.T.);
#1603=ORIENTED_EDGE('',*,*,#1239,.T.);
#1604=ORIENTED_EDGE('',*,*,#1240,.T.);
#1605=ORIENTED_EDGE('',*,*,#1230,.F.);
#1606=ORIENTED_EDGE('',*,*,#1241,.F.);
#1607=ORIENTED_EDGE('',*,*,#1242,.T.);
#1608=ORIENTED_EDGE('',*,*,#1233,.F.);
#1609=ORIENTED_EDGE('',*,*,#1229,.F.);
#1610=ORIENTED_EDGE('',*,*,#1243,.F.);
#1611=ORIENTED_EDGE('',*,*,#1244,.T.);
#1612=ORIENTED_EDGE('',*,*,#1209,.T.);
#1613=ORIENTED_EDGE('',*,*,#1241,.T.);
#1614=ORIENTED_EDGE('',*,*,#1213,.T.);
#1615=ORIENTED_EDGE('',*,*,#1151,.F.);
#1616=ORIENTED_EDGE('',*,*,#1234,.F.);
#1617=ORIENTED_EDGE('',*,*,#1242,.F.);
#1618=ORIENTED_EDGE('',*,*,#1208,.F.);
#1619=ORIENTED_EDGE('',*,*,#1245,.T.);
#1620=ORIENTED_EDGE('',*,*,#1246,.T.);
#1621=ORIENTED_EDGE('',*,*,#1247,.T.);
#1622=ORIENTED_EDGE('',*,*,#1248,.T.);
#1623=ORIENTED_EDGE('',*,*,#1221,.T.);
#1624=ORIENTED_EDGE('',*,*,#1249,.T.);
#1625=ORIENTED_EDGE('',*,*,#1249,.F.);
#1626=ORIENTED_EDGE('',*,*,#1220,.T.);
#1627=ORIENTED_EDGE('',*,*,#1250,.T.);
#1628=ORIENTED_EDGE('',*,*,#1251,.T.);
#1629=ORIENTED_EDGE('',*,*,#1248,.F.);
#1630=ORIENTED_EDGE('',*,*,#1252,.F.);
#1631=ORIENTED_EDGE('',*,*,#1253,.F.);
#1632=ORIENTED_EDGE('',*,*,#1254,.F.);
#1633=ORIENTED_EDGE('',*,*,#1255,.F.);
#1634=ORIENTED_EDGE('',*,*,#1256,.F.);
#1635=ORIENTED_EDGE('',*,*,#1257,.F.);
#1636=ORIENTED_EDGE('',*,*,#1222,.F.);
#1637=ORIENTED_EDGE('',*,*,#1258,.T.);
#1638=ORIENTED_EDGE('',*,*,#1259,.F.);
#1639=ORIENTED_EDGE('',*,*,#1260,.T.);
#1640=ORIENTED_EDGE('',*,*,#1261,.F.);
#1641=ORIENTED_EDGE('',*,*,#1262,.T.);
#1642=ORIENTED_EDGE('',*,*,#1263,.F.);
#1643=ORIENTED_EDGE('',*,*,#1264,.T.);
#1644=ORIENTED_EDGE('',*,*,#1265,.F.);
#1645=ORIENTED_EDGE('',*,*,#1210,.T.);
#1646=ORIENTED_EDGE('',*,*,#1244,.F.);
#1647=ORIENTED_EDGE('',*,*,#1266,.T.);
#1648=ORIENTED_EDGE('',*,*,#1267,.T.);
#1649=ORIENTED_EDGE('',*,*,#1245,.F.);
#1650=ORIENTED_EDGE('',*,*,#1251,.F.);
#1651=ORIENTED_EDGE('',*,*,#1268,.F.);
#1652=ORIENTED_EDGE('',*,*,#1214,.T.);
#1653=ORIENTED_EDGE('',*,*,#1211,.T.);
#1654=ORIENTED_EDGE('',*,*,#1267,.F.);
#1655=ORIENTED_EDGE('',*,*,#1269,.F.);
#1656=ORIENTED_EDGE('',*,*,#1115,.T.);
#1657=ORIENTED_EDGE('',*,*,#1118,.T.);
#1658=ORIENTED_EDGE('',*,*,#1228,.F.);
#1659=ORIENTED_EDGE('',*,*,#1270,.T.);
#1660=ORIENTED_EDGE('',*,*,#1246,.F.);
#1661=ORIENTED_EDGE('',*,*,#1269,.T.);
#1662=ORIENTED_EDGE('',*,*,#1266,.F.);
#1663=ORIENTED_EDGE('',*,*,#1243,.T.);
#1664=ORIENTED_EDGE('',*,*,#1268,.T.);
#1665=ORIENTED_EDGE('',*,*,#1250,.F.);
#1666=ORIENTED_EDGE('',*,*,#1219,.F.);
#1667=ORIENTED_EDGE('',*,*,#1216,.F.);
#1668=ORIENTED_EDGE('',*,*,#1156,.F.);
#1669=ORIENTED_EDGE('',*,*,#1215,.F.);
#1670=ORIENTED_EDGE('',*,*,#1271,.F.);
#1671=ORIENTED_EDGE('',*,*,#1164,.F.);
#1672=ORIENTED_EDGE('',*,*,#1272,.F.);
#1673=ORIENTED_EDGE('',*,*,#1273,.F.);
#1674=ORIENTED_EDGE('',*,*,#1274,.F.);
#1675=ORIENTED_EDGE('',*,*,#1275,.F.);
#1676=ORIENTED_EDGE('',*,*,#1276,.F.);
#1677=ORIENTED_EDGE('',*,*,#1166,.F.);
#1678=ORIENTED_EDGE('',*,*,#1149,.T.);
#1679=ORIENTED_EDGE('',*,*,#1163,.F.);
#1680=ORIENTED_EDGE('',*,*,#1277,.T.);
#1681=ORIENTED_EDGE('',*,*,#1235,.T.);
#1682=ORIENTED_EDGE('',*,*,#1273,.T.);
#1683=ORIENTED_EDGE('',*,*,#1278,.T.);
#1684=ORIENTED_EDGE('',*,*,#1279,.F.);
#1685=ORIENTED_EDGE('',*,*,#1280,.T.);
#1686=ORIENTED_EDGE('',*,*,#1281,.F.);
#1687=ORIENTED_EDGE('',*,*,#1282,.T.);
#1688=ORIENTED_EDGE('',*,*,#1283,.F.);
#1689=ORIENTED_EDGE('',*,*,#1284,.T.);
#1690=ORIENTED_EDGE('',*,*,#1275,.T.);
#1691=ORIENTED_EDGE('',*,*,#1285,.T.);
#1692=ORIENTED_EDGE('',*,*,#1286,.T.);
#1693=ORIENTED_EDGE('',*,*,#1272,.T.);
#1694=ORIENTED_EDGE('',*,*,#1173,.F.);
#1695=ORIENTED_EDGE('',*,*,#1287,.F.);
#1696=ORIENTED_EDGE('',*,*,#1278,.F.);
#1697=ORIENTED_EDGE('',*,*,#1227,.F.);
#1698=ORIENTED_EDGE('',*,*,#1288,.T.);
#1699=ORIENTED_EDGE('',*,*,#1289,.F.);
#1700=ORIENTED_EDGE('',*,*,#1290,.T.);
#1701=ORIENTED_EDGE('',*,*,#1291,.F.);
#1702=ORIENTED_EDGE('',*,*,#1252,.T.);
#1703=ORIENTED_EDGE('',*,*,#1247,.F.);
#1704=ORIENTED_EDGE('',*,*,#1270,.F.);
#1705=ORIENTED_EDGE('',*,*,#1126,.T.);
#1706=ORIENTED_EDGE('',*,*,#1292,.T.);
#1707=ORIENTED_EDGE('',*,*,#1293,.T.);
#1708=ORIENTED_EDGE('',*,*,#1294,.T.);
#1709=ORIENTED_EDGE('',*,*,#1295,.T.);
#1710=ORIENTED_EDGE('',*,*,#1296,.T.);
#1711=ORIENTED_EDGE('',*,*,#1297,.T.);
#1712=ORIENTED_EDGE('',*,*,#1298,.T.);
#1713=ORIENTED_EDGE('',*,*,#1299,.T.);
#1714=ORIENTED_EDGE('',*,*,#1123,.T.);
#1715=ORIENTED_EDGE('',*,*,#1120,.T.);
#1716=ORIENTED_EDGE('',*,*,#1117,.T.);
#1717=ORIENTED_EDGE('',*,*,#1232,.F.);
#1718=ORIENTED_EDGE('',*,*,#1238,.F.);
#1719=ORIENTED_EDGE('',*,*,#1300,.F.);
#1720=ORIENTED_EDGE('',*,*,#1301,.T.);
#1721=ORIENTED_EDGE('',*,*,#1302,.F.);
#1722=ORIENTED_EDGE('',*,*,#1303,.F.);
#1723=ORIENTED_EDGE('',*,*,#1288,.F.);
#1724=ORIENTED_EDGE('',*,*,#1261,.T.);
#1725=ORIENTED_EDGE('',*,*,#1304,.T.);
#1726=ORIENTED_EDGE('',*,*,#1305,.T.);
#1727=ORIENTED_EDGE('',*,*,#1306,.T.);
#1728=ORIENTED_EDGE('',*,*,#1304,.F.);
#1729=ORIENTED_EDGE('',*,*,#1260,.F.);
#1730=ORIENTED_EDGE('',*,*,#1307,.F.);
#1731=ORIENTED_EDGE('',*,*,#1308,.F.);
#1732=ORIENTED_EDGE('',*,*,#1265,.T.);
#1733=ORIENTED_EDGE('',*,*,#1309,.T.);
#1734=ORIENTED_EDGE('',*,*,#1310,.T.);
#1735=ORIENTED_EDGE('',*,*,#1311,.T.);
#1736=ORIENTED_EDGE('',*,*,#1309,.F.);
#1737=ORIENTED_EDGE('',*,*,#1264,.F.);
#1738=ORIENTED_EDGE('',*,*,#1312,.F.);
#1739=ORIENTED_EDGE('',*,*,#1313,.F.);
#1740=ORIENTED_EDGE('',*,*,#1259,.T.);
#1741=ORIENTED_EDGE('',*,*,#1314,.T.);
#1742=ORIENTED_EDGE('',*,*,#1315,.T.);
#1743=ORIENTED_EDGE('',*,*,#1307,.T.);
#1744=ORIENTED_EDGE('',*,*,#1311,.F.);
#1745=ORIENTED_EDGE('',*,*,#1316,.F.);
#1746=ORIENTED_EDGE('',*,*,#1314,.F.);
#1747=ORIENTED_EDGE('',*,*,#1258,.F.);
#1748=ORIENTED_EDGE('',*,*,#1263,.T.);
#1749=ORIENTED_EDGE('',*,*,#1317,.T.);
#1750=ORIENTED_EDGE('',*,*,#1318,.T.);
#1751=ORIENTED_EDGE('',*,*,#1312,.T.);
#1752=ORIENTED_EDGE('',*,*,#1306,.F.);
#1753=ORIENTED_EDGE('',*,*,#1319,.F.);
#1754=ORIENTED_EDGE('',*,*,#1317,.F.);
#1755=ORIENTED_EDGE('',*,*,#1262,.F.);
#1756=ORIENTED_EDGE('',*,*,#1320,.F.);
#1757=ORIENTED_EDGE('',*,*,#1321,.T.);
#1758=ORIENTED_EDGE('',*,*,#1159,.F.);
#1759=ORIENTED_EDGE('',*,*,#1322,.T.);
#1760=ORIENTED_EDGE('',*,*,#1323,.T.);
#1761=ORIENTED_EDGE('',*,*,#1324,.F.);
#1762=ORIENTED_EDGE('',*,*,#1322,.F.);
#1763=ORIENTED_EDGE('',*,*,#1158,.T.);
#1764=ORIENTED_EDGE('',*,*,#1218,.F.);
#1765=ORIENTED_EDGE('',*,*,#1224,.F.);
#1766=ORIENTED_EDGE('',*,*,#1325,.T.);
#1767=ORIENTED_EDGE('',*,*,#1326,.F.);
#1768=ORIENTED_EDGE('',*,*,#1327,.T.);
#1769=ORIENTED_EDGE('',*,*,#1328,.F.);
#1770=ORIENTED_EDGE('',*,*,#1316,.T.);
#1771=ORIENTED_EDGE('',*,*,#1310,.F.);
#1772=ORIENTED_EDGE('',*,*,#1313,.T.);
#1773=ORIENTED_EDGE('',*,*,#1318,.F.);
#1774=ORIENTED_EDGE('',*,*,#1319,.T.);
#1775=ORIENTED_EDGE('',*,*,#1305,.F.);
#1776=ORIENTED_EDGE('',*,*,#1308,.T.);
#1777=ORIENTED_EDGE('',*,*,#1315,.F.);
#1778=ORIENTED_EDGE('',*,*,#1161,.F.);
#1779=ORIENTED_EDGE('',*,*,#1329,.T.);
#1780=ORIENTED_EDGE('',*,*,#1330,.T.);
#1781=ORIENTED_EDGE('',*,*,#1331,.T.);
#1782=ORIENTED_EDGE('',*,*,#1277,.F.);
#1783=ORIENTED_EDGE('',*,*,#1162,.T.);
#1784=ORIENTED_EDGE('',*,*,#1331,.F.);
#1785=ORIENTED_EDGE('',*,*,#1332,.F.);
#1786=ORIENTED_EDGE('',*,*,#1333,.F.);
#1787=ORIENTED_EDGE('',*,*,#1334,.F.);
#1788=ORIENTED_EDGE('',*,*,#1236,.F.);
#1789=ORIENTED_EDGE('',*,*,#1335,.F.);
#1790=ORIENTED_EDGE('',*,*,#1336,.T.);
#1791=ORIENTED_EDGE('',*,*,#1337,.T.);
#1792=ORIENTED_EDGE('',*,*,#1320,.T.);
#1793=ORIENTED_EDGE('',*,*,#1338,.F.);
#1794=ORIENTED_EDGE('',*,*,#1339,.T.);
#1795=ORIENTED_EDGE('',*,*,#1339,.F.);
#1796=ORIENTED_EDGE('',*,*,#1340,.T.);
#1797=ORIENTED_EDGE('',*,*,#1341,.F.);
#1798=ORIENTED_EDGE('',*,*,#1342,.T.);
#1799=ORIENTED_EDGE('',*,*,#1343,.T.);
#1800=ORIENTED_EDGE('',*,*,#1341,.T.);
#1801=ORIENTED_EDGE('',*,*,#1344,.T.);
#1802=ORIENTED_EDGE('',*,*,#1345,.T.);
#1803=ORIENTED_EDGE('',*,*,#1346,.T.);
#1804=ORIENTED_EDGE('',*,*,#1347,.T.);
#1805=ORIENTED_EDGE('',*,*,#1344,.F.);
#1806=ORIENTED_EDGE('',*,*,#1340,.F.);
#1807=ORIENTED_EDGE('',*,*,#1338,.T.);
#1808=ORIENTED_EDGE('',*,*,#1324,.T.);
#1809=ORIENTED_EDGE('',*,*,#1348,.T.);
#1810=ORIENTED_EDGE('',*,*,#1321,.F.);
#1811=ORIENTED_EDGE('',*,*,#1337,.F.);
#1812=ORIENTED_EDGE('',*,*,#1349,.F.);
#1813=ORIENTED_EDGE('',*,*,#1329,.F.);
#1814=ORIENTED_EDGE('',*,*,#1160,.T.);
#1815=ORIENTED_EDGE('',*,*,#1342,.F.);
#1816=ORIENTED_EDGE('',*,*,#1343,.F.);
#1817=ORIENTED_EDGE('',*,*,#1350,.F.);
#1818=ORIENTED_EDGE('',*,*,#1290,.F.);
#1819=ORIENTED_EDGE('',*,*,#1351,.F.);
#1820=ORIENTED_EDGE('',*,*,#1352,.F.);
#1821=ORIENTED_EDGE('',*,*,#1335,.T.);
#1822=ORIENTED_EDGE('',*,*,#1255,.T.);
#1823=ORIENTED_EDGE('',*,*,#1353,.T.);
#1824=ORIENTED_EDGE('',*,*,#1327,.F.);
#1825=ORIENTED_EDGE('',*,*,#1354,.F.);
#1826=ORIENTED_EDGE('',*,*,#1292,.F.);
#1827=ORIENTED_EDGE('',*,*,#1355,.T.);
#1828=ORIENTED_EDGE('',*,*,#1240,.F.);
#1829=ORIENTED_EDGE('',*,*,#1355,.F.);
#1830=ORIENTED_EDGE('',*,*,#1293,.F.);
#1831=ORIENTED_EDGE('',*,*,#1356,.T.);
#1832=ORIENTED_EDGE('',*,*,#1239,.F.);
#1833=ORIENTED_EDGE('',*,*,#1356,.F.);
#1834=ORIENTED_EDGE('',*,*,#1294,.F.);
#1835=ORIENTED_EDGE('',*,*,#1357,.T.);
#1836=ORIENTED_EDGE('',*,*,#1225,.F.);
#1837=ORIENTED_EDGE('',*,*,#1357,.F.);
#1838=ORIENTED_EDGE('',*,*,#1295,.F.);
#1839=ORIENTED_EDGE('',*,*,#1358,.T.);
#1840=ORIENTED_EDGE('',*,*,#1226,.F.);
#1841=ORIENTED_EDGE('',*,*,#1358,.F.);
#1842=ORIENTED_EDGE('',*,*,#1333,.T.);
#1843=ORIENTED_EDGE('',*,*,#1359,.T.);
#1844=ORIENTED_EDGE('',*,*,#1301,.F.);
#1845=ORIENTED_EDGE('',*,*,#1360,.F.);
#1846=ORIENTED_EDGE('',*,*,#1300,.T.);
#1847=ORIENTED_EDGE('',*,*,#1237,.T.);
#1848=ORIENTED_EDGE('',*,*,#1334,.T.);
#1849=ORIENTED_EDGE('',*,*,#1360,.T.);
#1850=ORIENTED_EDGE('',*,*,#1289,.T.);
#1851=ORIENTED_EDGE('',*,*,#1303,.T.);
#1852=ORIENTED_EDGE('',*,*,#1361,.T.);
#1853=ORIENTED_EDGE('',*,*,#1351,.T.);
#1854=ORIENTED_EDGE('',*,*,#1336,.F.);
#1855=ORIENTED_EDGE('',*,*,#1352,.T.);
#1856=ORIENTED_EDGE('',*,*,#1361,.F.);
#1857=ORIENTED_EDGE('',*,*,#1302,.T.);
#1858=ORIENTED_EDGE('',*,*,#1359,.F.);
#1859=ORIENTED_EDGE('',*,*,#1332,.T.);
#1860=ORIENTED_EDGE('',*,*,#1330,.F.);
#1861=ORIENTED_EDGE('',*,*,#1349,.T.);
#1862=ORIENTED_EDGE('',*,*,#1346,.F.);
#1863=ORIENTED_EDGE('',*,*,#1362,.T.);
#1864=ORIENTED_EDGE('',*,*,#1253,.T.);
#1865=ORIENTED_EDGE('',*,*,#1291,.T.);
#1866=ORIENTED_EDGE('',*,*,#1350,.T.);
#1867=ORIENTED_EDGE('',*,*,#1347,.F.);
#1868=ORIENTED_EDGE('',*,*,#1348,.F.);
#1869=ORIENTED_EDGE('',*,*,#1323,.F.);
#1870=ORIENTED_EDGE('',*,*,#1328,.T.);
#1871=ORIENTED_EDGE('',*,*,#1353,.F.);
#1872=ORIENTED_EDGE('',*,*,#1254,.T.);
#1873=ORIENTED_EDGE('',*,*,#1362,.F.);
#1874=ORIENTED_EDGE('',*,*,#1345,.F.);
#1875=ORIENTED_EDGE('',*,*,#1256,.T.);
#1876=ORIENTED_EDGE('',*,*,#1354,.T.);
#1877=ORIENTED_EDGE('',*,*,#1326,.T.);
#1878=ORIENTED_EDGE('',*,*,#1363,.T.);
#1879=ORIENTED_EDGE('',*,*,#1223,.T.);
#1880=ORIENTED_EDGE('',*,*,#1257,.T.);
#1881=ORIENTED_EDGE('',*,*,#1363,.F.);
#1882=ORIENTED_EDGE('',*,*,#1325,.F.);
#1883=ORIENTED_EDGE('',*,*,#1364,.F.);
#1884=ORIENTED_EDGE('',*,*,#1365,.T.);
#1885=ORIENTED_EDGE('',*,*,#1296,.F.);
#1886=ORIENTED_EDGE('',*,*,#1365,.F.);
#1887=ORIENTED_EDGE('',*,*,#1366,.F.);
#1888=ORIENTED_EDGE('',*,*,#1367,.T.);
#1889=ORIENTED_EDGE('',*,*,#1297,.F.);
#1890=ORIENTED_EDGE('',*,*,#1367,.F.);
#1891=ORIENTED_EDGE('',*,*,#1271,.T.);
#1892=ORIENTED_EDGE('',*,*,#1286,.F.);
#1893=ORIENTED_EDGE('',*,*,#1368,.T.);
#1894=ORIENTED_EDGE('',*,*,#1298,.F.);
#1895=ORIENTED_EDGE('',*,*,#1368,.F.);
#1896=ORIENTED_EDGE('',*,*,#1285,.F.);
#1897=ORIENTED_EDGE('',*,*,#1274,.T.);
#1898=ORIENTED_EDGE('',*,*,#1165,.T.);
#1899=ORIENTED_EDGE('',*,*,#1369,.F.);
#1900=ORIENTED_EDGE('',*,*,#1370,.T.);
#1901=ORIENTED_EDGE('',*,*,#1299,.F.);
#1902=ORIENTED_EDGE('',*,*,#1370,.F.);
#1903=ORIENTED_EDGE('',*,*,#1279,.T.);
#1904=ORIENTED_EDGE('',*,*,#1287,.T.);
#1905=ORIENTED_EDGE('',*,*,#1172,.T.);
#1906=ORIENTED_EDGE('',*,*,#1371,.T.);
#1907=ORIENTED_EDGE('',*,*,#1371,.F.);
#1908=ORIENTED_EDGE('',*,*,#1171,.F.);
#1909=ORIENTED_EDGE('',*,*,#1372,.F.);
#1910=ORIENTED_EDGE('',*,*,#1280,.F.);
#1911=ORIENTED_EDGE('',*,*,#1373,.T.);
#1912=ORIENTED_EDGE('',*,*,#1374,.T.);
#1913=ORIENTED_EDGE('',*,*,#1199,.T.);
#1914=ORIENTED_EDGE('',*,*,#1375,.T.);
#1915=ORIENTED_EDGE('',*,*,#1374,.F.);
#1916=ORIENTED_EDGE('',*,*,#1376,.F.);
#1917=ORIENTED_EDGE('',*,*,#1377,.F.);
#1918=ORIENTED_EDGE('',*,*,#1200,.F.);
#1919=ORIENTED_EDGE('',*,*,#1373,.F.);
#1920=ORIENTED_EDGE('',*,*,#1378,.T.);
#1921=ORIENTED_EDGE('',*,*,#1379,.F.);
#1922=ORIENTED_EDGE('',*,*,#1380,.T.);
#1923=ORIENTED_EDGE('',*,*,#1381,.F.);
#1924=ORIENTED_EDGE('',*,*,#1382,.T.);
#1925=ORIENTED_EDGE('',*,*,#1383,.F.);
#1926=ORIENTED_EDGE('',*,*,#1376,.T.);
#1927=ORIENTED_EDGE('',*,*,#1384,.T.);
#1928=ORIENTED_EDGE('',*,*,#1385,.T.);
#1929=ORIENTED_EDGE('',*,*,#1197,.T.);
#1930=ORIENTED_EDGE('',*,*,#1386,.T.);
#1931=ORIENTED_EDGE('',*,*,#1384,.F.);
#1932=ORIENTED_EDGE('',*,*,#1387,.T.);
#1933=ORIENTED_EDGE('',*,*,#1388,.F.);
#1934=ORIENTED_EDGE('',*,*,#1389,.T.);
#1935=ORIENTED_EDGE('',*,*,#1390,.F.);
#1936=ORIENTED_EDGE('',*,*,#1391,.T.);
#1937=ORIENTED_EDGE('',*,*,#1392,.F.);
#1938=ORIENTED_EDGE('',*,*,#1393,.T.);
#1939=ORIENTED_EDGE('',*,*,#1364,.T.);
#1940=ORIENTED_EDGE('',*,*,#1386,.F.);
#1941=ORIENTED_EDGE('',*,*,#1196,.F.);
#1942=ORIENTED_EDGE('',*,*,#1394,.F.);
#1943=ORIENTED_EDGE('',*,*,#1387,.F.);
#1944=ORIENTED_EDGE('',*,*,#1388,.T.);
#1945=ORIENTED_EDGE('',*,*,#1394,.T.);
#1946=ORIENTED_EDGE('',*,*,#1195,.T.);
#1947=ORIENTED_EDGE('',*,*,#1395,.T.);
#1948=ORIENTED_EDGE('',*,*,#1392,.T.);
#1949=ORIENTED_EDGE('',*,*,#1396,.T.);
#1950=ORIENTED_EDGE('',*,*,#1191,.T.);
#1951=ORIENTED_EDGE('',*,*,#1397,.T.);
#1952=ORIENTED_EDGE('',*,*,#1396,.F.);
#1953=ORIENTED_EDGE('',*,*,#1391,.F.);
#1954=ORIENTED_EDGE('',*,*,#1398,.F.);
#1955=ORIENTED_EDGE('',*,*,#1192,.F.);
#1956=ORIENTED_EDGE('',*,*,#1390,.T.);
#1957=ORIENTED_EDGE('',*,*,#1399,.T.);
#1958=ORIENTED_EDGE('',*,*,#1193,.T.);
#1959=ORIENTED_EDGE('',*,*,#1398,.T.);
#1960=ORIENTED_EDGE('',*,*,#1400,.T.);
#1961=ORIENTED_EDGE('',*,*,#1401,.T.);
#1962=ORIENTED_EDGE('',*,*,#1187,.T.);
#1963=ORIENTED_EDGE('',*,*,#1402,.T.);
#1964=ORIENTED_EDGE('',*,*,#1400,.F.);
#1965=ORIENTED_EDGE('',*,*,#1403,.T.);
#1966=ORIENTED_EDGE('',*,*,#1404,.F.);
#1967=ORIENTED_EDGE('',*,*,#1405,.T.);
#1968=ORIENTED_EDGE('',*,*,#1406,.F.);
#1969=ORIENTED_EDGE('',*,*,#1407,.T.);
#1970=ORIENTED_EDGE('',*,*,#1408,.F.);
#1971=ORIENTED_EDGE('',*,*,#1409,.T.);
#1972=ORIENTED_EDGE('',*,*,#1369,.T.);
#1973=ORIENTED_EDGE('',*,*,#1402,.F.);
#1974=ORIENTED_EDGE('',*,*,#1186,.F.);
#1975=ORIENTED_EDGE('',*,*,#1410,.F.);
#1976=ORIENTED_EDGE('',*,*,#1403,.F.);
#1977=ORIENTED_EDGE('',*,*,#1411,.T.);
#1978=ORIENTED_EDGE('',*,*,#1412,.T.);
#1979=ORIENTED_EDGE('',*,*,#1175,.T.);
#1980=ORIENTED_EDGE('',*,*,#1413,.T.);
#1981=ORIENTED_EDGE('',*,*,#1411,.F.);
#1982=ORIENTED_EDGE('',*,*,#1414,.T.);
#1983=ORIENTED_EDGE('',*,*,#1415,.F.);
#1984=ORIENTED_EDGE('',*,*,#1416,.T.);
#1985=ORIENTED_EDGE('',*,*,#1417,.F.);
#1986=ORIENTED_EDGE('',*,*,#1418,.T.);
#1987=ORIENTED_EDGE('',*,*,#1419,.F.);
#1988=ORIENTED_EDGE('',*,*,#1420,.T.);
#1989=ORIENTED_EDGE('',*,*,#1366,.T.);
#1990=ORIENTED_EDGE('',*,*,#1413,.F.);
#1991=ORIENTED_EDGE('',*,*,#1174,.F.);
#1992=ORIENTED_EDGE('',*,*,#1421,.F.);
#1993=ORIENTED_EDGE('',*,*,#1414,.F.);
#1994=ORIENTED_EDGE('',*,*,#1415,.T.);
#1995=ORIENTED_EDGE('',*,*,#1421,.T.);
#1996=ORIENTED_EDGE('',*,*,#1181,.T.);
#1997=ORIENTED_EDGE('',*,*,#1422,.T.);
#1998=ORIENTED_EDGE('',*,*,#1419,.T.);
#1999=ORIENTED_EDGE('',*,*,#1423,.T.);
#2000=ORIENTED_EDGE('',*,*,#1177,.T.);
#2001=ORIENTED_EDGE('',*,*,#1424,.T.);
#2002=ORIENTED_EDGE('',*,*,#1423,.F.);
#2003=ORIENTED_EDGE('',*,*,#1418,.F.);
#2004=ORIENTED_EDGE('',*,*,#1425,.F.);
#2005=ORIENTED_EDGE('',*,*,#1178,.F.);
#2006=ORIENTED_EDGE('',*,*,#1417,.T.);
#2007=ORIENTED_EDGE('',*,*,#1426,.T.);
#2008=ORIENTED_EDGE('',*,*,#1179,.T.);
#2009=ORIENTED_EDGE('',*,*,#1425,.T.);
#2010=ORIENTED_EDGE('',*,*,#1379,.T.);
#2011=ORIENTED_EDGE('',*,*,#1427,.T.);
#2012=ORIENTED_EDGE('',*,*,#1205,.T.);
#2013=ORIENTED_EDGE('',*,*,#1428,.T.);
#2014=ORIENTED_EDGE('',*,*,#1428,.F.);
#2015=ORIENTED_EDGE('',*,*,#1204,.F.);
#2016=ORIENTED_EDGE('',*,*,#1429,.F.);
#2017=ORIENTED_EDGE('',*,*,#1380,.F.);
#2018=ORIENTED_EDGE('',*,*,#1381,.T.);
#2019=ORIENTED_EDGE('',*,*,#1429,.T.);
#2020=ORIENTED_EDGE('',*,*,#1203,.T.);
#2021=ORIENTED_EDGE('',*,*,#1430,.T.);
#2022=ORIENTED_EDGE('',*,*,#1383,.T.);
#2023=ORIENTED_EDGE('',*,*,#1431,.T.);
#2024=ORIENTED_EDGE('',*,*,#1201,.T.);
#2025=ORIENTED_EDGE('',*,*,#1377,.T.);
#2026=ORIENTED_EDGE('',*,*,#1404,.T.);
#2027=ORIENTED_EDGE('',*,*,#1410,.T.);
#2028=ORIENTED_EDGE('',*,*,#1185,.T.);
#2029=ORIENTED_EDGE('',*,*,#1432,.T.);
#2030=ORIENTED_EDGE('',*,*,#1406,.T.);
#2031=ORIENTED_EDGE('',*,*,#1433,.T.);
#2032=ORIENTED_EDGE('',*,*,#1183,.T.);
#2033=ORIENTED_EDGE('',*,*,#1434,.T.);
#2034=ORIENTED_EDGE('',*,*,#1434,.F.);
#2035=ORIENTED_EDGE('',*,*,#1182,.F.);
#2036=ORIENTED_EDGE('',*,*,#1435,.F.);
#2037=ORIENTED_EDGE('',*,*,#1407,.F.);
#2038=ORIENTED_EDGE('',*,*,#1408,.T.);
#2039=ORIENTED_EDGE('',*,*,#1435,.T.);
#2040=ORIENTED_EDGE('',*,*,#1189,.T.);
#2041=ORIENTED_EDGE('',*,*,#1436,.T.);
#2042=ORIENTED_EDGE('',*,*,#1401,.F.);
#2043=ORIENTED_EDGE('',*,*,#1409,.F.);
#2044=ORIENTED_EDGE('',*,*,#1436,.F.);
#2045=ORIENTED_EDGE('',*,*,#1188,.F.);
#2046=ORIENTED_EDGE('',*,*,#1281,.T.);
#2047=ORIENTED_EDGE('',*,*,#1372,.T.);
#2048=ORIENTED_EDGE('',*,*,#1170,.T.);
#2049=ORIENTED_EDGE('',*,*,#1437,.T.);
#2050=ORIENTED_EDGE('',*,*,#1276,.T.);
#2051=ORIENTED_EDGE('',*,*,#1284,.F.);
#2052=ORIENTED_EDGE('',*,*,#1438,.F.);
#2053=ORIENTED_EDGE('',*,*,#1167,.F.);
#2054=ORIENTED_EDGE('',*,*,#1283,.T.);
#2055=ORIENTED_EDGE('',*,*,#1439,.T.);
#2056=ORIENTED_EDGE('',*,*,#1168,.T.);
#2057=ORIENTED_EDGE('',*,*,#1438,.T.);
#2058=ORIENTED_EDGE('',*,*,#1437,.F.);
#2059=ORIENTED_EDGE('',*,*,#1169,.F.);
#2060=ORIENTED_EDGE('',*,*,#1439,.F.);
#2061=ORIENTED_EDGE('',*,*,#1282,.F.);
#2062=ORIENTED_EDGE('',*,*,#1412,.F.);
#2063=ORIENTED_EDGE('',*,*,#1420,.F.);
#2064=ORIENTED_EDGE('',*,*,#1424,.F.);
#2065=ORIENTED_EDGE('',*,*,#1176,.F.);
#2066=ORIENTED_EDGE('',*,*,#1422,.F.);
#2067=ORIENTED_EDGE('',*,*,#1180,.F.);
#2068=ORIENTED_EDGE('',*,*,#1426,.F.);
#2069=ORIENTED_EDGE('',*,*,#1416,.F.);
#2070=ORIENTED_EDGE('',*,*,#1432,.F.);
#2071=ORIENTED_EDGE('',*,*,#1184,.F.);
#2072=ORIENTED_EDGE('',*,*,#1433,.F.);
#2073=ORIENTED_EDGE('',*,*,#1405,.F.);
#2074=ORIENTED_EDGE('',*,*,#1385,.F.);
#2075=ORIENTED_EDGE('',*,*,#1393,.F.);
#2076=ORIENTED_EDGE('',*,*,#1397,.F.);
#2077=ORIENTED_EDGE('',*,*,#1190,.F.);
#2078=ORIENTED_EDGE('',*,*,#1395,.F.);
#2079=ORIENTED_EDGE('',*,*,#1194,.F.);
#2080=ORIENTED_EDGE('',*,*,#1399,.F.);
#2081=ORIENTED_EDGE('',*,*,#1389,.F.);
#2082=ORIENTED_EDGE('',*,*,#1375,.F.);
#2083=ORIENTED_EDGE('',*,*,#1198,.F.);
#2084=ORIENTED_EDGE('',*,*,#1427,.F.);
#2085=ORIENTED_EDGE('',*,*,#1378,.F.);
#2086=ORIENTED_EDGE('',*,*,#1430,.F.);
#2087=ORIENTED_EDGE('',*,*,#1202,.F.);
#2088=ORIENTED_EDGE('',*,*,#1431,.F.);
#2089=ORIENTED_EDGE('',*,*,#1382,.F.);
#2090=CYLINDRICAL_SURFACE('',#2262,1.25);
#2091=CYLINDRICAL_SURFACE('',#2265,1.25);
#2092=CYLINDRICAL_SURFACE('',#2268,1.25);
#2093=CYLINDRICAL_SURFACE('',#2271,1.25);
#2094=CYLINDRICAL_SURFACE('',#2283,2.);
#2095=CYLINDRICAL_SURFACE('',#2285,2.);
#2096=CYLINDRICAL_SURFACE('',#2286,2.);
#2097=CYLINDRICAL_SURFACE('',#2288,2.);
#2098=CYLINDRICAL_SURFACE('',#2290,2.);
#2099=CYLINDRICAL_SURFACE('',#2324,5.);
#2100=CYLINDRICAL_SURFACE('',#2326,26.);
#2101=CYLINDRICAL_SURFACE('',#2332,25.);
#2102=CYLINDRICAL_SURFACE('',#2343,17.9489475300451);
#2103=CYLINDRICAL_SURFACE('',#2344,12.5);
#2104=CYLINDRICAL_SURFACE('',#2360,7.5);
#2105=CYLINDRICAL_SURFACE('',#2381,3.5);
#2106=CYLINDRICAL_SURFACE('',#2384,3.5);
#2107=CYLINDRICAL_SURFACE('',#2387,3.5);
#2108=CYLINDRICAL_SURFACE('',#2390,3.5);
#2109=CYLINDRICAL_SURFACE('',#2393,7.5);
#2110=CYLINDRICAL_SURFACE('',#2397,7.5);
#2111=CYLINDRICAL_SURFACE('',#2401,10.);
#2112=CYLINDRICAL_SURFACE('',#2405,10.);
#2113=CYLINDRICAL_SURFACE('',#2410,67.);
#2114=CYLINDRICAL_SURFACE('',#2411,1.25);
#2115=CYLINDRICAL_SURFACE('',#2412,1.25);
#2116=CYLINDRICAL_SURFACE('',#2413,1.25);
#2117=CYLINDRICAL_SURFACE('',#2414,1.25);
#2118=CYLINDRICAL_SURFACE('',#2415,6.);
#2119=CYLINDRICAL_SURFACE('',#2417,5.);
#2120=CYLINDRICAL_SURFACE('',#2420,5.);
#2121=CYLINDRICAL_SURFACE('',#2425,2.35359299999999);
#2122=CYLINDRICAL_SURFACE('',#2427,2.35359300000001);
#2123=CYLINDRICAL_SURFACE('',#2429,2.35359299999999);
#2124=CYLINDRICAL_SURFACE('',#2430,2.35359299999999);
#2125=CYLINDRICAL_SURFACE('',#2432,1.3);
#2126=CYLINDRICAL_SURFACE('',#2434,1.3);
#2127=CYLINDRICAL_SURFACE('',#2441,1.3);
#2128=CYLINDRICAL_SURFACE('',#2448,1.3);
#2129=CYLINDRICAL_SURFACE('',#2449,1.3);
#2130=CYLINDRICAL_SURFACE('',#2451,1.3);
#2131=CYLINDRICAL_SURFACE('',#2452,1.3);
#2132=CYLINDRICAL_SURFACE('',#2459,1.3);
#2133=CYLINDRICAL_SURFACE('',#2466,1.3);
#2134=CYLINDRICAL_SURFACE('',#2467,1.3);
#2135=CYLINDRICAL_SURFACE('',#2469,1.3);
#2136=CYLINDRICAL_SURFACE('',#2470,1.3);
#2137=CYLINDRICAL_SURFACE('',#2472,1.3);
#2138=CYLINDRICAL_SURFACE('',#2473,1.3);
#2139=CYLINDRICAL_SURFACE('',#2474,1.3);
#2140=CYLINDRICAL_SURFACE('',#2475,1.3);
#2141=CYLINDRICAL_SURFACE('',#2477,1.3);
#2142=CYLINDRICAL_SURFACE('',#2479,1.3);
#2143=CYLINDRICAL_SURFACE('',#2481,1.3);
#2144=ADVANCED_FACE('',(#113),#2090,.F.);
#2145=ADVANCED_FACE('',(#114),#2091,.F.);
#2146=ADVANCED_FACE('',(#115),#2092,.F.);
#2147=ADVANCED_FACE('',(#116),#2093,.F.);
#2148=ADVANCED_FACE('',(#117),#112,.T.);
#2149=ADVANCED_FACE('',(#118),#111,.F.);
#2150=ADVANCED_FACE('',(#119),#2094,.F.);
#2151=ADVANCED_FACE('',(#120),#2095,.T.);
#2152=ADVANCED_FACE('',(#121),#2096,.F.);
#2153=ADVANCED_FACE('',(#122),#2097,.T.);
#2154=ADVANCED_FACE('',(#123),#2098,.T.);
#2155=ADVANCED_FACE('',(#124),#52,.F.);
#2156=ADVANCED_FACE('',(#125,#22,#23,#24,#25,#26),#53,.F.);
#2157=ADVANCED_FACE('',(#126),#54,.F.);
#2158=ADVANCED_FACE('',(#127),#55,.T.);
#2159=ADVANCED_FACE('',(#128),#56,.T.);
#2160=ADVANCED_FACE('',(#129),#57,.T.);
#2161=ADVANCED_FACE('',(#130),#2099,.F.);
#2162=ADVANCED_FACE('',(#131),#2100,.T.);
#2163=ADVANCED_FACE('',(#132,#27,#28,#29),#58,.T.);
#2164=ADVANCED_FACE('',(#133),#2101,.T.);
#2165=ADVANCED_FACE('',(#134,#30,#31,#32),#59,.T.);
#2166=ADVANCED_FACE('',(#135),#60,.T.);
#2167=ADVANCED_FACE('',(#136),#61,.T.);
#2168=ADVANCED_FACE('',(#137),#2102,.F.);
#2169=ADVANCED_FACE('',(#138),#2103,.T.);
#2170=ADVANCED_FACE('',(#139),#62,.T.);
#2171=ADVANCED_FACE('',(#140,#33),#63,.T.);
#2172=ADVANCED_FACE('',(#141),#64,.T.);
#2173=ADVANCED_FACE('',(#142,#34,#35),#65,.T.);
#2174=ADVANCED_FACE('',(#143),#66,.T.);
#2175=ADVANCED_FACE('',(#144),#67,.F.);
#2176=ADVANCED_FACE('',(#145),#68,.F.);
#2177=ADVANCED_FACE('',(#146),#69,.F.);
#2178=ADVANCED_FACE('',(#147),#2104,.F.);
#2179=ADVANCED_FACE('',(#148),#70,.T.);
#2180=ADVANCED_FACE('',(#149),#71,.T.);
#2181=ADVANCED_FACE('',(#150,#36,#37,#38,#39,#40,#41,#42,#43,#44,#45,#46,
#47),#72,.T.);
#2182=ADVANCED_FACE('',(#151),#73,.T.);
#2183=ADVANCED_FACE('',(#152),#2105,.F.);
#2184=ADVANCED_FACE('',(#153),#74,.F.);
#2185=ADVANCED_FACE('',(#154),#2106,.F.);
#2186=ADVANCED_FACE('',(#155),#75,.F.);
#2187=ADVANCED_FACE('',(#156),#2107,.F.);
#2188=ADVANCED_FACE('',(#157),#76,.F.);
#2189=ADVANCED_FACE('',(#158),#2108,.F.);
#2190=ADVANCED_FACE('',(#159),#77,.F.);
#2191=ADVANCED_FACE('',(#160),#2109,.F.);
#2192=ADVANCED_FACE('',(#161,#48),#78,.T.);
#2193=ADVANCED_FACE('',(#162),#2110,.F.);
#2194=ADVANCED_FACE('',(#163),#79,.T.);
#2195=ADVANCED_FACE('',(#164),#2111,.F.);
#2196=ADVANCED_FACE('',(#165),#80,.T.);
#2197=ADVANCED_FACE('',(#166),#2112,.T.);
#2198=ADVANCED_FACE('',(#167),#15,.F.);
#2199=ADVANCED_FACE('',(#168),#81,.T.);
#2200=ADVANCED_FACE('',(#169),#82,.T.);
#2201=ADVANCED_FACE('',(#170),#2113,.F.);
#2202=ADVANCED_FACE('',(#171),#2114,.F.);
#2203=ADVANCED_FACE('',(#172),#2115,.F.);
#2204=ADVANCED_FACE('',(#173),#2116,.F.);
#2205=ADVANCED_FACE('',(#174),#2117,.F.);
#2206=ADVANCED_FACE('',(#175),#2118,.F.);
#2207=ADVANCED_FACE('',(#176),#83,.T.);
#2208=ADVANCED_FACE('',(#177),#2119,.T.);
#2209=ADVANCED_FACE('',(#178),#84,.T.);
#2210=ADVANCED_FACE('',(#179),#2120,.T.);
#2211=ADVANCED_FACE('',(#180),#85,.T.);
#2212=ADVANCED_FACE('',(#181),#86,.T.);
#2213=ADVANCED_FACE('',(#182),#87,.T.);
#2214=ADVANCED_FACE('',(#183),#2121,.F.);
#2215=ADVANCED_FACE('',(#184),#2122,.F.);
#2216=ADVANCED_FACE('',(#185),#2123,.F.);
#2217=ADVANCED_FACE('',(#186),#2124,.F.);
#2218=ADVANCED_FACE('',(#187),#2125,.T.);
#2219=ADVANCED_FACE('',(#188),#88,.T.);
#2220=ADVANCED_FACE('',(#189),#2126,.T.);
#2221=ADVANCED_FACE('',(#190),#89,.T.);
#2222=ADVANCED_FACE('',(#191),#90,.T.);
#2223=ADVANCED_FACE('',(#192),#2127,.T.);
#2224=ADVANCED_FACE('',(#193,#49),#91,.T.);
#2225=ADVANCED_FACE('',(#194),#92,.T.);
#2226=ADVANCED_FACE('',(#195),#2128,.T.);
#2227=ADVANCED_FACE('',(#196),#2129,.T.);
#2228=ADVANCED_FACE('',(#197),#93,.T.);
#2229=ADVANCED_FACE('',(#198),#2130,.T.);
#2230=ADVANCED_FACE('',(#199),#2131,.T.);
#2231=ADVANCED_FACE('',(#200,#50),#94,.T.);
#2232=ADVANCED_FACE('',(#201),#95,.T.);
#2233=ADVANCED_FACE('',(#202),#2132,.T.);
#2234=ADVANCED_FACE('',(#203,#51),#96,.T.);
#2235=ADVANCED_FACE('',(#204),#97,.T.);
#2236=ADVANCED_FACE('',(#205),#2133,.T.);
#2237=ADVANCED_FACE('',(#206),#2134,.T.);
#2238=ADVANCED_FACE('',(#207),#98,.T.);
#2239=ADVANCED_FACE('',(#208),#2135,.T.);
#2240=ADVANCED_FACE('',(#209),#2136,.T.);
#2241=ADVANCED_FACE('',(#210),#99,.T.);
#2242=ADVANCED_FACE('',(#211),#2137,.T.);
#2243=ADVANCED_FACE('',(#212),#2138,.T.);
#2244=ADVANCED_FACE('',(#213),#2139,.T.);
#2245=ADVANCED_FACE('',(#214),#2140,.T.);
#2246=ADVANCED_FACE('',(#215),#100,.T.);
#2247=ADVANCED_FACE('',(#216),#2141,.T.);
#2248=ADVANCED_FACE('',(#217),#101,.T.);
#2249=ADVANCED_FACE('',(#218),#2142,.T.);
#2250=ADVANCED_FACE('',(#219),#102,.T.);
#2251=ADVANCED_FACE('',(#220),#2143,.T.);
#2252=ADVANCED_FACE('',(#221),#103,.T.);
#2253=ADVANCED_FACE('',(#222),#104,.T.);
#2254=ADVANCED_FACE('',(#223),#105,.T.);
#2255=ADVANCED_FACE('',(#224),#106,.T.);
#2256=ADVANCED_FACE('',(#225),#107,.T.);
#2257=ADVANCED_FACE('',(#226),#108,.T.);
#2258=ADVANCED_FACE('',(#227),#109,.T.);
#2259=ADVANCED_FACE('',(#228),#110,.T.);
#2260=CLOSED_SHELL('',(#2144,#2145,#2146,#2147,#2148,#2149,#2150,#2151,
#2152,#2153,#2154,#2155,#2156,#2157,#2158,#2159,#2160,#2161,#2162,#2163,
#2164,#2165,#2166,#2167,#2168,#2169,#2170,#2171,#2172,#2173,#2174,#2175,
#2176,#2177,#2178,#2179,#2180,#2181,#2182,#2183,#2184,#2185,#2186,#2187,
#2188,#2189,#2190,#2191,#2192,#2193,#2194,#2195,#2196,#2197,#2198,#2199,
#2200,#2201,#2202,#2203,#2204,#2205,#2206,#2207,#2208,#2209,#2210,#2211,
#2212,#2213,#2214,#2215,#2216,#2217,#2218,#2219,#2220,#2221,#2222,#2223,
#2224,#2225,#2226,#2227,#2228,#2229,#2230,#2231,#2232,#2233,#2234,#2235,
#2236,#2237,#2238,#2239,#2240,#2241,#2242,#2243,#2244,#2245,#2246,#2247,
#2248,#2249,#2250,#2251,#2252,#2253,#2254,#2255,#2256,#2257,#2258,#2259));
#2261=AXIS2_PLACEMENT_3D('',#3154,#2490,#2491);
#2262=AXIS2_PLACEMENT_3D('',#3155,#2492,#2493);
#2263=AXIS2_PLACEMENT_3D('',#3157,#2494,#2495);
#2264=AXIS2_PLACEMENT_3D('',#3160,#2497,#2498);
#2265=AXIS2_PLACEMENT_3D('',#3161,#2499,#2500);
#2266=AXIS2_PLACEMENT_3D('',#3163,#2501,#2502);
#2267=AXIS2_PLACEMENT_3D('',#3166,#2504,#2505);
#2268=AXIS2_PLACEMENT_3D('',#3167,#2506,#2507);
#2269=AXIS2_PLACEMENT_3D('',#3169,#2508,#2509);
#2270=AXIS2_PLACEMENT_3D('',#3172,#2511,#2512);
#2271=AXIS2_PLACEMENT_3D('',#3173,#2513,#2514);
#2272=AXIS2_PLACEMENT_3D('',#3175,#2515,#2516);
#2273=AXIS2_PLACEMENT_3D('',#3178,#2518,#2519);
#2274=AXIS2_PLACEMENT_3D('',#3179,#2520,#2521);
#2275=AXIS2_PLACEMENT_3D('',#3182,#2522,#2523);
#2276=AXIS2_PLACEMENT_3D('',#3184,#2524,#2525);
#2277=AXIS2_PLACEMENT_3D('',#3185,#2526,#2527);
#2278=AXIS2_PLACEMENT_3D('',#3186,#2528,#2529);
#2279=AXIS2_PLACEMENT_3D('',#3189,#2530,#2531);
#2280=AXIS2_PLACEMENT_3D('',#3191,#2532,#2533);
#2281=AXIS2_PLACEMENT_3D('',#3193,#2534,#2535);
#2282=AXIS2_PLACEMENT_3D('',#3194,#2536,#2537);
#2283=AXIS2_PLACEMENT_3D('',#3195,#2538,#2539);
#2284=AXIS2_PLACEMENT_3D('',#3198,#2540,#2541);
#2285=AXIS2_PLACEMENT_3D('',#3201,#2544,#2545);
#2286=AXIS2_PLACEMENT_3D('',#3204,#2548,#2549);
#2287=AXIS2_PLACEMENT_3D('',#3207,#2550,#2551);
#2288=AXIS2_PLACEMENT_3D('',#3210,#2554,#2555);
#2289=AXIS2_PLACEMENT_3D('',#3213,#2556,#2557);
#2290=AXIS2_PLACEMENT_3D('',#3216,#2560,#2561);
#2291=AXIS2_PLACEMENT_3D('',#3219,#2562,#2563);
#2292=AXIS2_PLACEMENT_3D('',#3222,#2566,#2567);
#2293=AXIS2_PLACEMENT_3D('',#3233,#2574,#2575);
#2294=AXIS2_PLACEMENT_3D('',#3237,#2577,#2578);
#2295=AXIS2_PLACEMENT_3D('',#3241,#2580,#2581);
#2296=AXIS2_PLACEMENT_3D('',#3245,#2583,#2584);
#2297=AXIS2_PLACEMENT_3D('',#3249,#2586,#2587);
#2298=AXIS2_PLACEMENT_3D('',#3252,#2589,#2590);
#2299=AXIS2_PLACEMENT_3D('',#3257,#2592,#2593);
#2300=AXIS2_PLACEMENT_3D('',#3263,#2596,#2597);
#2301=AXIS2_PLACEMENT_3D('',#3267,#2599,#2600);
#2302=AXIS2_PLACEMENT_3D('',#3271,#2602,#2603);
#2303=AXIS2_PLACEMENT_3D('',#3277,#2606,#2607);
#2304=AXIS2_PLACEMENT_3D('',#3281,#2609,#2610);
#2305=AXIS2_PLACEMENT_3D('',#3285,#2612,#2613);
#2306=AXIS2_PLACEMENT_3D('',#3288,#2615,#2616);
#2307=AXIS2_PLACEMENT_3D('',#3293,#2618,#2619);
#2308=AXIS2_PLACEMENT_3D('',#3297,#2621,#2622);
#2309=AXIS2_PLACEMENT_3D('',#3301,#2624,#2625);
#2310=AXIS2_PLACEMENT_3D('',#3304,#2627,#2628);
#2311=AXIS2_PLACEMENT_3D('',#3309,#2630,#2631);
#2312=AXIS2_PLACEMENT_3D('',#3313,#2633,#2634);
#2313=AXIS2_PLACEMENT_3D('',#3317,#2636,#2637);
#2314=AXIS2_PLACEMENT_3D('',#3320,#2639,#2640);
#2315=AXIS2_PLACEMENT_3D('',#3325,#2642,#2643);
#2316=AXIS2_PLACEMENT_3D('',#3329,#2645,#2646);
#2317=AXIS2_PLACEMENT_3D('',#3333,#2648,#2649);
#2318=AXIS2_PLACEMENT_3D('',#3336,#2651,#2652);
#2319=AXIS2_PLACEMENT_3D('',#3337,#2653,#2654);
#2320=AXIS2_PLACEMENT_3D('',#3350,#2662,#2663);
#2321=AXIS2_PLACEMENT_3D('',#3351,#2664,#2665);
#2322=AXIS2_PLACEMENT_3D('',#3352,#2666,#2667);
#2323=AXIS2_PLACEMENT_3D('',#3353,#2668,#2669);
#2324=AXIS2_PLACEMENT_3D('',#3354,#2670,#2671);
#2325=AXIS2_PLACEMENT_3D('',#3356,#2672,#2673);
#2326=AXIS2_PLACEMENT_3D('',#3358,#2675,#2676);
#2327=AXIS2_PLACEMENT_3D('',#3362,#2678,#2679);
#2328=AXIS2_PLACEMENT_3D('',#3364,#2681,#2682);
#2329=AXIS2_PLACEMENT_3D('',#3370,#2685,#2686);
#2330=AXIS2_PLACEMENT_3D('',#3377,#2690,#2691);
#2331=AXIS2_PLACEMENT_3D('',#3379,#2692,#2693);
#2332=AXIS2_PLACEMENT_3D('',#3380,#2694,#2695);
#2333=AXIS2_PLACEMENT_3D('',#3383,#2696,#2697);
#2334=AXIS2_PLACEMENT_3D('',#3387,#2699,#2700);
#2335=AXIS2_PLACEMENT_3D('',#3391,#2702,#2703);
#2336=AXIS2_PLACEMENT_3D('',#3393,#2705,#2706);
#2337=AXIS2_PLACEMENT_3D('',#3396,#2708,#2709);
#2338=AXIS2_PLACEMENT_3D('',#3398,#2710,#2711);
#2339=AXIS2_PLACEMENT_3D('',#3405,#2715,#2716);
#2340=AXIS2_PLACEMENT_3D('',#3407,#2717,#2718);
#2341=AXIS2_PLACEMENT_3D('',#3408,#2719,#2720);
#2342=AXIS2_PLACEMENT_3D('',#3411,#2723,#2724);
#2343=AXIS2_PLACEMENT_3D('',#3415,#2727,#2728);
#2344=AXIS2_PLACEMENT_3D('',#3416,#2729,#2730);
#2345=AXIS2_PLACEMENT_3D('',#3419,#2731,#2732);
#2346=AXIS2_PLACEMENT_3D('',#3423,#2734,#2735);
#2347=AXIS2_PLACEMENT_3D('',#3426,#2738,#2739);
#2348=AXIS2_PLACEMENT_3D('',#3430,#2742,#2743);
#2349=AXIS2_PLACEMENT_3D('',#3438,#2747,#2748);
#2350=AXIS2_PLACEMENT_3D('',#3446,#2752,#2753);
#2351=AXIS2_PLACEMENT_3D('',#3450,#2755,#2756);
#2352=AXIS2_PLACEMENT_3D('',#3454,#2758,#2759);
#2353=AXIS2_PLACEMENT_3D('',#3457,#2761,#2762);
#2354=AXIS2_PLACEMENT_3D('',#3458,#2763,#2764);
#2355=AXIS2_PLACEMENT_3D('',#3462,#2767,#2768);
#2356=AXIS2_PLACEMENT_3D('',#3465,#2771,#2772);
#2357=AXIS2_PLACEMENT_3D('',#3467,#2774,#2775);
#2358=AXIS2_PLACEMENT_3D('',#3468,#2776,#2777);
#2359=AXIS2_PLACEMENT_3D('',#3474,#2781,#2782);
#2360=AXIS2_PLACEMENT_3D('',#3480,#2786,#2787);
#2361=AXIS2_PLACEMENT_3D('',#3482,#2789,#2790);
#2362=AXIS2_PLACEMENT_3D('',#3486,#2792,#2793);
#2363=AXIS2_PLACEMENT_3D('',#3490,#2795,#2796);
#2364=AXIS2_PLACEMENT_3D('',#3494,#2798,#2799);
#2365=AXIS2_PLACEMENT_3D('',#3497,#2801,#2802);
#2366=AXIS2_PLACEMENT_3D('',#3498,#2803,#2804);
#2367=AXIS2_PLACEMENT_3D('',#3499,#2805,#2806);
#2368=AXIS2_PLACEMENT_3D('',#3501,#2808,#2809);
#2369=AXIS2_PLACEMENT_3D('',#3505,#2811,#2812);
#2370=AXIS2_PLACEMENT_3D('',#3508,#2814,#2815);
#2371=AXIS2_PLACEMENT_3D('',#3510,#2816,#2817);
#2372=AXIS2_PLACEMENT_3D('',#3512,#2818,#2819);
#2373=AXIS2_PLACEMENT_3D('',#3514,#2820,#2821);
#2374=AXIS2_PLACEMENT_3D('',#3516,#2822,#2823);
#2375=AXIS2_PLACEMENT_3D('',#3518,#2824,#2825);
#2376=AXIS2_PLACEMENT_3D('',#3520,#2826,#2827);
#2377=AXIS2_PLACEMENT_3D('',#3522,#2828,#2829);
#2378=AXIS2_PLACEMENT_3D('',#3524,#2830,#2831);
#2379=AXIS2_PLACEMENT_3D('',#3525,#2832,#2833);
#2380=AXIS2_PLACEMENT_3D('',#3529,#2835,#2836);
#2381=AXIS2_PLACEMENT_3D('',#3533,#2839,#2840);
#2382=AXIS2_PLACEMENT_3D('',#3537,#2842,#2843);
#2383=AXIS2_PLACEMENT_3D('',#3539,#2845,#2846);
#2384=AXIS2_PLACEMENT_3D('',#3543,#2849,#2850);
#2385=AXIS2_PLACEMENT_3D('',#3547,#2852,#2853);
#2386=AXIS2_PLACEMENT_3D('',#3549,#2855,#2856);
#2387=AXIS2_PLACEMENT_3D('',#3553,#2859,#2860);
#2388=AXIS2_PLACEMENT_3D('',#3556,#2862,#2863);
#2389=AXIS2_PLACEMENT_3D('',#3557,#2864,#2865);
#2390=AXIS2_PLACEMENT_3D('',#3559,#2867,#2868);
#2391=AXIS2_PLACEMENT_3D('',#3562,#2870,#2871);
#2392=AXIS2_PLACEMENT_3D('',#3563,#2872,#2873);
#2393=AXIS2_PLACEMENT_3D('',#3565,#2875,#2876);
#2394=AXIS2_PLACEMENT_3D('',#3578,#2879,#2880);
#2395=AXIS2_PLACEMENT_3D('',#3591,#2881,#2882);
#2396=AXIS2_PLACEMENT_3D('',#3597,#2885,#2886);
#2397=AXIS2_PLACEMENT_3D('',#3599,#2888,#2889);
#2398=AXIS2_PLACEMENT_3D('',#3603,#2891,#2892);
#2399=AXIS2_PLACEMENT_3D('',#3605,#2894,#2895);
#2400=AXIS2_PLACEMENT_3D('',#3609,#2897,#2898);
#2401=AXIS2_PLACEMENT_3D('',#3611,#2900,#2901);
#2402=AXIS2_PLACEMENT_3D('',#3614,#2902,#2903);
#2403=AXIS2_PLACEMENT_3D('',#3617,#2905,#2906);
#2404=AXIS2_PLACEMENT_3D('',#3628,#2908,#2909);
#2405=AXIS2_PLACEMENT_3D('',#3634,#2913,#2914);
#2406=AXIS2_PLACEMENT_3D('',#3636,#2915,#2916);
#2407=AXIS2_PLACEMENT_3D('',#3638,#2917,#2918);
#2408=AXIS2_PLACEMENT_3D('',#3690,#2920,#2921);
#2409=AXIS2_PLACEMENT_3D('',#3692,#2923,#2924);
#2410=AXIS2_PLACEMENT_3D('',#3697,#2928,#2929);
#2411=AXIS2_PLACEMENT_3D('',#3700,#2932,#2933);
#2412=AXIS2_PLACEMENT_3D('',#3702,#2935,#2936);
#2413=AXIS2_PLACEMENT_3D('',#3704,#2938,#2939);
#2414=AXIS2_PLACEMENT_3D('',#3706,#2941,#2942);
#2415=AXIS2_PLACEMENT_3D('',#3708,#2944,#2945);
#2416=AXIS2_PLACEMENT_3D('',#3711,#2948,#2949);
#2417=AXIS2_PLACEMENT_3D('',#3712,#2950,#2951);
#2418=AXIS2_PLACEMENT_3D('',#3713,#2952,#2953);
#2419=AXIS2_PLACEMENT_3D('',#3714,#2954,#2955);
#2420=AXIS2_PLACEMENT_3D('',#3715,#2956,#2957);
#2421=AXIS2_PLACEMENT_3D('',#3716,#2958,#2959);
#2422=AXIS2_PLACEMENT_3D('',#3717,#2960,#2961);
#2423=AXIS2_PLACEMENT_3D('',#3718,#2962,#2963);
#2424=AXIS2_PLACEMENT_3D('',#3720,#2965,#2966);
#2425=AXIS2_PLACEMENT_3D('',#3721,#2967,#2968);
#2426=AXIS2_PLACEMENT_3D('',#3723,#2969,#2970);
#2427=AXIS2_PLACEMENT_3D('',#3725,#2972,#2973);
#2428=AXIS2_PLACEMENT_3D('',#3727,#2974,#2975);
#2429=AXIS2_PLACEMENT_3D('',#3729,#2977,#2978);
#2430=AXIS2_PLACEMENT_3D('',#3731,#2980,#2981);
#2431=AXIS2_PLACEMENT_3D('',#3733,#2982,#2983);
#2432=AXIS2_PLACEMENT_3D('',#3735,#2985,#2986);
#2433=AXIS2_PLACEMENT_3D('',#3737,#2988,#2989);
#2434=AXIS2_PLACEMENT_3D('',#3739,#2991,#2992);
#2435=AXIS2_PLACEMENT_3D('',#3742,#2993,#2994);
#2436=AXIS2_PLACEMENT_3D('',#3745,#2997,#2998);
#2437=AXIS2_PLACEMENT_3D('',#3749,#3001,#3002);
#2438=AXIS2_PLACEMENT_3D('',#3753,#3004,#3005);
#2439=AXIS2_PLACEMENT_3D('',#3757,#3007,#3008);
#2440=AXIS2_PLACEMENT_3D('',#3760,#3010,#3011);
#2441=AXIS2_PLACEMENT_3D('',#3761,#3012,#3013);
#2442=AXIS2_PLACEMENT_3D('',#3764,#3014,#3015);
#2443=AXIS2_PLACEMENT_3D('',#3767,#3018,#3019);
#2444=AXIS2_PLACEMENT_3D('',#3771,#3021,#3022);
#2445=AXIS2_PLACEMENT_3D('',#3775,#3024,#3025);
#2446=AXIS2_PLACEMENT_3D('',#3779,#3027,#3028);
#2447=AXIS2_PLACEMENT_3D('',#3781,#3030,#3031);
#2448=AXIS2_PLACEMENT_3D('',#3783,#3033,#3034);
#2449=AXIS2_PLACEMENT_3D('',#3785,#3036,#3037);
#2450=AXIS2_PLACEMENT_3D('',#3788,#3040,#3041);
#2451=AXIS2_PLACEMENT_3D('',#3790,#3043,#3044);
#2452=AXIS2_PLACEMENT_3D('',#3792,#3046,#3047);
#2453=AXIS2_PLACEMENT_3D('',#3795,#3048,#3049);
#2454=AXIS2_PLACEMENT_3D('',#3798,#3052,#3053);
#2455=AXIS2_PLACEMENT_3D('',#3802,#3055,#3056);
#2456=AXIS2_PLACEMENT_3D('',#3806,#3058,#3059);
#2457=AXIS2_PLACEMENT_3D('',#3810,#3061,#3062);
#2458=AXIS2_PLACEMENT_3D('',#3812,#3064,#3065);
#2459=AXIS2_PLACEMENT_3D('',#3814,#3067,#3068);
#2460=AXIS2_PLACEMENT_3D('',#3817,#3069,#3070);
#2461=AXIS2_PLACEMENT_3D('',#3820,#3073,#3074);
#2462=AXIS2_PLACEMENT_3D('',#3824,#3076,#3077);
#2463=AXIS2_PLACEMENT_3D('',#3828,#3079,#3080);
#2464=AXIS2_PLACEMENT_3D('',#3832,#3082,#3083);
#2465=AXIS2_PLACEMENT_3D('',#3834,#3085,#3086);
#2466=AXIS2_PLACEMENT_3D('',#3836,#3088,#3089);
#2467=AXIS2_PLACEMENT_3D('',#3838,#3091,#3092);
#2468=AXIS2_PLACEMENT_3D('',#3841,#3095,#3096);
#2469=AXIS2_PLACEMENT_3D('',#3843,#3098,#3099);
#2470=AXIS2_PLACEMENT_3D('',#3845,#3101,#3102);
#2471=AXIS2_PLACEMENT_3D('',#3848,#3105,#3106);
#2472=AXIS2_PLACEMENT_3D('',#3850,#3108,#3109);
#2473=AXIS2_PLACEMENT_3D('',#3852,#3111,#3112);
#2474=AXIS2_PLACEMENT_3D('',#3854,#3114,#3115);
#2475=AXIS2_PLACEMENT_3D('',#3856,#3117,#3118);
#2476=AXIS2_PLACEMENT_3D('',#3859,#3121,#3122);
#2477=AXIS2_PLACEMENT_3D('',#3861,#3124,#3125);
#2478=AXIS2_PLACEMENT_3D('',#3863,#3127,#3128);
#2479=AXIS2_PLACEMENT_3D('',#3864,#3129,#3130);
#2480=AXIS2_PLACEMENT_3D('',#3866,#3132,#3133);
#2481=AXIS2_PLACEMENT_3D('',#3868,#3135,#3136);
#2482=AXIS2_PLACEMENT_3D('',#3870,#3138,#3139);
#2483=AXIS2_PLACEMENT_3D('',#3871,#3140,#3141);
#2484=AXIS2_PLACEMENT_3D('',#3872,#3142,#3143);
#2485=AXIS2_PLACEMENT_3D('',#3873,#3144,#3145);
#2486=AXIS2_PLACEMENT_3D('',#3874,#3146,#3147);
#2487=AXIS2_PLACEMENT_3D('',#3875,#3148,#3149);
#2488=AXIS2_PLACEMENT_3D('',#3876,#3150,#3151);
#2489=AXIS2_PLACEMENT_3D('',#3877,#3152,#3153);
#2490=DIRECTION('axis',(0.,0.,1.));
#2491=DIRECTION('refdir',(1.,0.,0.));
#2492=DIRECTION('center_axis',(0.,0.,-1.));
#2493=DIRECTION('ref_axis',(-1.,0.,0.));
#2494=DIRECTION('center_axis',(0.,0.,-1.));
#2495=DIRECTION('ref_axis',(-1.,0.,0.));
#2496=DIRECTION('',(0.,0.,-1.));
#2497=DIRECTION('center_axis',(0.,0.,1.));
#2498=DIRECTION('ref_axis',(-1.,0.,0.));
#2499=DIRECTION('center_axis',(0.,0.,-1.));
#2500=DIRECTION('ref_axis',(-1.,0.,0.));
#2501=DIRECTION('center_axis',(0.,0.,-1.));
#2502=DIRECTION('ref_axis',(-1.,0.,0.));
#2503=DIRECTION('',(0.,0.,-1.));
#2504=DIRECTION('center_axis',(0.,0.,1.));
#2505=DIRECTION('ref_axis',(-1.,0.,0.));
#2506=DIRECTION('center_axis',(0.,0.,-1.));
#2507=DIRECTION('ref_axis',(-1.,0.,0.));
#2508=DIRECTION('center_axis',(0.,0.,-1.));
#2509=DIRECTION('ref_axis',(-1.,0.,0.));
#2510=DIRECTION('',(0.,0.,-1.));
#2511=DIRECTION('center_axis',(0.,0.,1.));
#2512=DIRECTION('ref_axis',(-1.,0.,0.));
#2513=DIRECTION('center_axis',(0.,0.,-1.));
#2514=DIRECTION('ref_axis',(-1.,0.,0.));
#2515=DIRECTION('center_axis',(0.,0.,-1.));
#2516=DIRECTION('ref_axis',(-1.,0.,0.));
#2517=DIRECTION('',(0.,0.,-1.));
#2518=DIRECTION('center_axis',(0.,0.,1.));
#2519=DIRECTION('ref_axis',(-1.,0.,0.));
#2520=DIRECTION('center_axis',(-0.40824829046386,-0.816496580927728,0.408248290463863));
#2521=DIRECTION('ref_axis',(-0.577350269189625,0.577350269189625,0.577350269189627));
#2522=DIRECTION('center_axis',(-1.,0.,0.));
#2523=DIRECTION('ref_axis',(0.,1.,0.));
#2524=DIRECTION('center_axis',(0.,0.,1.));
#2525=DIRECTION('ref_axis',(-1.,0.,0.));
#2526=DIRECTION('center_axis',(0.,1.,0.));
#2527=DIRECTION('ref_axis',(0.,0.,1.));
#2528=DIRECTION('center_axis',(0.,0.,1.));
#2529=DIRECTION('ref_axis',(1.,0.,0.));
#2530=DIRECTION('center_axis',(0.,0.,1.));
#2531=DIRECTION('ref_axis',(-0.707106781186548,0.707106781186548,0.));
#2532=DIRECTION('center_axis',(0.,1.,0.));
#2533=DIRECTION('ref_axis',(1.,0.,0.));
#2534=DIRECTION('center_axis',(0.,0.,-1.));
#2535=DIRECTION('ref_axis',(0.,1.,0.));
#2536=DIRECTION('center_axis',(-1.,0.,0.));
#2537=DIRECTION('ref_axis',(0.,0.,-1.));
#2538=DIRECTION('center_axis',(0.,1.,0.));
#2539=DIRECTION('ref_axis',(0.70710678118654,0.,-0.707106781186555));
#2540=DIRECTION('center_axis',(0.,1.,0.));
#2541=DIRECTION('ref_axis',(0.70710678118654,0.,-0.707106781186555));
#2542=DIRECTION('',(0.,1.,0.));
#2543=DIRECTION('',(0.,-1.,0.));
#2544=DIRECTION('center_axis',(0.,0.,1.));
#2545=DIRECTION('ref_axis',(-0.707106781186541,0.707106781186554,0.));
#2546=DIRECTION('',(0.,0.,-1.));
#2547=DIRECTION('',(0.,0.,1.));
#2548=DIRECTION('center_axis',(1.,0.,0.));
#2549=DIRECTION('ref_axis',(0.,-0.707106781186546,-0.707106781186549));
#2550=DIRECTION('center_axis',(-1.,0.,0.));
#2551=DIRECTION('ref_axis',(0.,-0.707106781186546,-0.707106781186549));
#2552=DIRECTION('',(-1.,0.,0.));
#2553=DIRECTION('',(1.,0.,0.));
#2554=DIRECTION('center_axis',(0.,-1.,0.));
#2555=DIRECTION('ref_axis',(-0.70710678118654,0.,0.707106781186555));
#2556=DIRECTION('center_axis',(0.,-1.,0.));
#2557=DIRECTION('ref_axis',(-0.70710678118654,0.,0.707106781186555));
#2558=DIRECTION('',(0.,1.,0.));
#2559=DIRECTION('',(0.,-1.,0.));
#2560=DIRECTION('center_axis',(-1.,0.,0.));
#2561=DIRECTION('ref_axis',(0.,0.707106781186546,0.707106781186549));
#2562=DIRECTION('center_axis',(1.,0.,0.));
#2563=DIRECTION('ref_axis',(0.,0.707106781186546,0.707106781186549));
#2564=DIRECTION('',(-1.,0.,0.));
#2565=DIRECTION('',(1.,0.,0.));
#2566=DIRECTION('center_axis',(0.,-1.,0.));
#2567=DIRECTION('ref_axis',(0.,0.,1.));
#2568=DIRECTION('',(-1.,0.,0.));
#2569=DIRECTION('',(0.,0.,-1.));
#2570=DIRECTION('',(1.,0.,0.));
#2571=DIRECTION('',(0.,0.,-1.));
#2572=DIRECTION('',(-1.,0.,0.));
#2573=DIRECTION('',(0.,0.,-1.));
#2574=DIRECTION('center_axis',(0.,0.,-1.));
#2575=DIRECTION('ref_axis',(-1.,0.,0.));
#2576=DIRECTION('',(0.,-1.,0.));
#2577=DIRECTION('center_axis',(0.,0.,1.));
#2578=DIRECTION('ref_axis',(0.707106781186547,0.707106781186547,0.));
#2579=DIRECTION('',(-1.,0.,0.));
#2580=DIRECTION('center_axis',(0.,0.,-1.));
#2581=DIRECTION('ref_axis',(-0.17678001517152,-0.984250387978566,0.));
#2582=DIRECTION('',(1.,0.,0.));
#2583=DIRECTION('center_axis',(0.,0.,1.));
#2584=DIRECTION('ref_axis',(-0.707106781186547,0.707106781186547,0.));
#2585=DIRECTION('',(0.,1.,0.));
#2586=DIRECTION('center_axis',(0.,0.,1.));
#2587=DIRECTION('ref_axis',(-0.707106781186547,-0.707106781186547,0.));
#2588=DIRECTION('',(-1.,0.,0.));
#2589=DIRECTION('center_axis',(0.,0.,1.));
#2590=DIRECTION('ref_axis',(0.707106781186547,-0.707106781186547,0.));
#2591=DIRECTION('',(-1.,0.,0.));
#2592=DIRECTION('center_axis',(0.,0.,1.));
#2593=DIRECTION('ref_axis',(-1.,0.,0.));
#2594=DIRECTION('',(0.,-1.,0.));
#2595=DIRECTION('',(-1.,0.,0.));
#2596=DIRECTION('center_axis',(0.,0.,-1.));
#2597=DIRECTION('ref_axis',(-0.707106781186547,-0.707106781186547,0.));
#2598=DIRECTION('',(0.,1.,0.));
#2599=DIRECTION('center_axis',(0.,0.,-1.));
#2600=DIRECTION('ref_axis',(-0.707106781186528,0.707106781186567,0.));
#2601=DIRECTION('',(1.,0.,0.));
#2602=DIRECTION('center_axis',(0.,0.,-1.));
#2603=DIRECTION('ref_axis',(0.707106781186538,0.707106781186557,0.));
#2604=DIRECTION('',(0.,-1.,0.));
#2605=DIRECTION('',(1.,0.,0.));
#2606=DIRECTION('center_axis',(0.,0.,-1.));
#2607=DIRECTION('ref_axis',(0.707106781186533,0.707106781186562,0.));
#2608=DIRECTION('',(0.,-1.,0.));
#2609=DIRECTION('center_axis',(0.,0.,-1.));
#2610=DIRECTION('ref_axis',(0.707106781186557,-0.707106781186538,0.));
#2611=DIRECTION('',(-1.,0.,0.));
#2612=DIRECTION('center_axis',(0.,0.,-1.));
#2613=DIRECTION('ref_axis',(-0.707106781186557,-0.707106781186538,0.));
#2614=DIRECTION('',(0.,1.,0.));
#2615=DIRECTION('center_axis',(0.,0.,-1.));
#2616=DIRECTION('ref_axis',(-0.707106781186547,0.707106781186547,0.));
#2617=DIRECTION('',(-1.,0.,0.));
#2618=DIRECTION('center_axis',(0.,0.,-1.));
#2619=DIRECTION('ref_axis',(-0.707106781186557,-0.707106781186538,0.));
#2620=DIRECTION('',(0.,1.,0.));
#2621=DIRECTION('center_axis',(0.,0.,-1.));
#2622=DIRECTION('ref_axis',(-0.707106781186547,0.707106781186547,0.));
#2623=DIRECTION('',(1.,0.,0.));
#2624=DIRECTION('center_axis',(0.,0.,-1.));
#2625=DIRECTION('ref_axis',(0.707106781186538,0.707106781186557,0.));
#2626=DIRECTION('',(0.,-1.,0.));
#2627=DIRECTION('center_axis',(0.,0.,-1.));
#2628=DIRECTION('ref_axis',(0.707106781186547,-0.707106781186547,0.));
#2629=DIRECTION('',(0.,1.,0.));
#2630=DIRECTION('center_axis',(0.,0.,-1.));
#2631=DIRECTION('ref_axis',(-0.707106781186557,0.707106781186538,0.));
#2632=DIRECTION('',(1.,0.,0.));
#2633=DIRECTION('center_axis',(0.,0.,-1.));
#2634=DIRECTION('ref_axis',(0.707106781186533,0.707106781186562,0.));
#2635=DIRECTION('',(0.,-1.,0.));
#2636=DIRECTION('center_axis',(0.,0.,-1.));
#2637=DIRECTION('ref_axis',(0.707106781186557,-0.707106781186538,0.));
#2638=DIRECTION('',(-1.,0.,0.));
#2639=DIRECTION('center_axis',(0.,0.,-1.));
#2640=DIRECTION('ref_axis',(-0.707106781186538,-0.707106781186557,0.));
#2641=DIRECTION('',(1.,0.,0.));
#2642=DIRECTION('center_axis',(0.,0.,-1.));
#2643=DIRECTION('ref_axis',(0.707106781186557,0.707106781186538,0.));
#2644=DIRECTION('',(0.,-1.,0.));
#2645=DIRECTION('center_axis',(0.,0.,-1.));
#2646=DIRECTION('ref_axis',(0.707106781186547,-0.707106781186547,0.));
#2647=DIRECTION('',(-1.,0.,0.));
#2648=DIRECTION('center_axis',(0.,0.,-1.));
#2649=DIRECTION('ref_axis',(-0.707106781186557,-0.707106781186538,0.));
#2650=DIRECTION('',(0.,1.,0.));
#2651=DIRECTION('center_axis',(0.,0.,-1.));
#2652=DIRECTION('ref_axis',(-0.707106781186538,0.707106781186557,0.));
#2653=DIRECTION('center_axis',(1.,0.,0.));
#2654=DIRECTION('ref_axis',(0.,1.,0.));
#2655=DIRECTION('',(0.,0.,1.));
#2656=DIRECTION('',(0.,-1.,0.));
#2657=DIRECTION('',(0.,0.,1.));
#2658=DIRECTION('',(0.,-1.,0.));
#2659=DIRECTION('',(0.,-0.707106781186548,-0.707106781186547));
#2660=DIRECTION('',(0.,-1.,0.));
#2661=DIRECTION('',(0.,0.,1.));
#2662=DIRECTION('center_axis',(0.,1.,0.));
#2663=DIRECTION('ref_axis',(-1.,0.,0.));
#2664=DIRECTION('center_axis',(-1.,0.,0.));
#2665=DIRECTION('ref_axis',(0.,-1.,0.));
#2666=DIRECTION('center_axis',(0.,0.,1.));
#2667=DIRECTION('ref_axis',(-1.,0.,0.));
#2668=DIRECTION('center_axis',(0.,0.,-1.));
#2669=DIRECTION('ref_axis',(9.89671865955803E-15,-1.,0.));
#2670=DIRECTION('center_axis',(0.,0.,-1.));
#2671=DIRECTION('ref_axis',(0.707106781186547,0.707106781186547,0.));
#2672=DIRECTION('center_axis',(0.,0.,1.));
#2673=DIRECTION('ref_axis',(0.707106781186547,0.707106781186547,0.));
#2674=DIRECTION('',(0.,0.,-1.));
#2675=DIRECTION('center_axis',(0.,0.,1.));
#2676=DIRECTION('ref_axis',(-0.17678001517152,-0.984250387978566,0.));
#2677=DIRECTION('',(0.,0.,1.));
#2678=DIRECTION('center_axis',(0.,0.,-1.));
#2679=DIRECTION('ref_axis',(-0.17678001517152,-0.984250387978566,0.));
#2680=DIRECTION('',(0.,0.,-1.));
#2681=DIRECTION('center_axis',(0.,0.,1.));
#2682=DIRECTION('ref_axis',(1.,0.,0.));
#2683=DIRECTION('',(1.,0.,0.));
#2684=DIRECTION('',(0.,-1.,0.));
#2685=DIRECTION('center_axis',(0.,0.,-1.));
#2686=DIRECTION('ref_axis',(0.707106781186547,0.707106781186547,0.));
#2687=DIRECTION('',(-1.,0.,0.));
#2688=DIRECTION('',(0.,1.,0.));
#2689=DIRECTION('',(1.,0.,0.));
#2690=DIRECTION('center_axis',(0.,0.,-1.));
#2691=DIRECTION('ref_axis',(-1.,0.,0.));
#2692=DIRECTION('center_axis',(0.,0.,-1.));
#2693=DIRECTION('ref_axis',(-1.,0.,0.));
#2694=DIRECTION('center_axis',(0.,0.,-1.));
#2695=DIRECTION('ref_axis',(0.707106781186547,-0.707106781186547,0.));
#2696=DIRECTION('center_axis',(0.,0.,1.));
#2697=DIRECTION('ref_axis',(0.707106781186547,-0.707106781186547,0.));
#2698=DIRECTION('',(0.,0.,1.));
#2699=DIRECTION('center_axis',(0.,0.,-1.));
#2700=DIRECTION('ref_axis',(0.707106781186547,-0.707106781186547,0.));
#2701=DIRECTION('',(0.,0.,1.));
#2702=DIRECTION('center_axis',(0.,0.,-1.));
#2703=DIRECTION('ref_axis',(0.707106781186547,-0.707106781186547,0.));
#2704=DIRECTION('',(0.,0.,-1.));
#2705=DIRECTION('center_axis',(0.,0.,1.));
#2706=DIRECTION('ref_axis',(1.,0.,0.));
#2707=DIRECTION('',(0.,1.,0.));
#2708=DIRECTION('center_axis',(0.,0.,-1.));
#2709=DIRECTION('ref_axis',(9.89671865955803E-15,-1.,0.));
#2710=DIRECTION('center_axis',(0.,0.,1.));
#2711=DIRECTION('ref_axis',(0.707106781186547,-0.707106781186547,0.));
#2712=DIRECTION('',(-1.,0.,0.));
#2713=DIRECTION('',(0.,1.,0.));
#2714=DIRECTION('',(1.,0.,0.));
#2715=DIRECTION('center_axis',(0.,0.,-1.));
#2716=DIRECTION('ref_axis',(-1.,0.,0.));
#2717=DIRECTION('center_axis',(0.,0.,-1.));
#2718=DIRECTION('ref_axis',(-1.,0.,0.));
#2719=DIRECTION('center_axis',(1.,0.,0.));
#2720=DIRECTION('ref_axis',(0.,0.,-1.));
#2721=DIRECTION('',(0.,-1.,0.));
#2722=DIRECTION('',(0.,0.,1.));
#2723=DIRECTION('center_axis',(0.,0.,1.));
#2724=DIRECTION('ref_axis',(0.,-1.,0.));
#2725=DIRECTION('',(0.,-1.,0.));
#2726=DIRECTION('',(-1.,0.,0.));
#2727=DIRECTION('center_axis',(0.,0.,1.));
#2728=DIRECTION('ref_axis',(9.89671865955803E-15,-1.,0.));
#2729=DIRECTION('center_axis',(0.,0.,1.));
#2730=DIRECTION('ref_axis',(0.707106781186547,0.707106781186547,0.));
#2731=DIRECTION('center_axis',(0.,0.,-1.));
#2732=DIRECTION('ref_axis',(0.707106781186547,0.707106781186547,0.));
#2733=DIRECTION('',(0.,0.,-1.));
#2734=DIRECTION('center_axis',(0.,0.,1.));
#2735=DIRECTION('ref_axis',(0.707106781186547,0.707106781186547,0.));
#2736=DIRECTION('',(0.,0.,1.));
#2737=DIRECTION('',(0.,0.,-1.));
#2738=DIRECTION('center_axis',(1.,0.,0.));
#2739=DIRECTION('ref_axis',(0.,0.,-1.));
#2740=DIRECTION('',(0.,0.,-1.));
#2741=DIRECTION('',(0.,1.,0.));
#2742=DIRECTION('center_axis',(0.,1.,0.));
#2743=DIRECTION('ref_axis',(1.,0.,0.));
#2744=DIRECTION('',(1.,0.,0.));
#2745=DIRECTION('',(0.,0.,-1.));
#2746=DIRECTION('',(-1.,0.,0.));
#2747=DIRECTION('center_axis',(0.,1.,0.));
#2748=DIRECTION('ref_axis',(0.445016463160465,0.,-0.895522388059702));
#2749=DIRECTION('',(-1.,0.,0.));
#2750=DIRECTION('',(0.,0.,1.));
#2751=DIRECTION('',(0.,0.,-1.));
#2752=DIRECTION('center_axis',(0.,1.,0.));
#2753=DIRECTION('ref_axis',(-0.707106781186549,0.,-0.707106781186546));
#2754=DIRECTION('',(1.,0.,0.));
#2755=DIRECTION('center_axis',(0.,1.,0.));
#2756=DIRECTION('ref_axis',(0.707106781186549,0.,-0.707106781186546));
#2757=DIRECTION('',(0.,0.,1.));
#2758=DIRECTION('center_axis',(0.,1.,0.));
#2759=DIRECTION('ref_axis',(0.707106781186549,0.,0.707106781186546));
#2760=DIRECTION('',(-1.,0.,0.));
#2761=DIRECTION('center_axis',(0.,1.,0.));
#2762=DIRECTION('ref_axis',(-0.707106781186549,0.,0.707106781186546));
#2763=DIRECTION('center_axis',(0.,-0.707106781186547,0.707106781186548));
#2764=DIRECTION('ref_axis',(1.,0.,0.));
#2765=DIRECTION('',(0.,0.707106781186548,0.707106781186547));
#2766=DIRECTION('',(-1.,0.,0.));
#2767=DIRECTION('center_axis',(0.,0.,1.));
#2768=DIRECTION('ref_axis',(1.,0.,0.));
#2769=DIRECTION('',(1.,0.,0.));
#2770=DIRECTION('',(0.,-1.,0.));
#2771=DIRECTION('center_axis',(1.,0.,0.));
#2772=DIRECTION('ref_axis',(0.,0.,-1.));
#2773=DIRECTION('',(0.,1.,0.));
#2774=DIRECTION('center_axis',(0.,1.,0.));
#2775=DIRECTION('ref_axis',(0.,0.,-1.));
#2776=DIRECTION('center_axis',(0.,1.,0.));
#2777=DIRECTION('ref_axis',(0.,0.,-1.));
#2778=DIRECTION('',(0.,0.,1.));
#2779=DIRECTION('',(0.,0.,-1.));
#2780=DIRECTION('',(1.,0.,0.));
#2781=DIRECTION('center_axis',(-1.,0.,0.));
#2782=DIRECTION('ref_axis',(0.,0.,1.));
#2783=DIRECTION('',(0.,0.,-1.));
#2784=DIRECTION('',(0.,1.,0.));
#2785=DIRECTION('',(0.,0.,1.));
#2786=DIRECTION('center_axis',(0.,0.,1.));
#2787=DIRECTION('ref_axis',(0.707106781186547,-0.707106781186547,0.));
#2788=DIRECTION('',(0.,0.,1.));
#2789=DIRECTION('center_axis',(0.,0.,1.));
#2790=DIRECTION('ref_axis',(1.,0.,0.));
#2791=DIRECTION('',(0.,1.,0.));
#2792=DIRECTION('center_axis',(0.,0.,-1.));
#2793=DIRECTION('ref_axis',(0.707106781186538,0.707106781186557,0.));
#2794=DIRECTION('',(-1.,0.,0.));
#2795=DIRECTION('center_axis',(0.,0.,-1.));
#2796=DIRECTION('ref_axis',(-0.707106781186528,0.707106781186567,0.));
#2797=DIRECTION('',(0.,-1.,0.));
#2798=DIRECTION('center_axis',(0.,0.,-1.));
#2799=DIRECTION('ref_axis',(-0.707106781186547,-0.707106781186547,0.));
#2800=DIRECTION('',(1.,0.,0.));
#2801=DIRECTION('center_axis',(0.,0.,-1.));
#2802=DIRECTION('ref_axis',(-1.,0.,0.));
#2803=DIRECTION('center_axis',(0.,0.,-1.));
#2804=DIRECTION('ref_axis',(-1.,0.,0.));
#2805=DIRECTION('center_axis',(1.,0.,0.));
#2806=DIRECTION('ref_axis',(0.,1.,0.));
#2807=DIRECTION('',(0.,0.,-1.));
#2808=DIRECTION('center_axis',(0.,0.,-1.));
#2809=DIRECTION('ref_axis',(-1.,0.,0.));
#2810=DIRECTION('',(-1.,0.,0.));
#2811=DIRECTION('center_axis',(0.,0.,1.));
#2812=DIRECTION('ref_axis',(-0.707106781186547,-0.707106781186547,0.));
#2813=DIRECTION('',(0.,1.,0.));
#2814=DIRECTION('center_axis',(0.,0.,1.));
#2815=DIRECTION('ref_axis',(-0.707106781186547,0.707106781186547,0.));
#2816=DIRECTION('center_axis',(0.,0.,1.));
#2817=DIRECTION('ref_axis',(-1.,0.,0.));
#2818=DIRECTION('center_axis',(0.,0.,1.));
#2819=DIRECTION('ref_axis',(-1.,0.,0.));
#2820=DIRECTION('center_axis',(0.,0.,1.));
#2821=DIRECTION('ref_axis',(-1.,0.,0.));
#2822=DIRECTION('center_axis',(0.,0.,1.));
#2823=DIRECTION('ref_axis',(-1.,0.,0.));
#2824=DIRECTION('center_axis',(0.,0.,1.));
#2825=DIRECTION('ref_axis',(-1.,0.,0.));
#2826=DIRECTION('center_axis',(0.,0.,1.));
#2827=DIRECTION('ref_axis',(-1.,0.,0.));
#2828=DIRECTION('center_axis',(0.,0.,1.));
#2829=DIRECTION('ref_axis',(-1.,0.,0.));
#2830=DIRECTION('center_axis',(0.,0.,1.));
#2831=DIRECTION('ref_axis',(-1.,0.,0.));
#2832=DIRECTION('center_axis',(0.,-1.,0.));
#2833=DIRECTION('ref_axis',(-1.,0.,0.));
#2834=DIRECTION('',(0.707106781186548,0.,0.707106781186548));
#2835=DIRECTION('center_axis',(0.,-1.,0.));
#2836=DIRECTION('ref_axis',(0.552770798392566,0.,-0.833333333333333));
#2837=DIRECTION('',(1.,0.,0.));
#2838=DIRECTION('',(0.,0.,1.));
#2839=DIRECTION('center_axis',(0.,-1.,0.));
#2840=DIRECTION('ref_axis',(0.707106781186549,0.,-0.707106781186546));
#2841=DIRECTION('',(0.,-1.,0.));
#2842=DIRECTION('center_axis',(0.,-1.,0.));
#2843=DIRECTION('ref_axis',(0.707106781186549,0.,-0.707106781186546));
#2844=DIRECTION('',(0.,1.,0.));
#2845=DIRECTION('center_axis',(0.,0.,-1.));
#2846=DIRECTION('ref_axis',(1.,0.,0.));
#2847=DIRECTION('',(0.,1.,0.));
#2848=DIRECTION('',(-1.,0.,0.));
#2849=DIRECTION('center_axis',(0.,-1.,0.));
#2850=DIRECTION('ref_axis',(-0.707106781186549,0.,0.707106781186546));
#2851=DIRECTION('',(0.,-1.,0.));
#2852=DIRECTION('center_axis',(0.,-1.,0.));
#2853=DIRECTION('ref_axis',(-0.707106781186549,0.,0.707106781186546));
#2854=DIRECTION('',(0.,1.,0.));
#2855=DIRECTION('center_axis',(0.,0.,1.));
#2856=DIRECTION('ref_axis',(-1.,0.,0.));
#2857=DIRECTION('',(0.,1.,0.));
#2858=DIRECTION('',(1.,0.,0.));
#2859=DIRECTION('center_axis',(0.,-1.,0.));
#2860=DIRECTION('ref_axis',(-0.707106781186549,0.,-0.707106781186546));
#2861=DIRECTION('',(0.,-1.,0.));
#2862=DIRECTION('center_axis',(0.,-1.,0.));
#2863=DIRECTION('ref_axis',(-0.707106781186549,0.,-0.707106781186546));
#2864=DIRECTION('center_axis',(-1.,0.,0.));
#2865=DIRECTION('ref_axis',(0.,0.,-1.));
#2866=DIRECTION('',(0.,0.,1.));
#2867=DIRECTION('center_axis',(0.,-1.,0.));
#2868=DIRECTION('ref_axis',(0.707106781186549,0.,0.707106781186546));
#2869=DIRECTION('',(0.,-1.,0.));
#2870=DIRECTION('center_axis',(0.,-1.,0.));
#2871=DIRECTION('ref_axis',(0.707106781186549,0.,0.707106781186546));
#2872=DIRECTION('center_axis',(1.,0.,0.));
#2873=DIRECTION('ref_axis',(0.,0.,1.));
#2874=DIRECTION('',(0.,0.,-1.));
#2875=DIRECTION('center_axis',(0.,0.,1.));
#2876=DIRECTION('ref_axis',(-0.707106781186547,0.707106781186547,0.));
#2877=DIRECTION('',(0.,0.,-1.));
#2878=DIRECTION('',(0.,0.,1.));
#2879=DIRECTION('center_axis',(0.,0.,1.));
#2880=DIRECTION('ref_axis',(-0.707106781186547,0.707106781186547,0.));
#2881=DIRECTION('center_axis',(0.,-1.,0.));
#2882=DIRECTION('ref_axis',(-1.,0.,0.));
#2883=DIRECTION('',(0.,0.,1.));
#2884=DIRECTION('',(1.,0.,0.));
#2885=DIRECTION('center_axis',(0.,-1.,0.));
#2886=DIRECTION('ref_axis',(0.445016463160465,0.,-0.895522388059702));
#2887=DIRECTION('',(1.,0.,0.));
#2888=DIRECTION('center_axis',(0.,0.,1.));
#2889=DIRECTION('ref_axis',(-0.707106781186547,-0.707106781186547,0.));
#2890=DIRECTION('',(0.,0.,1.));
#2891=DIRECTION('center_axis',(0.,0.,1.));
#2892=DIRECTION('ref_axis',(-0.707106781186547,-0.707106781186547,0.));
#2893=DIRECTION('',(0.,0.,-1.));
#2894=DIRECTION('center_axis',(0.,1.,0.));
#2895=DIRECTION('ref_axis',(1.,0.,0.));
#2896=DIRECTION('',(-1.,0.,0.));
#2897=DIRECTION('center_axis',(0.,1.,0.));
#2898=DIRECTION('ref_axis',(0.552770798392566,0.,-0.833333333333333));
#2899=DIRECTION('',(-0.707106781186548,0.,-0.707106781186548));
#2900=DIRECTION('center_axis',(-1.,0.,0.));
#2901=DIRECTION('ref_axis',(0.,0.707106781186548,-0.707106781186547));
#2902=DIRECTION('center_axis',(-1.,0.,0.));
#2903=DIRECTION('ref_axis',(0.,0.707106781186548,-0.707106781186547));
#2904=DIRECTION('',(1.,0.,0.));
#2905=DIRECTION('center_axis',(1.,0.,0.));
#2906=DIRECTION('ref_axis',(0.,0.707106781186548,-0.707106781186547));
#2907=DIRECTION('',(-1.,0.,0.));
#2908=DIRECTION('center_axis',(0.,-0.707106781186548,0.707106781186547));
#2909=DIRECTION('ref_axis',(1.,0.,0.));
#2910=DIRECTION('',(0.,0.707106781186547,0.707106781186548));
#2911=DIRECTION('',(1.,0.,0.));
#2912=DIRECTION('',(0.,-0.707106781186547,-0.707106781186548));
#2913=DIRECTION('center_axis',(-1.,0.,0.));
#2914=DIRECTION('ref_axis',(0.,-0.38268343236509,0.923879532511287));
#2915=DIRECTION('center_axis',(1.,0.,0.));
#2916=DIRECTION('ref_axis',(0.,-0.38268343236509,0.923879532511287));
#2917=DIRECTION('center_axis',(-1.,0.,0.));
#2918=DIRECTION('ref_axis',(0.,-0.38268343236509,0.923879532511287));
#2919=DIRECTION('',(-1.,0.,0.));
#2920=DIRECTION('center_axis',(1.,0.,0.));
#2921=DIRECTION('ref_axis',(0.,-1.,0.));
#2922=DIRECTION('',(0.,1.,0.));
#2923=DIRECTION('center_axis',(-1.,0.,0.));
#2924=DIRECTION('ref_axis',(0.,1.,0.));
#2925=DIRECTION('',(0.,0.,1.));
#2926=DIRECTION('',(0.,0.,-1.));
#2927=DIRECTION('',(0.,-1.,0.));
#2928=DIRECTION('center_axis',(0.,1.,0.));
#2929=DIRECTION('ref_axis',(0.445016463160465,0.,-0.895522388059702));
#2930=DIRECTION('',(0.,-1.,0.));
#2931=DIRECTION('',(0.,-1.,0.));
#2932=DIRECTION('center_axis',(0.,0.,1.));
#2933=DIRECTION('ref_axis',(-1.,0.,0.));
#2934=DIRECTION('',(0.,0.,1.));
#2935=DIRECTION('center_axis',(0.,0.,1.));
#2936=DIRECTION('ref_axis',(-1.,0.,0.));
#2937=DIRECTION('',(0.,0.,1.));
#2938=DIRECTION('center_axis',(0.,0.,1.));
#2939=DIRECTION('ref_axis',(-1.,0.,0.));
#2940=DIRECTION('',(0.,0.,1.));
#2941=DIRECTION('center_axis',(0.,0.,1.));
#2942=DIRECTION('ref_axis',(-1.,0.,0.));
#2943=DIRECTION('',(0.,0.,1.));
#2944=DIRECTION('center_axis',(0.,1.,0.));
#2945=DIRECTION('ref_axis',(0.552770798392566,0.,-0.833333333333333));
#2946=DIRECTION('',(0.,-1.,0.));
#2947=DIRECTION('',(0.,-1.,0.));
#2948=DIRECTION('center_axis',(-0.707106781186548,0.,0.707106781186548));
#2949=DIRECTION('ref_axis',(0.707106781186548,0.,0.707106781186548));
#2950=DIRECTION('center_axis',(0.,0.,-1.));
#2951=DIRECTION('ref_axis',(-0.707106781186547,-0.707106781186547,0.));
#2952=DIRECTION('center_axis',(0.,0.,-1.));
#2953=DIRECTION('ref_axis',(-0.707106781186547,-0.707106781186547,0.));
#2954=DIRECTION('center_axis',(0.,0.,1.));
#2955=DIRECTION('ref_axis',(1.,0.,0.));
#2956=DIRECTION('center_axis',(0.,0.,1.));
#2957=DIRECTION('ref_axis',(-0.707106781186547,0.707106781186547,0.));
#2958=DIRECTION('center_axis',(0.,0.,-1.));
#2959=DIRECTION('ref_axis',(-0.707106781186547,0.707106781186547,0.));
#2960=DIRECTION('center_axis',(0.,0.,1.));
#2961=DIRECTION('ref_axis',(1.,0.,0.));
#2962=DIRECTION('center_axis',(0.,0.,1.));
#2963=DIRECTION('ref_axis',(1.,0.,0.));
#2964=DIRECTION('',(0.,1.,0.));
#2965=DIRECTION('center_axis',(1.,0.,0.));
#2966=DIRECTION('ref_axis',(0.,1.,0.));
#2967=DIRECTION('center_axis',(0.,0.,-1.));
#2968=DIRECTION('ref_axis',(-1.,0.,0.));
#2969=DIRECTION('center_axis',(0.,0.,-1.));
#2970=DIRECTION('ref_axis',(-1.,0.,0.));
#2971=DIRECTION('',(0.,0.,-1.));
#2972=DIRECTION('center_axis',(0.,0.,-1.));
#2973=DIRECTION('ref_axis',(-1.,0.,0.));
#2974=DIRECTION('center_axis',(0.,0.,-1.));
#2975=DIRECTION('ref_axis',(-1.,0.,0.));
#2976=DIRECTION('',(0.,0.,-1.));
#2977=DIRECTION('center_axis',(0.,0.,-1.));
#2978=DIRECTION('ref_axis',(-1.,0.,0.));
#2979=DIRECTION('',(0.,0.,-1.));
#2980=DIRECTION('center_axis',(0.,0.,-1.));
#2981=DIRECTION('ref_axis',(-1.,0.,0.));
#2982=DIRECTION('center_axis',(0.,0.,-1.));
#2983=DIRECTION('ref_axis',(-1.,0.,0.));
#2984=DIRECTION('',(0.,0.,-1.));
#2985=DIRECTION('center_axis',(0.,0.,1.));
#2986=DIRECTION('ref_axis',(0.707106781186538,0.707106781186557,0.));
#2987=DIRECTION('',(0.,0.,1.));
#2988=DIRECTION('center_axis',(0.,1.,0.));
#2989=DIRECTION('ref_axis',(-1.,0.,0.));
#2990=DIRECTION('',(0.,0.,-1.));
#2991=DIRECTION('center_axis',(0.,0.,1.));
#2992=DIRECTION('ref_axis',(0.707106781186557,0.707106781186538,0.));
#2993=DIRECTION('center_axis',(0.,0.,-1.));
#2994=DIRECTION('ref_axis',(0.707106781186557,0.707106781186538,0.));
#2995=DIRECTION('',(0.,0.,-1.));
#2996=DIRECTION('',(0.,0.,1.));
#2997=DIRECTION('center_axis',(1.,0.,0.));
#2998=DIRECTION('ref_axis',(0.,1.,0.));
#2999=DIRECTION('',(0.,1.,0.));
#3000=DIRECTION('',(0.,0.,1.));
#3001=DIRECTION('center_axis',(0.,0.,1.));
#3002=DIRECTION('ref_axis',(1.,0.,0.));
#3003=DIRECTION('',(-1.,0.,0.));
#3004=DIRECTION('center_axis',(0.,0.,-1.));
#3005=DIRECTION('ref_axis',(-0.707106781186538,0.707106781186557,0.));
#3006=DIRECTION('',(0.,-1.,0.));
#3007=DIRECTION('center_axis',(0.,0.,-1.));
#3008=DIRECTION('ref_axis',(-0.707106781186557,-0.707106781186538,0.));
#3009=DIRECTION('',(1.,0.,0.));
#3010=DIRECTION('center_axis',(0.,0.,-1.));
#3011=DIRECTION('ref_axis',(0.707106781186547,-0.707106781186547,0.));
#3012=DIRECTION('center_axis',(0.,0.,1.));
#3013=DIRECTION('ref_axis',(-0.707106781186538,-0.707106781186557,0.));
#3014=DIRECTION('center_axis',(0.,0.,-1.));
#3015=DIRECTION('ref_axis',(-0.707106781186538,-0.707106781186557,0.));
#3016=DIRECTION('',(0.,0.,-1.));
#3017=DIRECTION('',(0.,0.,1.));
#3018=DIRECTION('center_axis',(0.,0.,1.));
#3019=DIRECTION('ref_axis',(1.,0.,0.));
#3020=DIRECTION('',(1.,0.,0.));
#3021=DIRECTION('center_axis',(0.,0.,-1.));
#3022=DIRECTION('ref_axis',(0.707106781186557,-0.707106781186538,0.));
#3023=DIRECTION('',(0.,1.,0.));
#3024=DIRECTION('center_axis',(0.,0.,-1.));
#3025=DIRECTION('ref_axis',(0.707106781186533,0.707106781186562,0.));
#3026=DIRECTION('',(-1.,0.,0.));
#3027=DIRECTION('center_axis',(0.,0.,-1.));
#3028=DIRECTION('ref_axis',(-0.707106781186557,0.707106781186538,0.));
#3029=DIRECTION('',(0.,-1.,0.));
#3030=DIRECTION('center_axis',(0.,-1.,0.));
#3031=DIRECTION('ref_axis',(1.,0.,0.));
#3032=DIRECTION('',(0.,0.,-1.));
#3033=DIRECTION('center_axis',(0.,0.,1.));
#3034=DIRECTION('ref_axis',(0.707106781186557,-0.707106781186538,0.));
#3035=DIRECTION('',(0.,0.,1.));
#3036=DIRECTION('center_axis',(0.,0.,1.));
#3037=DIRECTION('ref_axis',(-0.707106781186557,0.707106781186538,0.));
#3038=DIRECTION('',(0.,0.,-1.));
#3039=DIRECTION('',(0.,0.,1.));
#3040=DIRECTION('center_axis',(0.,1.,0.));
#3041=DIRECTION('ref_axis',(-1.,0.,0.));
#3042=DIRECTION('',(0.,0.,1.));
#3043=DIRECTION('center_axis',(0.,0.,1.));
#3044=DIRECTION('ref_axis',(0.707106781186533,0.707106781186562,0.));
#3045=DIRECTION('',(0.,0.,-1.));
#3046=DIRECTION('center_axis',(0.,0.,1.));
#3047=DIRECTION('ref_axis',(0.707106781186538,0.707106781186557,0.));
#3048=DIRECTION('center_axis',(0.,0.,-1.));
#3049=DIRECTION('ref_axis',(0.707106781186538,0.707106781186557,0.));
#3050=DIRECTION('',(0.,0.,-1.));
#3051=DIRECTION('',(0.,0.,1.));
#3052=DIRECTION('center_axis',(0.,0.,1.));
#3053=DIRECTION('ref_axis',(1.,0.,0.));
#3054=DIRECTION('',(-1.,0.,0.));
#3055=DIRECTION('center_axis',(0.,0.,-1.));
#3056=DIRECTION('ref_axis',(-0.707106781186547,0.707106781186547,0.));
#3057=DIRECTION('',(0.,-1.,0.));
#3058=DIRECTION('center_axis',(0.,0.,-1.));
#3059=DIRECTION('ref_axis',(-0.707106781186557,-0.707106781186538,0.));
#3060=DIRECTION('',(1.,0.,0.));
#3061=DIRECTION('center_axis',(0.,0.,-1.));
#3062=DIRECTION('ref_axis',(0.707106781186547,-0.707106781186547,0.));
#3063=DIRECTION('',(0.,1.,0.));
#3064=DIRECTION('center_axis',(0.,1.,0.));
#3065=DIRECTION('ref_axis',(-1.,0.,0.));
#3066=DIRECTION('',(0.,0.,-1.));
#3067=DIRECTION('center_axis',(0.,0.,1.));
#3068=DIRECTION('ref_axis',(0.707106781186533,0.707106781186562,0.));
#3069=DIRECTION('center_axis',(0.,0.,-1.));
#3070=DIRECTION('ref_axis',(0.707106781186533,0.707106781186562,0.));
#3071=DIRECTION('',(0.,0.,-1.));
#3072=DIRECTION('',(0.,0.,1.));
#3073=DIRECTION('center_axis',(0.,0.,1.));
#3074=DIRECTION('ref_axis',(1.,0.,0.));
#3075=DIRECTION('',(-1.,0.,0.));
#3076=DIRECTION('center_axis',(0.,0.,-1.));
#3077=DIRECTION('ref_axis',(-0.707106781186547,0.707106781186547,0.));
#3078=DIRECTION('',(0.,-1.,0.));
#3079=DIRECTION('center_axis',(0.,0.,-1.));
#3080=DIRECTION('ref_axis',(-0.707106781186557,-0.707106781186538,0.));
#3081=DIRECTION('',(1.,0.,0.));
#3082=DIRECTION('center_axis',(0.,0.,-1.));
#3083=DIRECTION('ref_axis',(0.707106781186557,-0.707106781186538,0.));
#3084=DIRECTION('',(0.,1.,0.));
#3085=DIRECTION('center_axis',(0.,1.,0.));
#3086=DIRECTION('ref_axis',(-1.,0.,0.));
#3087=DIRECTION('',(0.,0.,-1.));
#3088=DIRECTION('center_axis',(0.,0.,1.));
#3089=DIRECTION('ref_axis',(-0.707106781186547,0.707106781186547,0.));
#3090=DIRECTION('',(0.,0.,1.));
#3091=DIRECTION('center_axis',(0.,0.,1.));
#3092=DIRECTION('ref_axis',(0.707106781186557,-0.707106781186538,0.));
#3093=DIRECTION('',(0.,0.,-1.));
#3094=DIRECTION('',(0.,0.,1.));
#3095=DIRECTION('center_axis',(0.,-1.,0.));
#3096=DIRECTION('ref_axis',(1.,0.,0.));
#3097=DIRECTION('',(0.,0.,1.));
#3098=DIRECTION('center_axis',(0.,0.,1.));
#3099=DIRECTION('ref_axis',(-0.707106781186557,-0.707106781186538,0.));
#3100=DIRECTION('',(0.,0.,-1.));
#3101=DIRECTION('center_axis',(0.,0.,1.));
#3102=DIRECTION('ref_axis',(-0.707106781186538,0.707106781186557,0.));
#3103=DIRECTION('',(0.,0.,-1.));
#3104=DIRECTION('',(0.,0.,1.));
#3105=DIRECTION('center_axis',(-1.,0.,0.));
#3106=DIRECTION('ref_axis',(0.,-1.,0.));
#3107=DIRECTION('',(0.,0.,-1.));
#3108=DIRECTION('center_axis',(0.,0.,1.));
#3109=DIRECTION('ref_axis',(-0.707106781186557,-0.707106781186538,0.));
#3110=DIRECTION('',(0.,0.,1.));
#3111=DIRECTION('center_axis',(0.,0.,1.));
#3112=DIRECTION('ref_axis',(0.707106781186547,-0.707106781186547,0.));
#3113=DIRECTION('',(0.,0.,-1.));
#3114=DIRECTION('center_axis',(0.,0.,1.));
#3115=DIRECTION('ref_axis',(-0.707106781186547,0.707106781186547,0.));
#3116=DIRECTION('',(0.,0.,1.));
#3117=DIRECTION('center_axis',(0.,0.,1.));
#3118=DIRECTION('ref_axis',(-0.707106781186557,-0.707106781186538,0.));
#3119=DIRECTION('',(0.,0.,-1.));
#3120=DIRECTION('',(0.,0.,1.));
#3121=DIRECTION('center_axis',(0.,-1.,0.));
#3122=DIRECTION('ref_axis',(1.,0.,0.));
#3123=DIRECTION('',(0.,0.,-1.));
#3124=DIRECTION('center_axis',(0.,0.,1.));
#3125=DIRECTION('ref_axis',(0.707106781186547,-0.707106781186547,0.));
#3126=DIRECTION('',(0.,0.,1.));
#3127=DIRECTION('center_axis',(1.,0.,0.));
#3128=DIRECTION('ref_axis',(0.,1.,0.));
#3129=DIRECTION('center_axis',(0.,0.,1.));
#3130=DIRECTION('ref_axis',(-0.707106781186528,0.707106781186567,0.));
#3131=DIRECTION('',(0.,0.,1.));
#3132=DIRECTION('center_axis',(0.,-1.,0.));
#3133=DIRECTION('ref_axis',(1.,0.,0.));
#3134=DIRECTION('',(0.,0.,1.));
#3135=DIRECTION('center_axis',(0.,0.,1.));
#3136=DIRECTION('ref_axis',(-0.707106781186547,-0.707106781186547,0.));
#3137=DIRECTION('',(0.,0.,-1.));
#3138=DIRECTION('center_axis',(-1.,0.,0.));
#3139=DIRECTION('ref_axis',(0.,-1.,0.));
#3140=DIRECTION('center_axis',(1.,0.,0.));
#3141=DIRECTION('ref_axis',(0.,1.,0.));
#3142=DIRECTION('center_axis',(-1.,0.,0.));
#3143=DIRECTION('ref_axis',(0.,-1.,0.));
#3144=DIRECTION('center_axis',(-1.,0.,0.));
#3145=DIRECTION('ref_axis',(0.,-1.,0.));
#3146=DIRECTION('center_axis',(-1.,0.,0.));
#3147=DIRECTION('ref_axis',(0.,-1.,0.));
#3148=DIRECTION('center_axis',(1.,0.,0.));
#3149=DIRECTION('ref_axis',(0.,1.,0.));
#3150=DIRECTION('center_axis',(0.,1.,0.));
#3151=DIRECTION('ref_axis',(-1.,0.,0.));
#3152=DIRECTION('center_axis',(0.,-1.,0.));
#3153=DIRECTION('ref_axis',(1.,0.,0.));
#3154=CARTESIAN_POINT('',(0.,0.,0.));
#3155=CARTESIAN_POINT('Origin',(304.906961864012,-88.7841982481322,16.95));
#3156=CARTESIAN_POINT('',(306.156961864012,-88.7841982481322,12.8705876010511));
#3157=CARTESIAN_POINT('Origin',(304.906961864012,-88.7841982481322,12.8705876010511));
#3158=CARTESIAN_POINT('',(306.156961864012,-88.7841982481322,-10.05));
#3159=CARTESIAN_POINT('',(306.156961864012,-88.7841982481322,16.95));
#3160=CARTESIAN_POINT('Origin',(304.906961864012,-88.7841982481322,-10.05));
#3161=CARTESIAN_POINT('Origin',(305.215564436935,-68.5707297217106,16.95));
#3162=CARTESIAN_POINT('',(306.465564436935,-68.5707297217106,12.8705876010511));
#3163=CARTESIAN_POINT('Origin',(305.215564436935,-68.5707297217106,12.8705876010511));
#3164=CARTESIAN_POINT('',(306.465564436935,-68.5707297217106,-10.05));
#3165=CARTESIAN_POINT('',(306.465564436935,-68.5707297217106,16.95));
#3166=CARTESIAN_POINT('Origin',(305.215564436935,-68.5707297217106,-10.05));
#3167=CARTESIAN_POINT('Origin',(282.224672754211,-55.3008190860446,16.95));
#3168=CARTESIAN_POINT('',(283.474672754211,-55.3008190860446,12.95));
#3169=CARTESIAN_POINT('Origin',(282.224672754211,-55.3008190860446,12.95));
#3170=CARTESIAN_POINT('',(283.474672754211,-55.3008190860446,-10.05));
#3171=CARTESIAN_POINT('',(283.474672754211,-55.3008190860446,16.95));
#3172=CARTESIAN_POINT('Origin',(282.224672754211,-55.3008190860446,-10.05));
#3173=CARTESIAN_POINT('Origin',(297.746236772842,-162.704777408563,14.95));
#3174=CARTESIAN_POINT('',(298.996236772842,-162.704777408563,9.95));
#3175=CARTESIAN_POINT('Origin',(297.746236772842,-162.704777408563,9.95));
#3176=CARTESIAN_POINT('',(298.996236772842,-162.704777408563,-10.05));
#3177=CARTESIAN_POINT('',(298.996236772842,-162.704777408563,14.95));
#3178=CARTESIAN_POINT('Origin',(297.746236772842,-162.704777408563,-10.05));
#3179=CARTESIAN_POINT('Origin',(277.360036386344,-117.809122931234,-2.05));
#3180=CARTESIAN_POINT('',(277.360036386344,-115.809122931234,-2.05));
#3181=CARTESIAN_POINT('',(277.360036386344,-117.809122931234,-0.05));
#3182=CARTESIAN_POINT('Origin',(277.360036386344,-117.809122931234,-2.05));
#3183=CARTESIAN_POINT('',(275.360036386344,-117.809122931234,-2.05));
#3184=CARTESIAN_POINT('Origin',(277.360036386344,-117.809122931234,-2.05));
#3185=CARTESIAN_POINT('Origin',(277.360036386344,-117.809122931234,-2.05));
#3186=CARTESIAN_POINT('Origin',(277.360036386344,-117.809122931234,-4.05));
#3187=CARTESIAN_POINT('',(277.360036386344,-113.809122931234,-6.05));
#3188=CARTESIAN_POINT('',(273.360036386344,-117.809122931234,-6.05));
#3189=CARTESIAN_POINT('Origin',(277.360036386344,-117.809122931234,-6.05));
#3190=CARTESIAN_POINT('',(275.360036386344,-117.809122931234,-4.05));
#3191=CARTESIAN_POINT('Origin',(273.360036386344,-117.809122931234,-4.05));
#3192=CARTESIAN_POINT('',(277.360036386344,-115.809122931234,-4.05));
#3193=CARTESIAN_POINT('Origin',(277.360036386344,-117.809122931234,-4.05));
#3194=CARTESIAN_POINT('Origin',(277.360036386344,-113.809122931234,-4.05));
#3195=CARTESIAN_POINT('Origin',(273.360036386344,-113.784020999789,-4.05));
#3196=CARTESIAN_POINT('',(275.360036386344,-165.180955735775,-4.05));
#3197=CARTESIAN_POINT('',(273.360036386344,-165.180955735775,-6.05));
#3198=CARTESIAN_POINT('Origin',(273.360036386344,-165.180955735775,-4.05));
#3199=CARTESIAN_POINT('',(275.360036386344,-113.784020999789,-4.05));
#3200=CARTESIAN_POINT('',(273.360036386344,-113.784020999789,-6.05));
#3201=CARTESIAN_POINT('Origin',(277.360036386344,-117.809122931234,-6.05));
#3202=CARTESIAN_POINT('',(277.360036386344,-115.809122931234,-6.05));
#3203=CARTESIAN_POINT('',(275.360036386344,-117.809122931234,-6.05));
#3204=CARTESIAN_POINT('Origin',(252.433199722357,-113.809122931234,-4.05));
#3205=CARTESIAN_POINT('',(302.623487740171,-113.809122931234,-6.05));
#3206=CARTESIAN_POINT('',(302.623487740171,-115.809122931234,-4.05));
#3207=CARTESIAN_POINT('Origin',(302.623487740171,-113.809122931234,-4.05));
#3208=CARTESIAN_POINT('',(252.433199722357,-113.809122931234,-6.05));
#3209=CARTESIAN_POINT('',(252.433199722357,-115.809122931234,-4.05));
#3210=CARTESIAN_POINT('Origin',(277.360036386344,-128.152081132369,-2.05));
#3211=CARTESIAN_POINT('',(275.360036386344,-165.180955735775,-2.05));
#3212=CARTESIAN_POINT('',(277.360036386344,-165.180955735775,-0.05));
#3213=CARTESIAN_POINT('Origin',(277.360036386344,-165.180955735775,-2.05));
#3214=CARTESIAN_POINT('',(277.360036386344,-128.152081132369,-0.05));
#3215=CARTESIAN_POINT('',(275.360036386344,-128.152081132369,-2.05));
#3216=CARTESIAN_POINT('Origin',(295.807624901714,-117.809122931234,-2.05));
#3217=CARTESIAN_POINT('',(302.623487740171,-117.809122931234,-0.05));
#3218=CARTESIAN_POINT('',(302.623487740171,-115.809122931234,-2.05));
#3219=CARTESIAN_POINT('Origin',(302.623487740171,-117.809122931234,-2.05));
#3220=CARTESIAN_POINT('',(295.807624901714,-115.809122931234,-2.05));
#3221=CARTESIAN_POINT('',(295.807624901714,-117.809122931234,-0.05));
#3222=CARTESIAN_POINT('Origin',(277.623487740171,-165.180955735775,-6.05));
#3223=CARTESIAN_POINT('',(273.016114445308,-165.180955735775,-6.05));
#3224=CARTESIAN_POINT('',(277.623487740171,-165.180955735775,-6.05));
#3225=CARTESIAN_POINT('',(273.016114445308,-165.180955735775,9.95));
#3226=CARTESIAN_POINT('',(273.016114445308,-165.180955735775,-6.05));
#3227=CARTESIAN_POINT('',(284.80660535472,-165.180955735775,9.95));
#3228=CARTESIAN_POINT('',(277.623487740171,-165.180955735775,9.95));
#3229=CARTESIAN_POINT('',(284.80660535472,-165.180955735775,-0.05));
#3230=CARTESIAN_POINT('',(284.80660535472,-165.180955735775,-6.05));
#3231=CARTESIAN_POINT('',(283.307624901714,-165.180955735775,-0.05));
#3232=CARTESIAN_POINT('',(275.360036386344,-165.180955735775,-6.05));
#3233=CARTESIAN_POINT('Origin',(202.242911704542,-111.758919068345,-6.05));
#3234=CARTESIAN_POINT('',(302.623487740171,-63.2128996238604,-6.05));
#3235=CARTESIAN_POINT('',(302.623487740171,-115.236341360244,-6.05));
#3236=CARTESIAN_POINT('',(297.623487740171,-58.2128996238604,-6.05));
#3237=CARTESIAN_POINT('Origin',(297.623487740171,-63.2128996238604,-6.05));
#3238=CARTESIAN_POINT('',(280.101312109037,-58.2128996238604,-6.05));
#3239=CARTESIAN_POINT('',(277.623487740171,-58.2128996238604,-6.05));
#3240=CARTESIAN_POINT('',(275.505031714577,-57.8034097113031,-6.05));
#3241=CARTESIAN_POINT('Origin',(280.101312109037,-32.2128996238604,-6.05));
#3242=CARTESIAN_POINT('',(134.247747342492,-57.8034097113031,-6.05));
#3243=CARTESIAN_POINT('',(164.495329523517,-57.8034097113031,-6.05));
#3244=CARTESIAN_POINT('',(126.747747342492,-65.3034097113031,-6.05));
#3245=CARTESIAN_POINT('Origin',(134.247747342492,-65.3034097113031,-6.05));
#3246=CARTESIAN_POINT('',(126.747747342492,-158.214428425387,-6.05));
#3247=CARTESIAN_POINT('',(126.747747342492,-138.736673746866,-6.05));
#3248=CARTESIAN_POINT('',(134.247747342492,-165.714428425387,-6.05));
#3249=CARTESIAN_POINT('Origin',(134.247747342492,-158.214428425387,-6.05));
#3250=CARTESIAN_POINT('',(270.238076066592,-165.714428425387,-6.05));
#3251=CARTESIAN_POINT('',(239.990493885567,-165.714428425387,-6.05));
#3252=CARTESIAN_POINT('Origin',(270.238076066592,-158.214428425387,-6.05));
#3253=CARTESIAN_POINT('',(267.240058799667,-159.520450788045,-6.05));
#3254=CARTESIAN_POINT('',(265.012706214652,-159.520450788045,-6.05));
#3255=CARTESIAN_POINT('',(277.623487740171,-159.520450788045,-6.05));
#3256=CARTESIAN_POINT('',(262.623487740171,-160.984515450192,-6.05));
#3257=CARTESIAN_POINT('Origin',(262.83,-158.64,-6.05));
#3258=CARTESIAN_POINT('',(262.623487740171,-162.788486063431,-6.05));
#3259=CARTESIAN_POINT('',(262.623487740171,-159.520450788045,-6.05));
#3260=CARTESIAN_POINT('',(259.636013366294,-162.788486063431,-6.05));
#3261=CARTESIAN_POINT('',(230.289462535418,-162.788486063431,-6.05));
#3262=CARTESIAN_POINT('',(258.336013366294,-161.488486063431,-6.05));
#3263=CARTESIAN_POINT('Origin',(259.636013366294,-161.488486063431,-6.05));
#3264=CARTESIAN_POINT('',(258.336013366294,-154.770298981994,-6.05));
#3265=CARTESIAN_POINT('',(258.336013366294,-132.61460902517,-6.05));
#3266=CARTESIAN_POINT('',(259.636013366294,-153.470298981994,-6.05));
#3267=CARTESIAN_POINT('Origin',(259.636013366294,-154.770298981994,-6.05));
#3268=CARTESIAN_POINT('',(265.940058799667,-153.470298981994,-6.05));
#3269=CARTESIAN_POINT('',(234.741485252105,-153.470298981994,-6.05));
#3270=CARTESIAN_POINT('',(267.240058799667,-154.770298981994,-6.05));
#3271=CARTESIAN_POINT('Origin',(265.940058799667,-154.770298981994,-6.05));
#3272=CARTESIAN_POINT('',(267.240058799667,-137.273702565888,-6.05));
#3273=CARTESIAN_POINT('',(157.353307723299,-60.1003531802267,-6.05));
#3274=CARTESIAN_POINT('',(161.791327034641,-60.1003531802267,-6.05));
#3275=CARTESIAN_POINT('',(182.667119369592,-60.1003531802267,-6.05));
#3276=CARTESIAN_POINT('',(163.091327034641,-61.4003531802268,-6.05));
#3277=CARTESIAN_POINT('Origin',(161.791327034641,-61.4003531802268,-6.05));
#3278=CARTESIAN_POINT('',(163.091327034641,-65.9881175832994,-6.05));
#3279=CARTESIAN_POINT('',(163.091327034641,-89.5235183258221,-6.05));
#3280=CARTESIAN_POINT('',(161.791327034641,-67.2881175832994,-6.05));
#3281=CARTESIAN_POINT('Origin',(161.791327034641,-65.9881175832994,-6.05));
#3282=CARTESIAN_POINT('',(157.353307723299,-67.2881175832994,-6.05));
#3283=CARTESIAN_POINT('',(179.148109713921,-67.2881175832994,-6.05));
#3284=CARTESIAN_POINT('',(156.053307723299,-65.9881175832994,-6.05));
#3285=CARTESIAN_POINT('Origin',(157.353307723299,-65.9881175832994,-6.05));
#3286=CARTESIAN_POINT('',(156.053307723299,-61.4003531802267,-6.05));
#3287=CARTESIAN_POINT('',(156.053307723299,-85.9296361242858,-6.05));
#3288=CARTESIAN_POINT('Origin',(157.353307723299,-61.4003531802267,-6.05));
#3289=CARTESIAN_POINT('',(167.781130703869,-140.663212531333,-6.05));
#3290=CARTESIAN_POINT('',(160.87231737897,-140.663212531333,-6.05));
#3291=CARTESIAN_POINT('',(180.907614541756,-140.663212531333,-6.05));
#3292=CARTESIAN_POINT('',(159.57231737897,-139.363212531333,-6.05));
#3293=CARTESIAN_POINT('Origin',(160.87231737897,-139.363212531333,-6.05));
#3294=CARTESIAN_POINT('',(159.57231737897,-132.978507027492,-6.05));
#3295=CARTESIAN_POINT('',(159.57231737897,-121.718713047918,-6.05));
#3296=CARTESIAN_POINT('',(160.87231737897,-131.678507027492,-6.05));
#3297=CARTESIAN_POINT('Origin',(160.87231737897,-132.978507027492,-6.05));
#3298=CARTESIAN_POINT('',(167.781130703869,-131.678507027492,-6.05));
#3299=CARTESIAN_POINT('',(185.662021204205,-131.678507027492,-6.05));
#3300=CARTESIAN_POINT('',(169.081130703869,-132.978507027492,-6.05));
#3301=CARTESIAN_POINT('Origin',(167.781130703869,-132.978507027492,-6.05));
#3302=CARTESIAN_POINT('',(169.081130703869,-139.363212531333,-6.05));
#3303=CARTESIAN_POINT('',(169.081130703869,-126.211065799839,-6.05));
#3304=CARTESIAN_POINT('Origin',(167.781130703869,-139.363212531333,-6.05));
#3305=CARTESIAN_POINT('',(256.445291422636,-77.3069133626308,-6.05));
#3306=CARTESIAN_POINT('',(256.445291422636,-74.1770377695442,-6.05));
#3307=CARTESIAN_POINT('',(256.445291422636,-92.3179784189445,-6.05));
#3308=CARTESIAN_POINT('',(257.745291422636,-72.8770377695442,-6.05));
#3309=CARTESIAN_POINT('Origin',(257.745291422636,-74.1770377695442,-6.05));
#3310=CARTESIAN_POINT('',(260.800753046981,-72.8770377695442,-6.05));
#3311=CARTESIAN_POINT('',(232.171832375762,-72.8770377695442,-6.05));
#3312=CARTESIAN_POINT('',(262.100753046981,-74.1770377695442,-6.05));
#3313=CARTESIAN_POINT('Origin',(260.800753046981,-74.1770377695442,-6.05));
#3314=CARTESIAN_POINT('',(262.100753046981,-77.3069133626308,-6.05));
#3315=CARTESIAN_POINT('',(262.100753046981,-95.1829162154878,-6.05));
#3316=CARTESIAN_POINT('',(260.800753046981,-78.6069133626308,-6.05));
#3317=CARTESIAN_POINT('Origin',(260.800753046981,-77.3069133626308,-6.05));
#3318=CARTESIAN_POINT('',(257.745291422636,-78.6069133626308,-6.05));
#3319=CARTESIAN_POINT('',(229.344101563589,-78.6069133626308,-6.05));
#3320=CARTESIAN_POINT('Origin',(257.745291422636,-77.3069133626308,-6.05));
#3321=CARTESIAN_POINT('',(150.76452368715,-110.264958910005,-6.05));
#3322=CARTESIAN_POINT('',(156.849739007529,-110.264958910005,-6.05));
#3323=CARTESIAN_POINT('',(180.196325356036,-110.264958910005,-6.05));
#3324=CARTESIAN_POINT('',(158.149739007529,-111.564958910005,-6.05));
#3325=CARTESIAN_POINT('Origin',(156.849739007529,-111.564958910005,-6.05));
#3326=CARTESIAN_POINT('',(158.149739007529,-117.200938955192,-6.05));
#3327=CARTESIAN_POINT('',(158.149739007529,-115.129929011769,-6.05));
#3328=CARTESIAN_POINT('',(156.849739007529,-118.500938955192,-6.05));
#3329=CARTESIAN_POINT('Origin',(156.849739007529,-117.200938955192,-6.05));
#3330=CARTESIAN_POINT('',(150.76452368715,-118.500938955192,-6.05));
#3331=CARTESIAN_POINT('',(175.853717695846,-118.500938955192,-6.05));
#3332=CARTESIAN_POINT('',(149.46452368715,-117.200938955192,-6.05));
#3333=CARTESIAN_POINT('Origin',(150.76452368715,-117.200938955192,-6.05));
#3334=CARTESIAN_POINT('',(149.46452368715,-111.564958910005,-6.05));
#3335=CARTESIAN_POINT('',(149.46452368715,-111.011938989175,-6.05));
#3336=CARTESIAN_POINT('Origin',(150.76452368715,-111.564958910005,-6.05));
#3337=CARTESIAN_POINT('Origin',(302.623487740171,-111.63493629129,-0.0897061994744464));
#3338=CARTESIAN_POINT('',(302.623487740171,-115.809122931234,-3.06985309973722));
#3339=CARTESIAN_POINT('',(302.623487740171,-149.405351137558,-0.05));
#3340=CARTESIAN_POINT('',(302.623487740171,-126.064987812397,-0.05));
#3341=CARTESIAN_POINT('',(302.623487740171,-149.405351137558,9.87058760105111));
#3342=CARTESIAN_POINT('',(302.623487740171,-149.405351137558,-6.05));
#3343=CARTESIAN_POINT('',(302.623487740171,-113.554111815996,9.87058760105111));
#3344=CARTESIAN_POINT('',(302.623487740171,-52.4284118990763,9.87058760105111));
#3345=CARTESIAN_POINT('',(302.623487740171,-110.554111815996,12.8705876010511));
#3346=CARTESIAN_POINT('',(302.623487740171,-114.814391384951,8.61030803209615));
#3347=CARTESIAN_POINT('',(302.623487740171,-63.2128996238604,12.8705876010511));
#3348=CARTESIAN_POINT('',(302.623487740171,-110.554111815996,12.8705876010511));
#3349=CARTESIAN_POINT('',(302.623487740171,-63.2128996238604,6.43014690026278));
#3350=CARTESIAN_POINT('Origin',(302.623487740171,-115.809122931234,-6.05));
#3351=CARTESIAN_POINT('Origin',(275.360036386344,-115.809122931234,-6.05));
#3352=CARTESIAN_POINT('Origin',(288.991762063257,-140.495039333504,-0.05));
#3353=CARTESIAN_POINT('Origin',(284.80660535472,-147.232008205729,-0.05));
#3354=CARTESIAN_POINT('Origin',(297.623487740171,-63.2128996238604,6.43014690026278));
#3355=CARTESIAN_POINT('',(297.623487740171,-58.2128996238604,12.8705876010511));
#3356=CARTESIAN_POINT('Origin',(297.623487740171,-63.2128996238604,12.8705876010511));
#3357=CARTESIAN_POINT('',(297.623487740171,-58.2128996238604,6.43014690026278));
#3358=CARTESIAN_POINT('Origin',(280.101312109037,-32.2128996238604,12.95));
#3359=CARTESIAN_POINT('',(280.101312109037,-58.2128996238604,12.95));
#3360=CARTESIAN_POINT('',(280.101312109037,-58.2128996238604,12.95));
#3361=CARTESIAN_POINT('',(275.505031714577,-57.8034097113031,12.95));
#3362=CARTESIAN_POINT('Origin',(280.101312109037,-32.2128996238604,12.95));
#3363=CARTESIAN_POINT('',(275.505031714577,-57.8034097113031,12.95));
#3364=CARTESIAN_POINT('Origin',(202.772999108281,-81.5618816864627,12.95));
#3365=CARTESIAN_POINT('',(302.623487740171,-58.2128996238604,12.95));
#3366=CARTESIAN_POINT('',(277.623487740171,-58.2128996238604,12.95));
#3367=CARTESIAN_POINT('',(302.623487740171,-54.9284118990763,12.95));
#3368=CARTESIAN_POINT('',(302.623487740171,-126.910832391546,12.95));
#3369=CARTESIAN_POINT('',(295.123487740171,-52.4284118990763,12.95));
#3370=CARTESIAN_POINT('Origin',(295.123487740171,-64.9284118990763,12.95));
#3371=CARTESIAN_POINT('',(194.724099490209,-52.4284118990763,12.95));
#3372=CARTESIAN_POINT('',(283.441888592673,-52.4284118990763,12.95));
#3373=CARTESIAN_POINT('',(194.724099490209,-57.8034097113031,12.95));
#3374=CARTESIAN_POINT('',(194.724099490209,-69.6826456988829,12.95));
#3375=CARTESIAN_POINT('',(236.505537587437,-57.8034097113031,12.95));
#3376=CARTESIAN_POINT('',(205.740763475548,-55.793288672385,12.95));
#3377=CARTESIAN_POINT('Origin',(204.490763475548,-55.793288672385,12.95));
#3378=CARTESIAN_POINT('',(254.740763475548,-55.793288672385,12.95));
#3379=CARTESIAN_POINT('Origin',(253.490763475548,-55.793288672385,12.95));
#3380=CARTESIAN_POINT('Origin',(282.623487740171,-145.841460683504,-3.06985309973722));
#3381=CARTESIAN_POINT('',(282.623487740171,-170.841460683504,-10.05));
#3382=CARTESIAN_POINT('',(307.623487740171,-145.841460683504,-10.05));
#3383=CARTESIAN_POINT('Origin',(282.623487740171,-145.841460683504,-10.05));
#3384=CARTESIAN_POINT('',(307.623487740171,-145.841460683504,9.87058760105111));
#3385=CARTESIAN_POINT('',(307.623487740171,-145.841460683504,-3.06985309973722));
#3386=CARTESIAN_POINT('',(302.623487740171,-160.841460683504,9.87058760105111));
#3387=CARTESIAN_POINT('Origin',(282.623487740171,-145.841460683504,9.87058760105111));
#3388=CARTESIAN_POINT('',(302.623487740171,-160.841460683504,9.95));
#3389=CARTESIAN_POINT('',(302.623487740171,-160.841460683504,-3.06985309973722));
#3390=CARTESIAN_POINT('',(282.623487740171,-170.841460683504,9.95));
#3391=CARTESIAN_POINT('Origin',(282.623487740171,-145.841460683504,9.95));
#3392=CARTESIAN_POINT('',(282.623487740171,-170.841460683504,-3.06985309973722));
#3393=CARTESIAN_POINT('Origin',(246.705110235632,-152.911049523125,9.95));
#3394=CARTESIAN_POINT('',(302.623487740171,-149.405351137558,9.95));
#3395=CARTESIAN_POINT('',(302.623487740171,-165.180955735775,9.95));
#3396=CARTESIAN_POINT('Origin',(284.80660535472,-147.232008205729,9.95));
#3397=CARTESIAN_POINT('',(270.238076066592,-165.714428425387,9.95));
#3398=CARTESIAN_POINT('Origin',(270.238076066592,-158.214428425387,9.95));
#3399=CARTESIAN_POINT('',(214.968331878591,-165.714428425387,9.95));
#3400=CARTESIAN_POINT('',(209.968331878591,-165.714428425387,9.95));
#3401=CARTESIAN_POINT('',(214.968331878591,-170.841460683504,9.95));
#3402=CARTESIAN_POINT('',(214.968331878591,-159.312738974256,9.95));
#3403=CARTESIAN_POINT('',(277.623487740171,-170.841460683504,9.95));
#3404=CARTESIAN_POINT('',(269.740763475548,-167.793288672385,9.95));
#3405=CARTESIAN_POINT('Origin',(268.490763475548,-167.793288672385,9.95));
#3406=CARTESIAN_POINT('',(238.740763475548,-167.793288672385,9.95));
#3407=CARTESIAN_POINT('Origin',(237.490763475548,-167.793288672385,9.95));
#3408=CARTESIAN_POINT('Origin',(302.623487740171,-172.259783096629,16.95));
#3409=CARTESIAN_POINT('',(302.623487740171,-52.4284118990763,9.87058760105111));
#3410=CARTESIAN_POINT('',(302.623487740171,-149.405351137558,-6.05));
#3411=CARTESIAN_POINT('Origin',(302.623487740171,-52.4284118990763,9.87058760105111));
#3412=CARTESIAN_POINT('',(307.623487740171,-113.554111815996,9.87058760105111));
#3413=CARTESIAN_POINT('',(307.623487740171,-52.4284118990763,9.87058760105111));
#3414=CARTESIAN_POINT('',(302.623487740171,-113.554111815996,9.87058760105111));
#3415=CARTESIAN_POINT('Origin',(284.80660535472,-147.232008205729,-6.05));
#3416=CARTESIAN_POINT('Origin',(295.123487740171,-64.9284118990763,-3.06985309973722));
#3417=CARTESIAN_POINT('',(302.623487740171,-54.9284118990763,12.8705876010511));
#3418=CARTESIAN_POINT('',(307.623487740171,-64.9284118990763,12.8705876010511));
#3419=CARTESIAN_POINT('Origin',(295.123487740171,-64.9284118990763,12.8705876010511));
#3420=CARTESIAN_POINT('',(307.623487740171,-64.9284118990763,-10.05));
#3421=CARTESIAN_POINT('',(307.623487740171,-64.9284118990763,-3.06985309973722));
#3422=CARTESIAN_POINT('',(295.123487740171,-52.4284118990763,-10.05));
#3423=CARTESIAN_POINT('Origin',(295.123487740171,-64.9284118990763,-10.05));
#3424=CARTESIAN_POINT('',(295.123487740171,-52.4284118990763,-3.06985309973722));
#3425=CARTESIAN_POINT('',(302.623487740171,-54.9284118990763,-3.06985309973722));
#3426=CARTESIAN_POINT('Origin',(302.623487740171,-172.259783096629,16.95));
#3427=CARTESIAN_POINT('',(302.623487740171,-58.2128996238604,12.8705876010511));
#3428=CARTESIAN_POINT('',(302.623487740171,-58.2128996238604,14.95));
#3429=CARTESIAN_POINT('',(302.623487740171,-126.875522477082,12.8705876010511));
#3430=CARTESIAN_POINT('Origin',(122.10410962389,-52.4284118990763,-6.05));
#3431=CARTESIAN_POINT('',(127.10410962389,-52.4284118990763,-10.05));
#3432=CARTESIAN_POINT('',(277.623487740171,-52.4284118990763,-10.05));
#3433=CARTESIAN_POINT('',(127.10410962389,-52.4284118990763,9.95));
#3434=CARTESIAN_POINT('',(127.10410962389,-52.4284118990763,-6.05));
#3435=CARTESIAN_POINT('',(134.895379840557,-52.4284118990763,9.95));
#3436=CARTESIAN_POINT('',(283.441888592673,-52.4284118990763,9.95));
#3437=CARTESIAN_POINT('',(164.711482872308,-52.4284118990763,16.95));
#3438=CARTESIAN_POINT('Origin',(134.895379840557,-52.4284118990763,76.95));
#3439=CARTESIAN_POINT('',(194.724099490209,-52.4284118990763,16.95));
#3440=CARTESIAN_POINT('',(164.711482872308,-52.4284118990763,16.95));
#3441=CARTESIAN_POINT('',(194.724099490209,-52.4284118990763,9.95));
#3442=CARTESIAN_POINT('',(173.842698183752,-52.4284118990763,7.68869308142248));
#3443=CARTESIAN_POINT('',(173.842698183752,-52.4284118990763,7.2983121373065));
#3444=CARTESIAN_POINT('',(173.842698183752,-52.4284118990763,2.56934654071124));
#3445=CARTESIAN_POINT('',(177.342698183752,-52.4284118990763,3.7983121373065));
#3446=CARTESIAN_POINT('Origin',(177.342698183752,-52.4284118990763,7.2983121373065));
#3447=CARTESIAN_POINT('',(185.783315513422,-52.4284118990763,3.7983121373065));
#3448=CARTESIAN_POINT('',(147.973403903821,-52.4284118990763,3.7983121373065));
#3449=CARTESIAN_POINT('',(189.283315513422,-52.4284118990763,7.2983121373065));
#3450=CARTESIAN_POINT('Origin',(185.783315513422,-52.4284118990763,7.2983121373065));
#3451=CARTESIAN_POINT('',(189.283315513422,-52.4284118990763,7.68869308142248));
#3452=CARTESIAN_POINT('',(189.283315513422,-52.4284118990763,-1.12584393134675));
#3453=CARTESIAN_POINT('',(185.783315513422,-52.4284118990763,11.1886930814225));
#3454=CARTESIAN_POINT('Origin',(185.783315513422,-52.4284118990763,7.68869308142248));
#3455=CARTESIAN_POINT('',(177.342698183752,-52.4284118990763,11.1886930814225));
#3456=CARTESIAN_POINT('',(155.693712568656,-52.4284118990763,11.1886930814225));
#3457=CARTESIAN_POINT('Origin',(177.342698183752,-52.4284118990763,7.68869308142248));
#3458=CARTESIAN_POINT('Origin',(303.873487740171,-112.054111815996,11.3705876010511));
#3459=CARTESIAN_POINT('',(307.623487740171,-110.554111815996,12.8705876010511));
#3460=CARTESIAN_POINT('',(307.623487740171,-114.814391384951,8.61030803209615));
#3461=CARTESIAN_POINT('',(303.873487740171,-110.554111815996,12.8705876010511));
#3462=CARTESIAN_POINT('Origin',(305.123487740171,-81.4912618575361,12.8705876010511));
#3463=CARTESIAN_POINT('',(291.373487740171,-58.2128996238604,12.8705876010511));
#3464=CARTESIAN_POINT('',(307.623487740171,-110.554111815996,12.8705876010511));
#3465=CARTESIAN_POINT('Origin',(307.623487740171,-111.63493629129,-0.0897061994744464));
#3466=CARTESIAN_POINT('',(307.623487740171,-170.841460683504,-10.05));
#3467=CARTESIAN_POINT('Origin',(277.623487740171,-58.2128996238604,12.95));
#3468=CARTESIAN_POINT('Origin',(277.623487740171,-159.520450788045,9.95));
#3469=CARTESIAN_POINT('',(265.012706214652,-159.520450788045,-0.0499999999999995));
#3470=CARTESIAN_POINT('',(265.012706214652,-159.520450788045,1.51));
#3471=CARTESIAN_POINT('',(267.240058799667,-159.520450788045,-0.05));
#3472=CARTESIAN_POINT('',(267.240058799667,-159.520450788045,1.95));
#3473=CARTESIAN_POINT('',(270.205761911576,-159.520450788045,-0.0499999999999995));
#3474=CARTESIAN_POINT('Origin',(262.623487740171,-162.35070326191,1.95));
#3475=CARTESIAN_POINT('',(262.623487740171,-160.984515450192,-0.05));
#3476=CARTESIAN_POINT('',(262.623487740171,-160.984515450192,1.51));
#3477=CARTESIAN_POINT('',(262.623487740171,-162.788486063431,-0.05));
#3478=CARTESIAN_POINT('',(262.623487740171,-160.240047892311,-0.05));
#3479=CARTESIAN_POINT('',(262.623487740171,-162.788486063431,-2.05));
#3480=CARTESIAN_POINT('Origin',(270.238076066592,-158.214428425387,-6.05));
#3481=CARTESIAN_POINT('',(270.238076066592,-165.714428425387,-6.05));
#3482=CARTESIAN_POINT('Origin',(262.788036082981,-158.129392522713,-0.05));
#3483=CARTESIAN_POINT('',(267.240058799667,-154.770298981994,-0.05));
#3484=CARTESIAN_POINT('',(267.240058799667,-153.470298981994,-0.05));
#3485=CARTESIAN_POINT('',(265.940058799667,-153.470298981994,-0.05));
#3486=CARTESIAN_POINT('Origin',(265.940058799667,-154.770298981994,-0.05));
#3487=CARTESIAN_POINT('',(259.636013366294,-153.470298981994,-0.05));
#3488=CARTESIAN_POINT('',(258.336013366294,-153.470298981994,-0.05));
#3489=CARTESIAN_POINT('',(258.336013366294,-154.770298981994,-0.05));
#3490=CARTESIAN_POINT('Origin',(259.636013366294,-154.770298981994,-0.05));
#3491=CARTESIAN_POINT('',(258.336013366294,-161.488486063431,-0.05));
#3492=CARTESIAN_POINT('',(258.336013366294,-162.788486063431,-0.05));
#3493=CARTESIAN_POINT('',(259.636013366294,-162.788486063431,-0.05));
#3494=CARTESIAN_POINT('Origin',(259.636013366294,-161.488486063431,-0.05));
#3495=CARTESIAN_POINT('',(267.240058799667,-162.788486063431,-0.05));
#3496=CARTESIAN_POINT('',(265.183593,-158.64,-0.0499999999999995));
#3497=CARTESIAN_POINT('Origin',(262.83,-158.64,-0.05));
#3498=CARTESIAN_POINT('Origin',(262.83,-158.64,-0.05));
#3499=CARTESIAN_POINT('Origin',(267.240058799667,-162.788486063431,-6.05));
#3500=CARTESIAN_POINT('',(267.240058799667,-154.770298981994,-6.05));
#3501=CARTESIAN_POINT('Origin',(202.242911704542,-111.758919068345,-10.05));
#3502=CARTESIAN_POINT('',(127.10410962389,-170.841460683504,-10.05));
#3503=CARTESIAN_POINT('',(283.441888592673,-170.841460683504,-10.05));
#3504=CARTESIAN_POINT('',(122.10410962389,-165.841460683504,-10.05));
#3505=CARTESIAN_POINT('Origin',(127.10410962389,-165.841460683504,-10.05));
#3506=CARTESIAN_POINT('',(122.10410962389,-57.4284118990763,-10.05));
#3507=CARTESIAN_POINT('',(122.10410962389,-170.841460683504,-10.05));
#3508=CARTESIAN_POINT('Origin',(127.10410962389,-57.4284118990763,-10.05));
#3509=CARTESIAN_POINT('',(238.740763475548,-167.793288672385,-10.05));
#3510=CARTESIAN_POINT('Origin',(237.490763475548,-167.793288672385,-10.05));
#3511=CARTESIAN_POINT('',(269.740763475548,-167.793288672385,-10.05));
#3512=CARTESIAN_POINT('Origin',(268.490763475548,-167.793288672385,-10.05));
#3513=CARTESIAN_POINT('',(205.740763475548,-55.793288672385,-10.05));
#3514=CARTESIAN_POINT('Origin',(204.490763475548,-55.793288672385,-10.05));
#3515=CARTESIAN_POINT('',(254.740763475548,-55.793288672385,-10.05));
#3516=CARTESIAN_POINT('Origin',(253.490763475548,-55.793288672385,-10.05));
#3517=CARTESIAN_POINT('',(261.523593,-75.73,-10.05));
#3518=CARTESIAN_POINT('Origin',(259.17,-75.73,-10.05));
#3519=CARTESIAN_POINT('',(162.203593,-64.01,-10.05));
#3520=CARTESIAN_POINT('Origin',(159.85,-64.01,-10.05));
#3521=CARTESIAN_POINT('',(265.183593,-158.64,-10.05));
#3522=CARTESIAN_POINT('Origin',(262.83,-158.64,-10.05));
#3523=CARTESIAN_POINT('',(166.363593,-136.5,-10.05));
#3524=CARTESIAN_POINT('Origin',(164.01,-136.5,-10.05));
#3525=CARTESIAN_POINT('Origin',(283.441888592673,-170.841460683504,-6.05));
#3526=CARTESIAN_POINT('',(209.968331878591,-170.841460683504,4.95));
#3527=CARTESIAN_POINT('',(226.836721057111,-170.841460683504,21.8183891785204));
#3528=CARTESIAN_POINT('',(206.651707088235,-170.841460683504,3.95));
#3529=CARTESIAN_POINT('Origin',(206.651707088235,-170.841460683504,9.95));
#3530=CARTESIAN_POINT('',(127.10410962389,-170.841460683504,3.95));
#3531=CARTESIAN_POINT('',(283.441888592673,-170.841460683504,3.95));
#3532=CARTESIAN_POINT('',(127.10410962389,-170.841460683504,-6.05));
#3533=CARTESIAN_POINT('Origin',(185.783315513422,-52.4284118990763,7.2983121373065));
#3534=CARTESIAN_POINT('',(185.783315513422,-57.8034097113031,3.7983121373065));
#3535=CARTESIAN_POINT('',(185.783315513422,-52.4284118990763,3.7983121373065));
#3536=CARTESIAN_POINT('',(189.283315513422,-57.8034097113031,7.2983121373065));
#3537=CARTESIAN_POINT('Origin',(185.783315513422,-57.8034097113031,7.2983121373065));
#3538=CARTESIAN_POINT('',(189.283315513422,-52.4284118990763,7.2983121373065));
#3539=CARTESIAN_POINT('Origin',(173.842698183752,-52.4284118990763,3.7983121373065));
#3540=CARTESIAN_POINT('',(177.342698183752,-57.8034097113031,3.7983121373065));
#3541=CARTESIAN_POINT('',(177.342698183752,-52.4284118990763,3.7983121373065));
#3542=CARTESIAN_POINT('',(225.790387125172,-57.8034097113031,3.7983121373065));
#3543=CARTESIAN_POINT('Origin',(177.342698183752,-52.4284118990763,7.68869308142248));
#3544=CARTESIAN_POINT('',(177.342698183752,-57.8034097113031,11.1886930814225));
#3545=CARTESIAN_POINT('',(177.342698183752,-52.4284118990763,11.1886930814225));
#3546=CARTESIAN_POINT('',(173.842698183752,-57.8034097113031,7.68869308142248));
#3547=CARTESIAN_POINT('Origin',(177.342698183752,-57.8034097113031,7.68869308142248));
#3548=CARTESIAN_POINT('',(173.842698183752,-52.4284118990763,7.68869308142248));
#3549=CARTESIAN_POINT('Origin',(189.283315513422,-52.4284118990763,11.1886930814225));
#3550=CARTESIAN_POINT('',(185.783315513422,-57.8034097113031,11.1886930814225));
#3551=CARTESIAN_POINT('',(185.783315513422,-52.4284118990763,11.1886930814225));
#3552=CARTESIAN_POINT('',(233.510695790007,-57.8034097113031,11.1886930814225));
#3553=CARTESIAN_POINT('Origin',(177.342698183752,-52.4284118990763,7.2983121373065));
#3554=CARTESIAN_POINT('',(173.842698183752,-57.8034097113031,7.2983121373065));
#3555=CARTESIAN_POINT('',(173.842698183752,-52.4284118990763,7.2983121373065));
#3556=CARTESIAN_POINT('Origin',(177.342698183752,-57.8034097113031,7.2983121373065));
#3557=CARTESIAN_POINT('Origin',(173.842698183752,-52.4284118990763,11.1886930814225));
#3558=CARTESIAN_POINT('',(173.842698183752,-57.8034097113031,2.56934654071124));
#3559=CARTESIAN_POINT('Origin',(185.783315513422,-52.4284118990763,7.68869308142248));
#3560=CARTESIAN_POINT('',(189.283315513422,-57.8034097113031,7.68869308142248));
#3561=CARTESIAN_POINT('',(189.283315513422,-52.4284118990763,7.68869308142248));
#3562=CARTESIAN_POINT('Origin',(185.783315513422,-57.8034097113031,7.68869308142248));
#3563=CARTESIAN_POINT('Origin',(189.283315513422,-52.4284118990763,3.7983121373065));
#3564=CARTESIAN_POINT('',(189.283315513422,-57.8034097113031,-1.12584393134675));
#3565=CARTESIAN_POINT('Origin',(134.247747342492,-65.3034097113031,-6.05));
#3566=CARTESIAN_POINT('',(126.747747342492,-65.3034097113031,4.30810685110307));
#3567=CARTESIAN_POINT('',(127.10101607872,-63.0287158322473,5.24791891658938));
#3568=CARTESIAN_POINT('Ctrl Pts',(127.10101607872,-63.0287158322473,5.24791891658939));
#3569=CARTESIAN_POINT('Ctrl Pts',(127.078827194949,-63.0984298235726,5.20844905792185));
#3570=CARTESIAN_POINT('Ctrl Pts',(127.057552940111,-63.1688008116012,5.16971393205469));
#3571=CARTESIAN_POINT('Ctrl Pts',(126.851009812761,-63.8904811214791,4.7837769645311));
#3572=CARTESIAN_POINT('Ctrl Pts',(126.747747342494,-64.5954679650181,4.50283699977612));
#3573=CARTESIAN_POINT('Ctrl Pts',(126.747747342492,-65.3034097112904,4.30810685110656));
#3574=CARTESIAN_POINT('',(126.747747342492,-65.3034097113031,-6.05));
#3575=CARTESIAN_POINT('',(134.247747342492,-57.8034097113031,9.95));
#3576=CARTESIAN_POINT('',(134.247747342492,-57.8034097113031,-6.05));
#3577=CARTESIAN_POINT('',(133.820351999241,-57.8155973992478,9.94999999999999));
#3578=CARTESIAN_POINT('Origin',(134.247747342492,-65.3034097113031,9.95));
#3579=CARTESIAN_POINT('Ctrl Pts',(133.820351999241,-57.8155973992478,9.94999999999999));
#3580=CARTESIAN_POINT('Ctrl Pts',(133.102454637368,-57.8565741193644,9.94999999999999));
#3581=CARTESIAN_POINT('Ctrl Pts',(132.399327703489,-58.0004391918869,9.89448509468025));
#3582=CARTESIAN_POINT('Ctrl Pts',(131.145264923772,-58.4467374810596,9.65118500556878));
#3583=CARTESIAN_POINT('Ctrl Pts',(130.601016798863,-58.7230384069393,9.48243066668282));
#3584=CARTESIAN_POINT('Ctrl Pts',(129.45884181208,-59.4791492136229,8.94939929778513));
#3585=CARTESIAN_POINT('Ctrl Pts',(128.847594737265,-60.0313574554829,8.51838681826441));
#3586=CARTESIAN_POINT('Ctrl Pts',(127.88082377761,-61.2723717950047,7.32514822600571));
#3587=CARTESIAN_POINT('Ctrl Pts',(127.559306300847,-61.8549687823539,6.68110914876032));
#3588=CARTESIAN_POINT('Ctrl Pts',(127.238992203633,-62.6246748722355,5.75292408975144));
#3589=CARTESIAN_POINT('Ctrl Pts',(127.165148886942,-62.8272206113837,5.50183986221041));
#3590=CARTESIAN_POINT('Ctrl Pts',(127.10101607872,-63.0287158322473,5.24791891658939));
#3591=CARTESIAN_POINT('Origin',(277.738076066592,-57.8034097113031,-6.05));
#3592=CARTESIAN_POINT('',(194.724099490209,-57.8034097113031,16.95));
#3593=CARTESIAN_POINT('',(194.724099490209,-57.8034097113031,9.95));
#3594=CARTESIAN_POINT('',(164.711482872308,-57.8034097113031,16.95));
#3595=CARTESIAN_POINT('',(194.724099490209,-57.8034097113031,16.95));
#3596=CARTESIAN_POINT('',(134.895379840557,-57.8034097113031,9.95));
#3597=CARTESIAN_POINT('Origin',(134.895379840557,-57.8034097113031,76.95));
#3598=CARTESIAN_POINT('',(126.747747342492,-57.8034097113031,9.95));
#3599=CARTESIAN_POINT('Origin',(134.247747342492,-158.214428425387,-6.05));
#3600=CARTESIAN_POINT('',(126.747747342492,-158.214428425387,3.95));
#3601=CARTESIAN_POINT('',(126.747747342492,-158.214428425387,-6.05));
#3602=CARTESIAN_POINT('',(134.247747342492,-165.714428425387,3.95));
#3603=CARTESIAN_POINT('Origin',(134.247747342492,-158.214428425387,3.95));
#3604=CARTESIAN_POINT('',(134.247747342492,-165.714428425387,-6.05));
#3605=CARTESIAN_POINT('Origin',(126.747747342492,-165.714428425387,-6.05));
#3606=CARTESIAN_POINT('',(206.651707088235,-165.714428425387,3.95));
#3607=CARTESIAN_POINT('',(126.747747342492,-165.714428425387,3.95));
#3608=CARTESIAN_POINT('',(209.968331878591,-165.714428425387,4.95));
#3609=CARTESIAN_POINT('Origin',(206.651707088235,-165.714428425387,9.95));
#3610=CARTESIAN_POINT('',(187.663185744566,-165.714428425387,-17.3551461340246));
#3611=CARTESIAN_POINT('Origin',(162.438554366085,-67.9555591236203,13.95));
#3612=CARTESIAN_POINT('',(122.10410962389,-67.9555591236203,3.95));
#3613=CARTESIAN_POINT('',(122.10410962389,-60.8844913117548,6.87893218813453));
#3614=CARTESIAN_POINT('Origin',(122.10410962389,-67.9555591236203,13.95));
#3615=CARTESIAN_POINT('',(126.747747342492,-67.9555591236203,3.95));
#3616=CARTESIAN_POINT('',(162.438554366085,-67.9555591236203,3.95));
#3617=CARTESIAN_POINT('Origin',(126.747747342492,-67.9555591236203,13.95));
#3618=CARTESIAN_POINT('',(126.747747342492,-60.8844913117548,6.87893218813453));
#3619=CARTESIAN_POINT('Ctrl Pts',(127.10101607872,-63.0287158322473,5.24791891658939));
#3620=CARTESIAN_POINT('Ctrl Pts',(127.055166874944,-62.7837737552702,5.38659737949524));
#3621=CARTESIAN_POINT('Ctrl Pts',(127.009653493413,-62.5495020204637,5.53289572524662));
#3622=CARTESIAN_POINT('Ctrl Pts',(126.836728874363,-61.6512835155591,6.14470360343673));
#3623=CARTESIAN_POINT('Ctrl Pts',(126.757594152554,-61.1844054807485,6.58250344729591));
#3624=CARTESIAN_POINT('Ctrl Pts',(126.748087888289,-60.9149226741541,6.84860246112749));
#3625=CARTESIAN_POINT('Ctrl Pts',(126.747747342492,-60.8997357910407,6.86368770884868));
#3626=CARTESIAN_POINT('Ctrl Pts',(126.747747342492,-60.8844913117545,6.87893218813484));
#3627=CARTESIAN_POINT('',(162.438554366085,-60.8844913117548,6.87893218813452));
#3628=CARTESIAN_POINT('Origin',(162.438554366085,-59.8434234998894,7.92));
#3629=CARTESIAN_POINT('',(126.747747342492,-60.7423556880239,7.02106781186548));
#3630=CARTESIAN_POINT('',(126.747747342492,-62.8259200527428,4.93750344714656));
#3631=CARTESIAN_POINT('',(122.10410962389,-60.7423556880239,7.02106781186548));
#3632=CARTESIAN_POINT('',(182.605776737183,-60.7423556880239,7.02106781186548));
#3633=CARTESIAN_POINT('',(122.10410962389,-91.085432795793,-23.3220092959036));
#3634=CARTESIAN_POINT('Origin',(182.605776737183,-53.6712878761584,-0.0500000000000012));
#3635=CARTESIAN_POINT('',(122.10410962389,-57.4284118990763,9.21736311344348));
#3636=CARTESIAN_POINT('Origin',(122.10410962389,-53.6712878761584,-0.0500000000000012));
#3637=CARTESIAN_POINT('',(126.747747342492,-53.6712878761584,9.95));
#3638=CARTESIAN_POINT('Origin',(126.747747342492,-53.6712878761584,-0.0500000000000012));
#3639=CARTESIAN_POINT('',(123.805015948892,-53.6712878761584,9.95));
#3640=CARTESIAN_POINT('',(182.605776737183,-53.6712878761584,9.95));
#3641=CARTESIAN_POINT('Ctrl Pts',(123.805015948892,-53.6712878761584,9.95));
#3642=CARTESIAN_POINT('Ctrl Pts',(123.717076636682,-53.7485065218366,9.95));
#3643=CARTESIAN_POINT('Ctrl Pts',(123.632655951824,-53.8281141831694,9.9491018654969));
#3644=CARTESIAN_POINT('Ctrl Pts',(123.100968170463,-54.3648228317633,9.93631147295353));
#3645=CARTESIAN_POINT('Ctrl Pts',(122.715886432073,-54.9410476689153,9.88897721557491));
#3646=CARTESIAN_POINT('Ctrl Pts',(122.217830826679,-56.176309207934,9.65156828249803));
#3647=CARTESIAN_POINT('Ctrl Pts',(122.10410962389,-56.8344055906288,9.45818192499903));
#3648=CARTESIAN_POINT('Ctrl Pts',(122.10410962389,-57.4284118990763,9.21736311344348));
#3649=CARTESIAN_POINT('Ctrl Pts',(126.747743723211,-60.7423566725171,7.02106642205368));
#3650=CARTESIAN_POINT('Ctrl Pts',(126.747747342492,-60.7423556880239,7.02106781186547));
#3651=CARTESIAN_POINT('Ctrl Pts',(126.747747342493,-60.9221449681085,6.84127853178084));
#3652=CARTESIAN_POINT('Ctrl Pts',(126.747747342492,-61.7619473321641,6.00147616772527));
#3653=CARTESIAN_POINT('Ctrl Pts',(126.747747342492,-62.6539464088707,5.10947709101867));
#3654=CARTESIAN_POINT('Ctrl Pts',(126.747747342492,-63.2405139823927,4.52290951749669));
#3655=CARTESIAN_POINT('Ctrl Pts',(126.747747342492,-59.6845264170338,8.07889708285556));
#3656=CARTESIAN_POINT('Ctrl Pts',(126.882672835734,-59.6845264170338,8.07889708285556));
#3657=CARTESIAN_POINT('Ctrl Pts',(127.155237363533,-59.9107881863957,7.95948743131064));
#3658=CARTESIAN_POINT('Ctrl Pts',(127.495054027032,-60.9599925504206,7.4008374577744));
#3659=CARTESIAN_POINT('Ctrl Pts',(127.576213451169,-62.0497203424503,6.79004174891402));
#3660=CARTESIAN_POINT('Ctrl Pts',(127.566406824538,-62.7496962390849,6.37921038907645));
#3661=CARTESIAN_POINT('Ctrl Pts',(126.747747342492,-57.4116025477683,9.5058435381636));
#3662=CARTESIAN_POINT('Ctrl Pts',(127.173091026383,-57.4116025477683,9.5058435381636));
#3663=CARTESIAN_POINT('Ctrl Pts',(128.027321597797,-57.7028864964228,9.47726535650511));
#3664=CARTESIAN_POINT('Ctrl Pts',(129.22880915823,-59.0500479454944,9.33904382198847));
#3665=CARTESIAN_POINT('Ctrl Pts',(129.725400899804,-60.4521775423272,9.18509121201931));
#3666=CARTESIAN_POINT('Ctrl Pts',(129.898283860578,-61.3516465620197,9.07797637788039));
#3667=CARTESIAN_POINT('Ctrl Pts',(126.747747342492,-54.7932852524405,9.95));
#3668=CARTESIAN_POINT('Ctrl Pts',(127.507449355412,-54.7932852524405,9.95));
#3669=CARTESIAN_POINT('Ctrl Pts',(129.034234224217,-55.1324471243306,9.94969498669249));
#3670=CARTESIAN_POINT('Ctrl Pts',(131.32153978155,-56.7121855458548,9.94987144618551));
#3671=CARTESIAN_POINT('Ctrl Pts',(132.487864003496,-58.381634589167,9.94963700803661));
#3672=CARTESIAN_POINT('Ctrl Pts',(133.032453781868,-59.4725915438495,9.95));
#3673=CARTESIAN_POINT('Ctrl Pts',(126.747747342492,-53.6712878761584,9.95));
#3674=CARTESIAN_POINT('Ctrl Pts',(127.650693905733,-53.6712878761584,9.95));
#3675=CARTESIAN_POINT('Ctrl Pts',(129.466010073501,-54.0308664363307,9.95));
#3676=CARTESIAN_POINT('Ctrl Pts',(132.218342788164,-55.7104711644402,9.95));
#3677=CARTESIAN_POINT('Ctrl Pts',(133.671792531128,-57.4944693178519,9.95000000000001));
#3678=CARTESIAN_POINT('Ctrl Pts',(134.375132024648,-58.667604464896,9.95));
#3679=CARTESIAN_POINT('',(133.811727238852,-57.803409711304,9.95));
#3680=CARTESIAN_POINT('Ctrl Pts',(133.812408321352,-57.8039836867567,9.95));
#3681=CARTESIAN_POINT('Ctrl Pts',(133.22163776553,-56.9695476223474,9.95));
#3682=CARTESIAN_POINT('Ctrl Pts',(131.921787529863,-55.5294989980546,9.95));
#3683=CARTESIAN_POINT('Ctrl Pts',(129.466010073501,-54.0308664363307,9.95));
#3684=CARTESIAN_POINT('Ctrl Pts',(127.650693905733,-53.6712878761584,9.95));
#3685=CARTESIAN_POINT('Ctrl Pts',(126.747747342492,-53.6712878761584,9.95));
#3686=CARTESIAN_POINT('Ctrl Pts',(133.811910169688,-57.803280120222,9.95000000000001));
#3687=CARTESIAN_POINT('Ctrl Pts',(133.814786244834,-57.807341870157,9.95000000000001));
#3688=CARTESIAN_POINT('Ctrl Pts',(133.817660026684,-57.8114053438864,9.95000000000001));
#3689=CARTESIAN_POINT('Ctrl Pts',(133.820531516001,-57.8154705362034,9.95));
#3690=CARTESIAN_POINT('Origin',(126.747747342492,-57.8034097113031,-6.05));
#3691=CARTESIAN_POINT('',(126.747747342492,-57.8034097113031,3.95));
#3692=CARTESIAN_POINT('Origin',(122.10410962389,-170.841460683504,-6.05));
#3693=CARTESIAN_POINT('',(122.10410962389,-57.4284118990763,-6.05));
#3694=CARTESIAN_POINT('',(122.10410962389,-165.841460683504,3.95));
#3695=CARTESIAN_POINT('',(122.10410962389,-165.841460683504,-6.05));
#3696=CARTESIAN_POINT('',(122.10410962389,-170.841460683504,3.95));
#3697=CARTESIAN_POINT('Origin',(134.895379840557,-57.8034097113031,76.95));
#3698=CARTESIAN_POINT('',(134.895379840557,-57.8034097113031,9.95));
#3699=CARTESIAN_POINT('',(164.711482872308,-57.8034097113031,16.95));
#3700=CARTESIAN_POINT('Origin',(237.490763475548,-167.793288672385,14.95));
#3701=CARTESIAN_POINT('',(238.740763475548,-167.793288672385,14.95));
#3702=CARTESIAN_POINT('Origin',(268.490763475548,-167.793288672385,14.95));
#3703=CARTESIAN_POINT('',(269.740763475548,-167.793288672385,14.95));
#3704=CARTESIAN_POINT('Origin',(204.490763475548,-55.793288672385,14.95));
#3705=CARTESIAN_POINT('',(205.740763475548,-55.793288672385,14.95));
#3706=CARTESIAN_POINT('Origin',(253.490763475548,-55.793288672385,14.95));
#3707=CARTESIAN_POINT('',(254.740763475548,-55.793288672385,14.95));
#3708=CARTESIAN_POINT('Origin',(206.651707088235,-159.312738974256,9.95));
#3709=CARTESIAN_POINT('',(206.651707088235,-159.312738974256,3.95));
#3710=CARTESIAN_POINT('',(209.968331878591,-159.312738974256,4.95));
#3711=CARTESIAN_POINT('Origin',(212.468331878591,-159.312738974256,7.45));
#3712=CARTESIAN_POINT('Origin',(127.10410962389,-165.841460683504,-6.05));
#3713=CARTESIAN_POINT('Origin',(127.10410962389,-165.841460683504,3.95));
#3714=CARTESIAN_POINT('Origin',(202.772999108281,-111.63493629129,3.95));
#3715=CARTESIAN_POINT('Origin',(127.10410962389,-57.4284118990763,-6.05));
#3716=CARTESIAN_POINT('Origin',(127.10410962389,-57.4284118990763,9.95));
#3717=CARTESIAN_POINT('Origin',(202.772999108281,-81.5618816864627,9.95));
#3718=CARTESIAN_POINT('Origin',(179.717791181259,-55.1159108051897,16.95));
#3719=CARTESIAN_POINT('',(194.724099490209,-52.4284118990763,16.95));
#3720=CARTESIAN_POINT('Origin',(194.724099490209,-57.8034097113031,9.95));
#3721=CARTESIAN_POINT('Origin',(259.17,-75.73,1.51));
#3722=CARTESIAN_POINT('',(261.523593,-75.73,-0.05));
#3723=CARTESIAN_POINT('Origin',(259.17,-75.73,-0.05));
#3724=CARTESIAN_POINT('',(261.523593,-75.73,1.51));
#3725=CARTESIAN_POINT('Origin',(159.85,-64.01,1.51));
#3726=CARTESIAN_POINT('',(162.203593,-64.01,-0.05));
#3727=CARTESIAN_POINT('Origin',(159.85,-64.01,-0.05));
#3728=CARTESIAN_POINT('',(162.203593,-64.01,1.51));
#3729=CARTESIAN_POINT('Origin',(262.83,-158.64,1.51));
#3730=CARTESIAN_POINT('',(265.183593,-158.64,1.51));
#3731=CARTESIAN_POINT('Origin',(164.01,-136.5,1.51));
#3732=CARTESIAN_POINT('',(166.363593,-136.5,-0.05));
#3733=CARTESIAN_POINT('Origin',(164.01,-136.5,-0.05));
#3734=CARTESIAN_POINT('',(166.363593,-136.5,1.51));
#3735=CARTESIAN_POINT('Origin',(265.940058799667,-154.770298981994,-6.05));
#3736=CARTESIAN_POINT('',(265.940058799667,-153.470298981994,-6.05));
#3737=CARTESIAN_POINT('Origin',(267.240058799667,-153.470298981994,-6.05));
#3738=CARTESIAN_POINT('',(259.636013366294,-153.470298981994,-6.05));
#3739=CARTESIAN_POINT('Origin',(156.849739007529,-111.564958910005,-6.05));
#3740=CARTESIAN_POINT('',(156.849739007529,-110.264958910005,-0.05));
#3741=CARTESIAN_POINT('',(158.149739007529,-111.564958910005,-0.05));
#3742=CARTESIAN_POINT('Origin',(156.849739007529,-111.564958910005,-0.05));
#3743=CARTESIAN_POINT('',(158.149739007529,-111.564958910005,-6.05));
#3744=CARTESIAN_POINT('',(156.849739007529,-110.264958910005,-6.05));
#3745=CARTESIAN_POINT('Origin',(158.149739007529,-118.500938955192,-6.05));
#3746=CARTESIAN_POINT('',(158.149739007529,-117.200938955192,-0.05));
#3747=CARTESIAN_POINT('',(158.149739007529,-118.500938955192,-0.05));
#3748=CARTESIAN_POINT('',(158.149739007529,-117.200938955192,-6.05));
#3749=CARTESIAN_POINT('Origin',(153.807131347339,-114.382948932599,-0.05));
#3750=CARTESIAN_POINT('',(150.76452368715,-110.264958910005,-0.05));
#3751=CARTESIAN_POINT('',(158.149739007529,-110.264958910005,-0.05));
#3752=CARTESIAN_POINT('',(149.464523687149,-111.564958910005,-0.05));
#3753=CARTESIAN_POINT('Origin',(150.76452368715,-111.564958910005,-0.05));
#3754=CARTESIAN_POINT('',(149.464523687149,-117.200938955192,-0.05));
#3755=CARTESIAN_POINT('',(149.464523687149,-110.264958910005,-0.05));
#3756=CARTESIAN_POINT('',(150.76452368715,-118.500938955192,-0.05));
#3757=CARTESIAN_POINT('Origin',(150.76452368715,-117.200938955192,-0.05));
#3758=CARTESIAN_POINT('',(156.849739007529,-118.500938955192,-0.05));
#3759=CARTESIAN_POINT('',(149.464523687149,-118.500938955192,-0.05));
#3760=CARTESIAN_POINT('Origin',(156.849739007529,-117.200938955192,-0.05));
#3761=CARTESIAN_POINT('Origin',(257.745291422636,-77.3069133626308,-6.05));
#3762=CARTESIAN_POINT('',(257.745291422636,-78.6069133626308,-0.05));
#3763=CARTESIAN_POINT('',(256.445291422636,-77.3069133626308,-0.05));
#3764=CARTESIAN_POINT('Origin',(257.745291422636,-77.3069133626308,-0.05));
#3765=CARTESIAN_POINT('',(256.445291422636,-77.3069133626308,-6.05));
#3766=CARTESIAN_POINT('',(257.745291422636,-78.6069133626308,-6.05));
#3767=CARTESIAN_POINT('Origin',(259.273022234809,-75.7419755660875,-0.05));
#3768=CARTESIAN_POINT('',(260.800753046981,-78.6069133626308,-0.05));
#3769=CARTESIAN_POINT('',(262.100753046981,-78.6069133626308,-0.05));
#3770=CARTESIAN_POINT('',(262.100753046981,-77.3069133626308,-0.05));
#3771=CARTESIAN_POINT('Origin',(260.800753046981,-77.3069133626308,-0.05));
#3772=CARTESIAN_POINT('',(262.100753046981,-74.1770377695442,-0.05));
#3773=CARTESIAN_POINT('',(262.100753046981,-72.8770377695442,-0.05));
#3774=CARTESIAN_POINT('',(260.800753046981,-72.8770377695442,-0.05));
#3775=CARTESIAN_POINT('Origin',(260.800753046981,-74.1770377695442,-0.05));
#3776=CARTESIAN_POINT('',(257.745291422636,-72.8770377695442,-0.05));
#3777=CARTESIAN_POINT('',(256.445291422636,-72.8770377695442,-0.05));
#3778=CARTESIAN_POINT('',(256.445291422636,-74.1770377695442,-0.05));
#3779=CARTESIAN_POINT('Origin',(257.745291422636,-74.1770377695442,-0.05));
#3780=CARTESIAN_POINT('',(256.445291422636,-78.6069133626308,-0.05));
#3781=CARTESIAN_POINT('Origin',(256.445291422636,-78.6069133626308,-6.05));
#3782=CARTESIAN_POINT('',(260.800753046981,-78.6069133626308,-6.05));
#3783=CARTESIAN_POINT('Origin',(260.800753046981,-77.3069133626308,-6.05));
#3784=CARTESIAN_POINT('',(262.100753046981,-77.3069133626308,-6.05));
#3785=CARTESIAN_POINT('Origin',(257.745291422636,-74.1770377695442,-6.05));
#3786=CARTESIAN_POINT('',(257.745291422636,-72.8770377695442,-6.05));
#3787=CARTESIAN_POINT('',(256.445291422636,-74.1770377695442,-6.05));
#3788=CARTESIAN_POINT('Origin',(262.100753046981,-72.8770377695442,-6.05));
#3789=CARTESIAN_POINT('',(260.800753046981,-72.8770377695442,-6.05));
#3790=CARTESIAN_POINT('Origin',(260.800753046981,-74.1770377695442,-6.05));
#3791=CARTESIAN_POINT('',(262.100753046981,-74.1770377695442,-6.05));
#3792=CARTESIAN_POINT('Origin',(167.781130703869,-132.978507027492,-6.05));
#3793=CARTESIAN_POINT('',(167.781130703869,-131.678507027492,-0.05));
#3794=CARTESIAN_POINT('',(169.081130703869,-132.978507027492,-0.05));
#3795=CARTESIAN_POINT('Origin',(167.781130703869,-132.978507027492,-0.05));
#3796=CARTESIAN_POINT('',(169.081130703869,-132.978507027492,-6.05));
#3797=CARTESIAN_POINT('',(167.781130703869,-131.678507027492,-6.05));
#3798=CARTESIAN_POINT('Origin',(164.32672404142,-136.170859779413,-0.05));
#3799=CARTESIAN_POINT('',(160.87231737897,-131.678507027492,-0.05));
#3800=CARTESIAN_POINT('',(169.081130703869,-131.678507027492,-0.05));
#3801=CARTESIAN_POINT('',(159.57231737897,-132.978507027492,-0.05));
#3802=CARTESIAN_POINT('Origin',(160.87231737897,-132.978507027492,-0.05));
#3803=CARTESIAN_POINT('',(159.57231737897,-139.363212531333,-0.05));
#3804=CARTESIAN_POINT('',(159.57231737897,-131.678507027492,-0.05));
#3805=CARTESIAN_POINT('',(160.87231737897,-140.663212531333,-0.05));
#3806=CARTESIAN_POINT('Origin',(160.87231737897,-139.363212531333,-0.05));
#3807=CARTESIAN_POINT('',(167.781130703869,-140.663212531333,-0.05));
#3808=CARTESIAN_POINT('',(159.57231737897,-140.663212531333,-0.05));
#3809=CARTESIAN_POINT('',(169.081130703869,-139.363212531333,-0.05));
#3810=CARTESIAN_POINT('Origin',(167.781130703869,-139.363212531333,-0.05));
#3811=CARTESIAN_POINT('',(169.081130703869,-140.663212531333,-0.05));
#3812=CARTESIAN_POINT('Origin',(169.081130703869,-131.678507027492,-6.05));
#3813=CARTESIAN_POINT('',(160.87231737897,-131.678507027492,-6.05));
#3814=CARTESIAN_POINT('Origin',(161.791327034641,-61.4003531802268,-6.05));
#3815=CARTESIAN_POINT('',(161.791327034641,-60.1003531802267,-0.05));
#3816=CARTESIAN_POINT('',(163.091327034641,-61.4003531802268,-0.05));
#3817=CARTESIAN_POINT('Origin',(161.791327034641,-61.4003531802268,-0.05));
#3818=CARTESIAN_POINT('',(163.091327034641,-61.4003531802268,-6.05));
#3819=CARTESIAN_POINT('',(161.791327034641,-60.1003531802267,-6.05));
#3820=CARTESIAN_POINT('Origin',(159.57231737897,-63.6942353817631,-0.05));
#3821=CARTESIAN_POINT('',(157.353307723299,-60.1003531802267,-0.05));
#3822=CARTESIAN_POINT('',(163.091327034641,-60.1003531802267,-0.05));
#3823=CARTESIAN_POINT('',(156.053307723299,-61.4003531802267,-0.05));
#3824=CARTESIAN_POINT('Origin',(157.353307723299,-61.4003531802267,-0.05));
#3825=CARTESIAN_POINT('',(156.053307723299,-65.9881175832994,-0.05));
#3826=CARTESIAN_POINT('',(156.053307723299,-60.1003531802267,-0.05));
#3827=CARTESIAN_POINT('',(157.353307723299,-67.2881175832994,-0.05));
#3828=CARTESIAN_POINT('Origin',(157.353307723299,-65.9881175832994,-0.05));
#3829=CARTESIAN_POINT('',(161.791327034641,-67.2881175832994,-0.05));
#3830=CARTESIAN_POINT('',(156.053307723299,-67.2881175832994,-0.05));
#3831=CARTESIAN_POINT('',(163.091327034641,-65.9881175832994,-0.05));
#3832=CARTESIAN_POINT('Origin',(161.791327034641,-65.9881175832994,-0.05));
#3833=CARTESIAN_POINT('',(163.091327034641,-67.2881175832994,-0.05));
#3834=CARTESIAN_POINT('Origin',(163.091327034641,-60.1003531802267,-6.05));
#3835=CARTESIAN_POINT('',(157.353307723299,-60.1003531802267,-6.05));
#3836=CARTESIAN_POINT('Origin',(157.353307723299,-61.4003531802267,-6.05));
#3837=CARTESIAN_POINT('',(156.053307723299,-61.4003531802267,-6.05));
#3838=CARTESIAN_POINT('Origin',(161.791327034641,-65.9881175832994,-6.05));
#3839=CARTESIAN_POINT('',(161.791327034641,-67.2881175832994,-6.05));
#3840=CARTESIAN_POINT('',(163.091327034641,-65.9881175832994,-6.05));
#3841=CARTESIAN_POINT('Origin',(156.053307723299,-67.2881175832994,-6.05));
#3842=CARTESIAN_POINT('',(157.353307723299,-67.2881175832994,-6.05));
#3843=CARTESIAN_POINT('Origin',(157.353307723299,-65.9881175832994,-6.05));
#3844=CARTESIAN_POINT('',(156.053307723299,-65.9881175832994,-6.05));
#3845=CARTESIAN_POINT('Origin',(150.76452368715,-111.564958910005,-6.05));
#3846=CARTESIAN_POINT('',(150.76452368715,-110.264958910005,-6.05));
#3847=CARTESIAN_POINT('',(149.464523687149,-111.564958910005,-6.05));
#3848=CARTESIAN_POINT('Origin',(149.464523687149,-110.264958910005,-6.05));
#3849=CARTESIAN_POINT('',(149.464523687149,-117.200938955192,-6.05));
#3850=CARTESIAN_POINT('Origin',(150.76452368715,-117.200938955192,-6.05));
#3851=CARTESIAN_POINT('',(150.76452368715,-118.500938955192,-6.05));
#3852=CARTESIAN_POINT('Origin',(156.849739007529,-117.200938955192,-6.05));
#3853=CARTESIAN_POINT('',(156.849739007529,-118.500938955192,-6.05));
#3854=CARTESIAN_POINT('Origin',(160.87231737897,-132.978507027492,-6.05));
#3855=CARTESIAN_POINT('',(159.57231737897,-132.978507027492,-6.05));
#3856=CARTESIAN_POINT('Origin',(160.87231737897,-139.363212531333,-6.05));
#3857=CARTESIAN_POINT('',(159.57231737897,-139.363212531333,-6.05));
#3858=CARTESIAN_POINT('',(160.87231737897,-140.663212531333,-6.05));
#3859=CARTESIAN_POINT('Origin',(159.57231737897,-140.663212531333,-6.05));
#3860=CARTESIAN_POINT('',(167.781130703869,-140.663212531333,-6.05));
#3861=CARTESIAN_POINT('Origin',(167.781130703869,-139.363212531333,-6.05));
#3862=CARTESIAN_POINT('',(169.081130703869,-139.363212531333,-6.05));
#3863=CARTESIAN_POINT('Origin',(169.081130703869,-140.663212531333,-6.05));
#3864=CARTESIAN_POINT('Origin',(259.636013366294,-154.770298981994,-6.05));
#3865=CARTESIAN_POINT('',(258.336013366294,-154.770298981994,-6.05));
#3866=CARTESIAN_POINT('Origin',(258.336013366294,-162.788486063431,-6.05));
#3867=CARTESIAN_POINT('',(259.636013366294,-162.788486063431,-6.05));
#3868=CARTESIAN_POINT('Origin',(259.636013366294,-161.488486063431,-6.05));
#3869=CARTESIAN_POINT('',(258.336013366294,-161.488486063431,-6.05));
#3870=CARTESIAN_POINT('Origin',(258.336013366294,-153.470298981994,-6.05));
#3871=CARTESIAN_POINT('Origin',(163.091327034641,-67.2881175832994,-6.05));
#3872=CARTESIAN_POINT('Origin',(156.053307723299,-60.1003531802267,-6.05));
#3873=CARTESIAN_POINT('Origin',(159.57231737897,-131.678507027492,-6.05));
#3874=CARTESIAN_POINT('Origin',(256.445291422636,-72.8770377695442,-6.05));
#3875=CARTESIAN_POINT('Origin',(262.100753046981,-78.6069133626308,-6.05));
#3876=CARTESIAN_POINT('Origin',(158.149739007529,-110.264958910005,-6.05));
#3877=CARTESIAN_POINT('Origin',(149.464523687149,-118.500938955192,-6.05));
#3878=UNCERTAINTY_MEASURE_WITH_UNIT(LENGTH_MEASURE(0.01),#3882,
'DISTANCE_ACCURACY_VALUE',
'Maximum model space distance between geometric entities at asserted c
onnectivities');
#3879=UNCERTAINTY_MEASURE_WITH_UNIT(LENGTH_MEASURE(0.01),#3882,
'DISTANCE_ACCURACY_VALUE',
'Maximum model space distance between geometric entities at asserted c
onnectivities');
#3880=(
GEOMETRIC_REPRESENTATION_CONTEXT(3)
GLOBAL_UNCERTAINTY_ASSIGNED_CONTEXT((#3878))
GLOBAL_UNIT_ASSIGNED_CONTEXT((#3882,#3883,#3884))
REPRESENTATION_CONTEXT('','3D')
);
#3881=(
GEOMETRIC_REPRESENTATION_CONTEXT(3)
GLOBAL_UNCERTAINTY_ASSIGNED_CONTEXT((#3879))
GLOBAL_UNIT_ASSIGNED_CONTEXT((#3882,#3883,#3884))
REPRESENTATION_CONTEXT('','3D')
);
#3882=(
LENGTH_UNIT()
NAMED_UNIT(*)
SI_UNIT(.MILLI.,.METRE.)
);
#3883=(
NAMED_UNIT(*)
PLANE_ANGLE_UNIT()
SI_UNIT($,.RADIAN.)
);
#3884=(
NAMED_UNIT(*)
SI_UNIT($,.STERADIAN.)
SOLID_ANGLE_UNIT()
);
#3885=SHAPE_DEFINITION_REPRESENTATION(#3886,#3887);
#3886=PRODUCT_DEFINITION_SHAPE('',$,#3889);
#3887=SHAPE_REPRESENTATION('',(#2261),#3880);
#3888=PRODUCT_DEFINITION_CONTEXT('part definition',#3893,'design');
#3889=PRODUCT_DEFINITION('Final assembly','Final assembly',#3890,#3888);
#3890=PRODUCT_DEFINITION_FORMATION('',$,#3895);
#3891=PRODUCT_RELATED_PRODUCT_CATEGORY('Final assembly',
'Final assembly',(#3895));
#3892=APPLICATION_PROTOCOL_DEFINITION('international standard',
'automotive_design',2009,#3893);
#3893=APPLICATION_CONTEXT(
'Core Data for Automotive Mechanical Design Process');
#3894=PRODUCT_CONTEXT('part definition',#3893,'mechanical');
#3895=PRODUCT('Final assembly','Final assembly',$,(#3894));
#3896=PRESENTATION_STYLE_ASSIGNMENT((#3898));
#3897=PRESENTATION_STYLE_ASSIGNMENT((#3899));
#3898=SURFACE_STYLE_USAGE(.BOTH.,#3900);
#3899=SURFACE_STYLE_USAGE(.BOTH.,#3901);
#3900=SURFACE_SIDE_STYLE('',(#3902));
#3901=SURFACE_SIDE_STYLE('',(#3903));
#3902=SURFACE_STYLE_FILL_AREA(#3904);
#3903=SURFACE_STYLE_FILL_AREA(#3905);
#3904=FILL_AREA_STYLE('Steel - Satin',(#3906));
#3905=FILL_AREA_STYLE('Brass - Polished',(#3907));
#3906=FILL_AREA_STYLE_COLOUR('Steel - Satin',#3908);
#3907=FILL_AREA_STYLE_COLOUR('Brass - Polished',#3909);
#3908=COLOUR_RGB('Steel - Satin',0.627450980392157,0.627450980392157,0.627450980392157);
#3909=COLOUR_RGB('Brass - Polished',0.952941176470588,0.796078431372549,
0.486274509803922);
ENDSEC;
END-ISO-10303-21;
